Power_On_Hours,Wear_Leveling_Count,Temperature,Reallocated_Sector_Ct,Media_Errors,Host_Writes,Write_Amplification,Bad_Block_Count,days_to_failure,health_status
17615,38,35.14060764947431,11,0,182018,2.022074263967578,0,2204,Healthy
15511,27,34.483528064956786,0,0,160271,1.8829175903977977,0,2544,Healthy
29742,58,32.92287643809087,15,3,289851,2.4767259832199864,2,1471,Healthy
45460,92,32.988985770932715,60,1,441378,3.5126732523707798,28,336,Critical
3415,5,34.7534271046876,0,0,35440,1.1951207941934854,0,3344,Healthy
37338,71,35.7440098011538,19,8,359711,2.9853861247697053,2,953,Degrading
37315,73,32.106912400803225,15,8,372759,3.323102296421855,9,1088,Degrading
20456,42,32.78037343125615,2,0,211573,2.3402750601987234,8,2073,Healthy
11227,22,34.79522331254025,12,1,117544,2.0463678404390113,1,2805,Healthy
6175,10,23.782944504616175,3,1,55077,1.4282123846441623,0,3235,Healthy
6446,11,32.2733478238106,0,0,73972,1.495953257431879,0,3180,Healthy
851,3,42.68508003597176,0,1,18096,1.0584817608624255,5,3537,Healthy
11080,26,39.40240196931494,14,0,119587,1.6954073635403337,4,2833,Healthy
1702,0,30.5086931633087,0,2,0,1.5514564533231483,0,3579,Healthy
45877,93,44.46623923737892,69,19,487738,3.4468358541306285,26,231,Critical
18651,35,34.97701911229254,3,2,167804,2.119474675963853,2,2353,Healthy
427,0,35.29735280006651,13,3,0,1.062418074682761,0,3654,Healthy
43729,86,47.97619901821152,35,4,415716,3.1598964692423572,16,560,Degrading
45811,90,52.59257634707984,52,3,445677,3.2375132627295584,26,395,Critical
8718,17,35.34110926453095,5,0,80087,1.3398072535804495,0,3029,Healthy
9184,17,34.845302159865966,17,1,76657,1.8352165684877064,0,3057,Healthy
36190,67,32.335715640295476,18,5,356392,3.7267565080987177,9,1120,Degrading
35330,70,31.25684191427696,0,4,342424,2.9469899647363347,3,1034,Degrading
29898,58,41.35308559052694,6,0,288263,2.8130027012094616,0,1499,Healthy
4973,8,37.333994666444596,8,0,30261,1.5388082517205097,0,3448,Healthy
2253,8,35.113339784273265,0,0,34478,1.2654751068409225,8,3375,Healthy
33387,69,29.967814936497827,28,0,317299,2.8030150495529944,14,1239,Degrading
22740,46,28.49580179798141,19,0,232335,2.409827542408632,8,1878,Healthy
25561,52,34.019074956643124,3,4,252829,2.078365249952488,8,1795,Healthy
29392,54,38.39775392558223,7,0,270727,2.465441786358071,0,1683,Healthy
6860,14,32.99171783592892,6,0,67849,1.6057594711471554,0,3165,Healthy
37600,78,36.7531663452505,20,10,396460,3.3037343290551195,16,816,Degrading
15763,33,31.845293698863404,0,9,170677,1.6417149825494861,0,2517,Healthy
36422,76,40.6654728406982,19,0,376945,2.9455039812917776,13,899,Degrading
18159,37,31.34263309100799,3,3,184182,2.3081583990619814,0,2349,Healthy
5535,8,38.21178825173445,8,0,41560,1.2082459188191101,0,3336,Healthy
4086,7,33.0264651758204,1,0,19710,1.27211794187836,2,3446,Healthy
50631,99,36.06459904191567,104,21,510993,3.874266155515292,53,2,Critical
29104,60,28.578895823869196,13,0,278606,2.8673058606113457,0,1459,Healthy
41052,79,40.59754605460201,16,15,418691,3.1406524188464306,4,720,Degrading
48771,97,27.43782097156737,79,16,484402,3.676663856336447,37,155,Critical
47550,93,42.56190696056178,63,13,473585,3.6648020915178194,34,167,Critical
30078,61,37.39295083499452,28,2,324576,2.7793151817262016,9,1424,Degrading
20340,41,40.877986449785716,0,3,212325,1.85695926824637,0,2116,Healthy
45408,86,36.60801446472374,69,16,455386,3.4574530845073834,27,341,Critical
47336,93,39.354725555290834,82,21,493682,3.462105480948222,36,41,Critical
46894,89,36.73446674560678,48,6,442803,3.155153250918525,21,378,Critical
32236,67,37.97384783996476,11,2,351339,3.077488613582874,3,1112,Degrading
20897,36,30.5721001144711,0,4,175356,2.1319043688920205,5,2268,Healthy
22450,41,35.49144184757066,0,0,217240,2.1022213163357577,9,2043,Healthy
38584,78,49.763359403535325,35,3,410406,3.0953142585588633,7,811,Degrading
27229,54,38.52262923014197,0,0,279465,2.4541476077363167,2,1541,Healthy
20910,40,35.29059019369533,4,0,199872,2.3316553894002294,1,2213,Healthy
15618,26,35.652784279568635,0,0,123714,1.909564723482987,1,2600,Healthy
13292,29,46.80519264984781,0,0,140240,1.8011826473213626,4,2629,Healthy
30553,54,31.971911128726056,12,0,301530,2.5682998141764464,3,1471,Healthy
28603,57,32.772150868177874,11,0,284045,2.744879413542535,7,1486,Healthy
44220,90,36.73162854302332,26,4,419892,3.3226986552245092,20,498,Critical
11371,24,36.78418105054423,1,0,118975,1.8135706138911587,3,2776,Healthy
39300,80,49.29371618172494,27,7,392418,3.0150940992827815,15,726,Degrading
3186,4,28.59769067849302,8,6,12319,1.1983494983495533,0,3556,Healthy
33030,64,45.7954553916433,1,0,302786,3.1020779445110795,7,1308,Degrading
7848,20,30.51928293281004,0,9,82578,1.6267507151867882,2,3097,Healthy
29195,63,33.51107208167264,0,1,303914,2.9356259196513292,0,1481,Degrading
3809,4,34.808848833371655,0,0,33662,1.5909292063702214,0,3405,Healthy
22361,44,33.160777312588586,0,0,223910,2.470340063294417,10,2032,Healthy
0,2,26.13539171175701,0,0,8129,1.0972228989240926,0,3578,Healthy
45576,88,36.24624818820518,53,8,441898,3.4664217691401635,21,417,Critical
24141,49,29.356260866901117,5,2,259646,2.4810000799664578,4,1760,Healthy
19110,42,40.44511718595176,8,0,199121,2.3197103399908245,0,2179,Healthy
5785,8,32.16767395336888,2,8,39649,1.317156818274864,0,3236,Healthy
46398,88,44.171763239954196,44,3,430769,3.552881267961565,15,444,Critical
25848,54,40.379585259383475,4,0,289484,3.011165859816565,5,1616,Healthy
41328,83,40.087210894801345,29,3,419423,3.091651036475241,17,551,Degrading
32101,66,44.616871109348025,25,0,330813,2.7969306728656207,8,1283,Degrading
0,5,26.840940601983224,2,0,17367,1.036082697567993,0,3438,Healthy
36526,68,47.59703233566816,12,4,361313,3.119128135826885,0,1025,Degrading
29183,61,32.452546363539454,6,10,292151,3.0545968338916087,6,1454,Healthy
38883,81,29.179824145334592,38,0,397445,3.411453433027788,12,756,Degrading
33557,67,38.88373406324936,9,0,333687,2.8884959542094157,6,1207,Degrading
46221,91,44.80023016355613,59,9,466609,3.2076887594972128,28,277,Critical
37516,72,35.049012423916736,30,4,372701,2.7148048542145093,8,1031,Degrading
12361,23,38.44544950049362,0,0,91633,1.9663641889136172,1,2749,Healthy
35120,72,35.96689997158637,4,0,358749,2.890396240951403,7,964,Degrading
18145,39,33.01465120586374,0,12,185524,2.3942372007759314,8,2200,Healthy
8900,16,28.98789472425381,0,6,102469,1.5271708212638753,0,3019,Healthy
40086,80,49.94521307506972,39,2,409563,3.167075807456672,16,688,Degrading
28626,54,31.517087483399127,0,0,275097,2.936054999226406,0,1646,Healthy
39079,83,44.54020953025187,42,14,414285,3.00013803158911,19,550,Critical
33228,67,39.12088850212074,20,8,343047,2.975871564163992,3,1251,Degrading
16066,34,35.44245131652142,5,0,167593,2.2013476748230647,0,2427,Healthy
13080,27,43.4143094271689,0,1,132395,2.164999608613094,0,2710,Healthy
31806,64,35.394356959524025,4,0,318057,2.419562952638729,8,1326,Degrading
43704,86,40.601427436846365,60,9,430216,3.755073429269059,11,402,Critical
8829,18,37.24550415905093,13,0,70342,1.5861414929175792,3,3015,Healthy
15370,27,33.95884927010016,0,2,124592,2.174290926686327,0,2682,Healthy
48679,96,43.22051198539532,94,18,490171,3.431609814278194,37,153,Critical
24567,46,43.819925679679585,2,0,242042,2.267595547286399,5,1872,Healthy
15241,30,32.23844519575115,0,12,150222,2.180609201802066,0,2528,Healthy
2459,2,30.157631472773673,0,0,34843,1.4745195214860272,0,3506,Healthy
15446,32,31.918682424032976,0,0,155911,2.0552353276093065,0,2488,Healthy
10630,22,36.62467085701194,1,0,107057,1.7790726876963752,4,2938,Healthy
17087,35,32.404736292586406,14,2,191550,1.974721157992569,1,2380,Healthy
38955,78,48.608336864484116,42,7,395229,3.19825253319985,14,736,Degrading
4700,6,35.38637951143487,8,0,27083,1.0681346501688451,10,3383,Healthy
45451,86,43.15253206824997,51,1,451477,3.6595763660336416,16,473,Critical
36115,70,28.905793596632076,14,2,368536,2.5426771232423806,8,1002,Degrading
19873,36,39.71494930341021,0,2,195071,2.273112007074026,1,2184,Healthy
16590,36,36.61465281684784,0,0,173708,2.2119237430752228,6,2456,Healthy
40193,82,39.2506473246331,25,5,402119,3.206730935073165,16,710,Degrading
1836,1,29.4434634707732,4,0,19764,1.326227370395527,2,3502,Healthy
26865,55,34.45801214501663,14,0,263925,2.2783069588133946,0,1825,Healthy
43954,84,38.52698436591716,63,13,437147,3.2805714704218043,19,487,Critical
34274,68,31.050109294120052,27,0,341283,2.740428294439245,5,1190,Degrading
43878,89,41.52954944283892,47,0,426039,3.586267651373151,21,493,Critical
22414,43,34.98371541548704,0,0,206828,2.000948110513473,9,2034,Healthy
17875,38,27.419854394472665,0,1,187277,2.3893282261791566,8,2164,Healthy
42483,81,50.08804935867196,28,0,441892,3.8462846051974173,25,515,Critical
40396,82,37.18537394823856,35,6,396989,3.058349823537883,8,711,Degrading
26340,55,27.53910974863666,0,5,259755,2.5029765616887314,4,1653,Healthy
10918,18,32.6167645119505,0,7,89967,1.5378032182002332,0,3001,Healthy
30219,60,36.219076657482724,0,0,286779,3.053944899003216,0,1433,Degrading
39829,76,46.9031203859319,15,6,382442,3.5958529139366693,4,816,Degrading
42404,85,37.97886727676516,42,8,441037,3.7990972941763417,15,459,Critical
30038,59,38.01747242376067,0,0,278107,2.8814676286578536,8,1489,Healthy
28385,57,34.765967369552286,0,0,282700,2.4011792391635716,3,1515,Healthy
2758,8,35.831440205862414,1,2,54984,1.1345107576082738,0,3424,Healthy
38479,71,37.02765971410393,22,4,370712,2.842491556982242,8,940,Degrading
6417,9,37.536811869686694,0,0,34266,1.4562904753114707,4,3299,Healthy
32406,62,34.690274559015094,9,1,318873,2.9503046833658164,0,1333,Degrading
4469,10,26.635933970942226,0,10,32506,1.5863716115087065,0,3337,Healthy
42569,85,38.01980131149524,47,6,428386,3.392901955601942,13,572,Critical
2858,7,25.626313248731037,13,0,42164,1.3572689021581261,1,3428,Healthy
37940,76,31.08891684727915,10,3,376309,3.0746302416603997,9,874,Degrading
46488,95,25.216865585568577,89,17,474978,3.722577945219675,29,95,Critical
3484,5,38.06712695535644,1,0,24540,1.2928801304790447,0,3431,Healthy
23936,52,37.59185620697494,26,0,252621,2.447853824203313,6,1775,Healthy
19535,42,37.937073326802505,0,0,201602,2.313685182402827,0,2143,Healthy
0,1,20.320417704969774,20,0,5659,1.463945480973106,0,3536,Healthy
19278,42,32.898144399941025,0,5,191181,2.5513926391344754,4,2195,Healthy
1832,5,37.437103514649046,12,1,27208,1.1679671854519758,0,3474,Healthy
36934,77,38.05701434262854,13,5,355245,2.8492616141015836,14,938,Degrading
32617,65,38.02642374123811,3,0,339481,2.9748527478327595,11,1198,Degrading
5566,14,33.99501422859736,4,10,54258,1.6890340710147635,0,3214,Healthy
29866,59,31.555543908647905,9,4,289107,2.5371013946069834,0,1472,Healthy
28699,60,34.745329325500656,10,6,315074,2.615733468522526,2,1421,Degrading
38965,75,41.993413689117155,27,0,382549,3.1528597560350327,9,891,Degrading
36213,71,40.19161919362842,28,4,366078,3.3553927638902867,8,1078,Degrading
16688,31,34.618745315054255,9,0,153555,1.8937775204986693,0,2588,Healthy
48663,98,35.66549724244714,97,22,512604,3.7584591843380046,36,43,Critical
18047,38,26.304562859452865,0,0,169488,1.9250243283925494,0,2370,Healthy
29990,56,27.126399281963963,0,8,291003,3.1942506926006105,0,1490,Healthy
30860,61,43.95448378059601,15,0,298270,2.6485509087853814,9,1566,Healthy
34734,70,44.46445975268547,2,2,346672,2.5958950134376773,6,1063,Degrading
30101,60,45.29128185898554,0,0,301729,2.9250451011976684,1,1502,Healthy
27451,57,30.279606442176927,7,0,297116,2.6399028848957617,0,1456,Healthy
43267,88,37.766747241238825,58,3,435848,3.422962901203642,17,378,Critical
36314,71,39.63895356689908,6,5,372414,3.2691572164078533,7,981,Degrading
13440,25,28.415649684073415,0,0,146533,1.749048602897373,0,2697,Healthy
19423,42,32.704318240416,2,3,189922,2.1219284710325073,4,2111,Healthy
8571,24,32.380943230393115,3,0,95896,1.6098926585228794,0,2945,Healthy
27611,54,35.92062713206511,9,4,282375,2.5296514028896477,0,1604,Healthy
21648,45,32.34110532001715,22,9,218806,2.203599583111805,1,2019,Healthy
23019,44,30.59643874271831,0,0,230846,2.6730353856863074,2,1966,Healthy
43618,88,40.38317822317074,46,9,432432,3.415624051577472,24,410,Critical
32833,64,42.310029593226716,11,0,337582,2.7083214447029365,14,1285,Degrading
40661,79,31.883568539562855,27,10,405520,3.361546866871608,9,729,Degrading
49659,97,37.816972410942235,88,20,512385,3.4452970989372007,39,102,Critical
48621,96,45.4149335672389,101,10,481010,3.6243614364560672,34,173,Critical
44736,89,37.13674906612458,54,8,446813,3.6891646396660973,16,434,Critical
23392,49,34.25583339154721,0,0,245510,2.4870831822444397,0,1913,Healthy
16986,38,31.86781176976497,13,8,183953,1.9835294664118068,2,2379,Healthy
32079,61,42.31479210459748,0,0,322313,2.6835162976422495,7,1376,Degrading
26645,49,31.73782267882627,8,1,259833,2.579474308892165,5,1812,Healthy
13287,27,27.77130664683437,2,0,107373,1.8788828292205575,5,2707,Healthy
5472,10,30.65453952174235,3,1,62454,1.3897042092018206,2,3238,Healthy
38586,74,40.836521966902595,15,6,370523,2.9027639943790136,9,841,Degrading
29621,57,30.644560235081624,16,10,298134,2.6621293661063947,3,1500,Healthy
3529,8,31.96218672936086,6,3,58695,0.99709579256209,0,3461,Healthy
29744,59,40.78360704616601,22,8,317361,2.8532340757522077,3,1404,Degrading
4954,5,33.16341932664297,1,7,58223,1.9187387918366217,0,3266,Healthy
17908,34,33.43334694680932,0,0,166863,2.0880116184871076,0,2352,Healthy
10144,20,37.49232369974962,0,2,130804,1.792951586648713,0,2871,Healthy
30658,61,32.19053587716057,18,2,327545,2.7305341275315786,0,1352,Degrading
21922,41,38.078389595405426,17,5,205490,2.2835439792785897,0,2089,Healthy
19534,34,30.242622234237693,0,0,190606,2.1749675842042024,0,2229,Healthy
48312,96,45.29813264238884,55,15,478452,3.6306219915651794,33,214,Critical
6362,14,30.380786951571878,0,0,65581,1.573911789711867,0,3100,Healthy
18013,36,35.78656605026048,9,9,164128,1.8691482418469019,0,2389,Healthy
41352,80,39.285412599039624,25,10,407125,2.846244456648245,18,686,Degrading
34292,73,35.789584076312195,1,0,348491,2.9738803607065027,5,1032,Degrading
4798,3,26.687768555995568,9,8,23512,1.2607868702885487,0,3396,Healthy
34367,66,36.91020510901934,7,2,348229,2.701056493844423,4,1083,Degrading
44649,91,37.331734381384756,66,12,448968,3.539751342703257,15,330,Critical
27253,51,43.27814927806176,6,0,282981,2.340838617054773,0,1636,Healthy
47455,92,43.40372513925174,75,17,503949,3.4321665463487334,22,113,Critical
49984,100,49.74194024980222,116,17,484165,3.678592118345075,39,0,Critical
48442,96,41.9787543304823,96,16,485094,3.531742404429426,36,120,Critical
13663,25,32.69031657418778,4,1,148342,1.5998076462202544,0,2662,Healthy
18601,34,49.554147736530254,12,1,192721,2.223462082029101,3,2258,Healthy
29842,56,35.05901788758727,15,13,288687,3.025235106747261,1,1585,Healthy
7822,11,24.446260470136565,0,4,76748,1.6387049075397633,3,3174,Healthy
37445,72,40.89027559907655,29,7,374734,2.8977794285696623,9,922,Degrading
20353,39,33.35283695674672,0,0,184835,2.261516319055665,0,2137,Healthy
39546,79,37.13833357985983,18,0,389623,3.3608726985810287,8,745,Degrading
46006,90,29.041798199291204,63,5,453654,3.5207528929228813,30,303,Critical
6153,14,42.166650931524906,0,0,63351,1.2862310326529105,4,3226,Healthy
40757,82,51.83788527008059,31,3,401723,2.856081087903477,8,703,Degrading
30851,62,41.071058866124744,0,0,326034,2.7192991622453744,0,1373,Degrading
15179,31,34.10142873268916,9,0,160578,1.9627254433763586,1,2488,Healthy
26259,46,37.54935881080934,0,1,247590,2.223457697723824,6,1853,Healthy
31922,64,34.1905458905021,9,5,307636,2.351136863062342,1,1262,Degrading
19725,36,31.714821760762177,6,0,205944,2.069929187822738,2,2329,Healthy
16367,30,28.44275700393078,0,5,135756,2.2667882845807745,0,2591,Healthy
43632,86,30.182909443197257,52,2,433769,3.3819303309507918,8,424,Critical
27346,59,34.63686260301548,6,4,285757,2.9106935261979783,6,1499,Healthy
25827,52,40.11722772222877,0,0,263203,2.700973953006948,0,1767,Healthy
23576,42,30.437472466134487,1,0,227239,2.6772834306545326,1,1985,Healthy
47932,94,36.31702927519407,78,17,471442,3.68557472032706,41,145,Critical
31428,66,31.284076112497942,0,0,315637,2.883158442798588,9,1326,Degrading
34296,70,37.26652307772003,20,3,337597,2.863315821776321,7,1092,Degrading
22365,41,42.26381721050824,0,0,225539,2.466872829960797,0,1986,Healthy
21133,44,35.183680930888194,2,3,212686,2.2978259255861593,4,2052,Healthy
34673,73,30.716946964364222,5,6,374006,3.066950608187142,5,1028,Degrading
1070,0,33.233510854999004,0,0,0,1.316510536367917,3,3612,Healthy
585,7,29.056569132722665,0,0,22026,1.2366795744695405,0,3583,Healthy
19870,39,34.427182334835614,7,6,190306,2.2624409610213836,0,2258,Healthy
10775,24,27.63429203195184,0,3,121258,1.917879878328264,10,2725,Healthy
25029,53,39.06335328923349,0,8,254295,2.419567679180748,0,1776,Healthy
7981,20,29.757550009128217,0,1,97435,1.7461986953757092,6,2938,Healthy
37603,77,38.25858117875531,32,2,368895,3.2658543997057707,0,813,Degrading
14173,31,27.29545494675699,7,2,134713,1.8243433501704374,6,2511,Healthy
40378,79,45.46645404024606,13,3,410675,3.602381627950379,15,683,Degrading
28619,59,28.322326296342023,16,0,288046,2.709471992535618,12,1612,Healthy
19545,38,37.77317191912465,0,5,193882,2.0386752133945407,4,2286,Healthy
17807,35,37.348102040009444,5,8,172615,2.197103211730722,0,2377,Healthy
38597,81,37.56061156565252,29,9,383088,3.204155615195484,17,834,Degrading
43171,87,35.996230498153885,20,14,426531,3.184046025064323,21,489,Critical
32985,68,42.28492322774882,30,3,329953,2.681263099201066,0,1232,Degrading
15187,32,41.00913820627019,0,0,155859,2.2822872381733106,0,2414,Healthy
48609,96,33.517174058967534,79,22,467276,3.502268482377047,28,187,Critical
47349,98,36.01121073592151,93,13,499086,3.8579717193002137,29,43,Critical
19052,38,25.238858362053378,0,5,185946,2.2115465901728943,2,2196,Healthy
4789,12,37.6229751197765,0,4,54147,1.200514807455665,4,3360,Healthy
16300,28,32.054522166386086,3,8,163700,1.80935534007846,8,2509,Healthy
12399,26,32.22006030679953,11,0,132196,1.6288209802105988,0,2720,Healthy
4947,9,22.89892938191844,0,8,41388,1.434725216450786,0,3358,Healthy
13391,23,33.73765687646407,3,0,113173,1.666946989488941,0,2741,Healthy
4831,5,38.7001470519842,10,2,35788,1.0762318272909608,1,3464,Healthy
37577,72,37.56886311077826,24,3,379688,3.5175679823089356,4,915,Degrading
45874,90,49.66037648408708,45,14,437499,3.115291932627578,12,398,Critical
3384,5,34.93800290098522,0,0,32257,0.976081235282021,0,3395,Healthy
46607,91,48.017227301220046,55,9,458631,3.6263174517414125,22,270,Critical
34421,67,33.79015942620609,1,0,372058,3.1617716908335676,0,1109,Degrading
40759,84,32.55786488906622,19,10,414368,3.484364342623251,3,583,Degrading
42955,87,41.00160714772761,45,11,449973,3.1208642408552034,20,487,Critical
7925,19,32.35305729151539,17,0,93876,1.49220188325606,0,2998,Healthy
28860,58,33.253656810101816,17,12,288016,2.3433968307113227,12,1443,Degrading
35107,67,42.097601420143654,11,6,373265,3.0057325905792975,1,1077,Degrading
6352,12,34.684100857261605,8,0,71803,1.2673866291091207,0,3127,Healthy
39592,77,48.07072575707749,35,0,404761,3.4307948991362434,12,767,Degrading
24593,50,31.722560162314338,0,0,234546,2.400031735025779,7,1865,Healthy
44812,92,41.49856481345197,55,12,445289,3.4156451912770405,20,349,Critical
51205,95,43.07038076886018,101,13,492347,3.6560508132262064,40,0,Critical
37426,74,36.18260674626798,36,5,376498,3.2861637589132644,9,1034,Degrading
26524,52,30.8746411131784,17,4,254573,2.399121572531713,3,1773,Healthy
45952,93,43.00292284132673,60,20,465213,3.4520915340301377,18,305,Critical
11045,18,28.09873226460683,0,0,101283,1.8860908860686667,0,2957,Healthy
42199,83,42.85133700607563,20,7,410387,2.970176061481892,19,625,Degrading
34122,70,30.11072055663605,21,0,352843,3.0617285839635198,2,1132,Degrading
3469,11,28.583468199177695,0,0,49107,1.3133549188338123,0,3290,Healthy
46060,89,42.638545391018134,57,12,453652,3.137683542752743,26,390,Critical
42803,84,44.65421799454422,34,0,435416,3.104797507564506,21,558,Critical
2576,4,35.84428229280649,20,5,21962,1.5063627365361147,0,3508,Healthy
39605,74,30.79720987819366,14,8,379956,3.050529220636051,11,843,Degrading
49922,100,44.38246850993379,100,20,517357,3.5879284328948216,37,60,Critical
47085,91,44.981652517616325,83,7,479522,3.635050297646878,25,176,Critical
35630,74,34.39653696664581,10,5,368111,3.1336430592368534,8,1090,Degrading
47065,100,34.093287682747075,80,7,485848,3.6325224547790227,38,90,Critical
3712,5,28.26159613897896,2,0,14688,1.4545156247243225,3,3436,Healthy
14614,28,38.827678284428586,0,0,138413,1.9849122741029945,1,2584,Healthy
10361,20,24.36483952118155,0,0,102834,1.6786832647009158,0,2894,Healthy
13305,29,27.70901078507836,0,0,133382,2.1697721636410163,0,2622,Healthy
17464,34,29.18430829427114,6,0,167726,2.1168343341446523,1,2480,Healthy
5777,15,27.207556615800183,0,0,68101,1.3230248556069582,0,3140,Healthy
35001,67,38.515789108529404,14,0,330817,3.0370624372223167,4,1172,Degrading
33757,71,35.29417100264802,28,2,381365,2.948871158880608,0,928,Degrading
10165,23,40.09398673553049,22,0,101165,1.387719529795885,7,2898,Healthy
5769,14,26.868983955024305,0,2,66307,1.629135148076136,0,3136,Healthy
7595,16,28.864029404090285,0,0,83297,1.5963243328549874,0,3142,Healthy
32955,65,34.92440658379371,16,4,340134,3.1527153645054713,8,1190,Degrading
16377,35,28.96377678857864,0,0,178531,2.0405826646906773,0,2304,Healthy
37984,73,47.30171927005016,6,10,376634,2.981565807370142,3,946,Degrading
45751,92,58.73724570432585,37,20,452428,3.533980073916656,24,313,Critical
12123,21,28.301811601670376,0,6,113867,2.07951979559085,0,2792,Healthy
11400,25,41.61237741554854,0,3,119447,2.0515076686392244,0,2807,Healthy
17759,34,36.925940930573454,0,0,184010,2.1289776931389524,3,2361,Healthy
47187,98,46.99695658321529,78,15,465285,3.5299065799029203,39,119,Critical
46305,91,33.877840620228774,72,13,472591,3.2089045967488783,29,297,Critical
37186,76,45.116802505337326,9,13,384910,3.0306317849413174,14,875,Degrading
13079,26,28.535796833345696,0,1,152943,1.8665500484794115,0,2681,Healthy
20067,45,34.86720818490985,14,0,222356,2.3245718938818536,2,2104,Healthy
32634,67,38.90388615236698,15,3,319394,2.636956964020882,4,1256,Degrading
36263,74,36.327621921824566,8,4,372010,2.7988145777362563,9,948,Degrading
40871,82,36.033828792539055,29,7,406353,2.942742310236147,12,619,Degrading
29534,59,33.42069428435484,4,8,275944,2.3646557488384583,0,1572,Healthy
10384,19,38.25967989751493,0,0,91516,1.8195377553229026,2,2863,Healthy
12927,30,35.278952514918,0,0,126759,1.8265650446564377,2,2513,Healthy
50281,98,39.03750471614681,82,18,476505,3.663843484328296,39,98,Critical
26902,57,33.825360101003156,8,7,261614,2.4347702481166196,0,1616,Healthy
21815,43,33.30408441531056,0,0,203090,1.9929593485833792,0,2146,Healthy
12587,26,32.40581451768567,2,3,102997,2.1189545225680413,1,2854,Healthy
35498,66,35.28139702423481,14,3,351267,2.8471693143610453,11,1199,Degrading
12345,25,38.60654662445233,0,0,107404,1.9798656279678368,0,2745,Healthy
37726,70,44.01705716217079,11,4,360821,3.277399830672236,13,1004,Degrading
9981,23,22.87767909357003,0,0,108329,1.5147948107239513,2,2844,Healthy
3365,7,25.177931363209346,3,0,36991,1.2915385212443966,0,3345,Healthy
19124,39,31.87148536612089,0,0,179135,2.4812254177235946,1,2229,Healthy
12742,29,31.543643615902848,8,0,138318,2.1301466526938957,0,2627,Healthy
11958,22,27.777579573529582,8,0,83969,1.6902332662020454,0,2775,Healthy
26749,50,38.341616216673295,11,0,263273,2.363578927898322,0,1766,Healthy
1968,5,28.486969681921558,0,3,15168,1.4969066631832835,0,3420,Healthy
21326,38,36.69562614265186,11,0,217475,2.3246166717378345,0,2190,Healthy
12390,28,41.854540428398096,0,3,158138,1.7530815195676748,0,2605,Healthy
17658,33,37.94307203004931,6,7,168096,2.1584012145855134,0,2462,Healthy
4746,12,33.2845525181673,12,0,68093,1.7617542047361434,3,3328,Healthy
22371,41,37.93516947084057,0,3,201368,2.1110122414993375,4,2116,Healthy
2575,2,36.69806273883758,7,0,18319,0.9073304784662855,0,3543,Healthy
26861,53,36.57700502745227,5,9,293584,2.4157463157059587,2,1655,Healthy
16250,33,37.26918648853896,5,0,172769,1.6808161383092384,3,2414,Healthy
40791,81,37.34364410527561,28,9,384718,3.4229996344882814,20,793,Degrading
26583,53,33.67574478993045,7,4,276132,2.416853853164643,6,1640,Healthy
4613,10,31.306473741667233,0,3,86769,1.5153742236113463,0,3261,Healthy
17847,38,32.828928569109586,0,0,208548,1.6742541383843506,7,2241,Healthy
15529,29,39.29919033288946,12,0,159479,1.833967051775702,2,2508,Healthy
35733,71,38.8144202701796,31,3,338487,3.0414235235525906,16,1062,Degrading
42201,84,51.27302493454263,31,3,425832,3.560996501852606,28,567,Degrading
39732,82,35.254316761609964,20,11,419171,2.9410227978009766,21,673,Degrading
17721,40,36.64191978204369,0,0,190500,2.03722012032146,0,2341,Healthy
17578,31,41.455864961224776,0,8,172465,2.000981448952301,0,2430,Healthy
29139,59,34.938504117048154,1,0,292490,2.248366305631698,0,1488,Healthy
43924,84,32.05549849870079,41,19,436378,3.443734024819166,22,429,Critical
10016,14,22.530633078809366,15,0,72100,1.355030855139673,0,3072,Healthy
3604,10,36.53839602456332,2,5,40341,1.233623765599686,0,3438,Healthy
28088,58,31.804820304628155,0,0,271431,2.4633617158574013,3,1620,Healthy
4326,12,28.779880452201326,5,2,42048,1.380697851782422,2,3281,Healthy
29219,59,42.70226520008383,4,0,298765,2.6166241515738227,0,1492,Healthy
4257,7,31.584666619593555,0,0,21209,1.3209693116621382,2,3463,Healthy
30541,57,42.22586791658818,8,7,299737,2.365681790047537,11,1505,Healthy
30831,61,29.6693731027137,0,3,303999,2.589899283349683,4,1489,Degrading
10746,23,26.18609708922096,0,0,107904,1.6592843261008834,0,2830,Healthy
21666,50,32.95143922503827,3,0,258604,2.7876934513704352,2,1916,Healthy
50093,97,37.15794362301238,90,7,481091,3.6633096090305233,34,136,Critical
26724,57,42.47906501913776,1,0,273752,2.573992675948122,0,1609,Healthy
5031,10,26.404618254701553,11,0,43550,1.5702099838093067,5,3248,Healthy
48766,91,37.44097716566189,75,9,461669,3.5163252895165287,24,241,Critical
19886,43,31.32645222586127,17,6,207665,2.292126945106249,2,2159,Healthy
6633,16,20.315779570447305,5,0,60337,1.875801714784596,0,3103,Healthy
30833,65,42.40568988042458,0,0,337244,3.3870289819072337,0,1165,Degrading
37452,74,36.62091351729872,21,11,379929,2.8402032652337654,15,950,Degrading
36489,78,35.35954180895589,11,13,352770,2.6680812885689753,8,967,Degrading
14053,29,33.47165089390334,0,0,145140,1.7627121760024225,0,2643,Healthy
26030,52,39.89481526263716,5,7,264605,2.815202167583931,0,1751,Healthy
9865,16,28.616437872981322,0,0,111640,1.9182306888036296,9,2953,Healthy
2589,8,27.220715917706638,0,6,52613,1.3824663558856116,5,3409,Healthy
34707,65,41.826332727322175,14,1,331293,2.753844620949256,15,1171,Degrading
12745,25,28.356931939702854,0,3,121408,1.9985412871402006,0,2800,Healthy
49336,94,38.23561426302402,98,20,469090,3.6843934182374416,25,126,Critical
22663,44,31.7678189233278,0,0,207350,2.2905478402207344,1,2129,Healthy
44157,89,40.82025846998889,52,13,443528,3.405974428535119,17,374,Critical
13417,23,30.598687824535208,7,0,128502,1.8876466047229168,1,2708,Healthy
26258,50,46.06844837129452,0,0,254023,2.5139239356703924,7,1785,Healthy
38408,74,39.52784623543643,12,8,387424,3.1902355786462273,6,899,Degrading
44261,82,36.523330919738115,39,14,430579,3.152637994147281,29,558,Degrading
23423,46,31.643622709904662,5,3,239822,2.156581403998066,8,1978,Healthy
6237,13,30.01230116140891,10,7,47132,1.31409202556373,0,3248,Healthy
37752,76,37.874528452121496,20,4,389967,2.8651094540523725,4,737,Degrading
44938,94,50.338727520350695,45,9,449913,3.7404210888011433,12,384,Critical
39763,77,32.87362119534057,42,0,389676,3.179524568064525,19,811,Degrading
48114,100,39.347058859906845,101,18,494161,3.4197267077402738,39,31,Critical
6167,11,30.603929393967498,7,0,49763,1.2542094237359844,0,3254,Healthy
6337,13,28.86491290723086,0,0,56336,1.8849242052116508,1,3245,Healthy
24409,45,36.274376502334654,0,0,236444,2.303002415761198,6,1854,Healthy
10888,19,34.693385512777134,0,0,96027,1.7667044641133487,0,2787,Healthy
13982,28,31.056684340834714,3,0,152229,2.042165761229656,0,2537,Healthy
47857,96,37.492412823298274,82,14,477802,3.5234982681654676,32,168,Critical
13357,25,37.50556099884518,0,2,133411,1.8079796963544983,0,2656,Healthy
36989,71,39.49565004686223,9,4,357089,2.690051792589903,6,947,Degrading
9512,17,33.8082939838214,0,6,83892,1.8871746452449394,0,2984,Healthy
46572,96,41.785181859425784,69,11,479392,3.2605653638679937,24,214,Critical
29380,62,34.57407460257925,3,0,287983,2.927832450622491,11,1443,Healthy
42604,82,31.074217446176217,26,9,424959,3.038562766339455,12,637,Degrading
29886,58,33.41726678236122,4,0,304451,2.819115320775391,2,1444,Degrading
26526,54,40.44736372352877,0,2,262364,2.2713081767368988,0,1690,Healthy
48221,98,38.31898327922495,61,18,467704,3.551532969204751,36,183,Critical
22140,40,33.63790445087612,3,4,229354,2.428645345830613,0,1969,Healthy
43617,83,39.28295659110216,43,12,430451,3.2546479999030273,22,549,Degrading
33118,70,35.127421525380605,24,0,342737,2.7370365472706997,0,1197,Degrading
14479,32,28.498319335259236,0,0,155450,1.7270167472165456,4,2553,Healthy
10152,22,34.372218479103886,0,1,109705,2.020556361569971,4,2920,Healthy
46910,99,36.89723241476106,94,22,482209,3.3094073964034996,45,124,Critical
16912,35,35.5409750996518,0,0,175155,1.8831546031428053,11,2426,Healthy
10454,15,34.01752974160837,9,3,97404,1.7578654246950136,1,2882,Healthy
2834,4,32.34384500236983,3,0,46566,1.5901956080963144,0,3424,Healthy
30936,61,29.799477858674557,11,7,323677,2.6931127474672274,16,1335,Degrading
26321,53,32.45212543558917,23,0,242764,2.404028983465254,0,1777,Healthy
46647,94,45.24481276983056,59,13,460972,3.6515416615314353,27,245,Critical
36762,72,37.25061836597084,18,6,356663,3.170172407436031,0,927,Degrading
3029,6,38.62590579030066,0,0,30706,1.6227485499588765,0,3361,Healthy
415,8,23.280812141217897,0,3,13174,1.2361588258608538,0,3496,Healthy
38610,78,32.34485189544298,31,1,404782,3.4406850550300065,9,823,Degrading
45077,92,35.801990198409335,66,16,446162,3.571534015389061,31,262,Critical
27020,55,42.44239962353953,0,2,274208,2.622876647615406,6,1615,Healthy
37307,78,36.478412280983385,28,6,373664,3.1795722337214056,4,833,Degrading
46205,93,34.51685842318541,52,10,470611,3.584693335325808,17,329,Critical
23181,46,33.15747439056978,8,0,251065,1.9890643763474853,7,1933,Healthy
44341,86,37.821766250812445,56,9,444237,3.446504596914184,23,435,Critical
13604,30,27.595891552619612,6,0,136461,1.903372733849804,0,2620,Healthy
16436,29,38.31919958959473,0,0,141301,1.843595189487526,7,2506,Healthy
39235,73,27.973648514983108,13,0,365108,3.028462649566679,13,946,Degrading
9271,17,40.004590036214374,0,0,49664,1.522996806245286,0,3100,Healthy
20994,43,34.22851492065692,8,8,214181,2.3141719776224976,0,2035,Healthy
18536,38,22.867045295372534,14,0,196213,2.2097455841415683,7,2185,Healthy
23582,46,38.66316075561166,0,0,244567,2.231122459521361,0,1931,Healthy
8769,16,25.015924329373078,0,0,92849,1.4210320193838406,5,3040,Healthy
29186,59,35.743353086238585,10,3,315789,2.229463623841666,0,1423,Degrading
44065,90,42.26015378732883,51,10,449322,3.0702206278098654,19,361,Critical
14555,28,29.65850652256293,5,0,130935,1.6723099336872813,0,2615,Healthy
48168,97,43.90031690265501,88,14,483526,3.5485487049994355,27,154,Critical
50674,100,30.93490116644274,82,23,497655,3.924256320273325,36,32,Critical
27339,58,41.87099975443511,0,0,260584,2.389235047929426,0,1662,Healthy
41210,75,42.40048250131823,20,9,397259,2.876412480076333,12,817,Degrading
22347,45,39.74025955967228,4,8,228978,2.162369166869693,0,1956,Healthy
42450,88,37.21180866249679,42,11,436439,2.9685440998570205,13,513,Critical
35250,71,36.879076200402544,0,0,362372,2.776997875335022,0,970,Degrading
12125,26,37.28152056943299,0,1,116224,1.8411409071731553,7,2786,Healthy
10409,23,29.897583959981652,0,0,94283,1.8903097062731942,11,2868,Healthy
11257,23,25.55943068990949,0,3,106302,1.4773050008160926,0,2800,Healthy
2264,5,38.34503999359448,0,0,35075,1.6490183628714097,0,3389,Healthy
34909,70,36.479328826974715,25,0,343157,3.161173742421852,3,1116,Degrading
23248,46,39.88286843254365,18,2,238731,2.2757209781348275,0,2046,Healthy
42646,92,44.01555187105552,43,10,444026,3.106066174367439,16,388,Critical
24052,48,29.54309194893807,2,0,255245,2.590218198036708,4,1797,Healthy
32479,64,42.416482824805044,3,12,316697,2.816251295337439,1,1306,Degrading
22146,39,36.36733025775869,0,0,221892,2.3032920314238248,6,2033,Healthy
32397,65,37.37650918008308,2,3,318703,2.7430176183543997,1,1236,Degrading
48271,95,36.31307443926005,76,9,480960,3.2780264988682086,36,217,Critical
1067,4,34.960386617063605,4,5,3529,1.3313300355630027,0,3585,Healthy
3079,3,28.53477713071026,18,0,13626,1.4551991388940655,0,3462,Healthy
27306,51,24.161443844251806,17,0,275213,2.7024695898636324,0,1698,Healthy
5940,12,36.25934459241639,2,0,72298,1.352595799693777,0,3222,Healthy
12762,26,31.083826939238083,0,2,108758,1.856268247461322,3,2777,Healthy
2225,7,33.47145641964065,0,1,21191,1.0671723168877612,1,3457,Healthy
2364,7,32.052908568170864,12,1,16930,1.0758802979242734,0,3461,Healthy
2077,5,38.052967747794725,5,0,19603,1.0926704441510269,0,3564,Healthy
42125,86,40.52285847298993,43,15,442249,3.455344337924315,21,531,Critical
3448,6,35.055228252592016,0,1,27297,1.356315329878609,0,3460,Healthy
7976,17,23.785123043369957,4,0,96756,1.6399908462935366,2,2979,Healthy
12115,21,39.66315791229158,5,0,97845,1.82802723227936,0,2769,Healthy
16683,32,35.61047664897506,0,2,184178,2.139493920706025,3,2353,Healthy
32913,66,33.90150124022074,8,9,334868,2.6633382171220172,8,1220,Degrading
25602,56,41.094222079480076,0,5,268106,2.4329928234624454,3,1717,Healthy
42710,85,32.869427467155234,41,6,417577,3.3063961540233295,15,657,Degrading
20140,39,31.31308890469398,5,3,214066,2.263878689641757,3,2073,Healthy
30699,65,43.58105434782448,0,3,313540,2.9227928033834587,0,1387,Degrading
3764,12,28.221303375288517,8,0,68246,1.4714562345654219,0,3248,Healthy
13137,29,31.446658718804024,0,0,136901,1.641917751326635,0,2648,Healthy
2659,6,25.64358532136574,0,3,26430,1.5801864826141008,5,3470,Healthy
10062,14,30.754683817961812,0,0,87082,1.9039855142838906,0,3056,Healthy
29455,59,40.641535478735705,22,8,286785,2.6378017885417946,1,1491,Healthy
9699,23,25.847779426692057,0,0,116118,1.6160303407380912,2,2842,Healthy
28174,51,34.65105970159671,0,9,250134,2.6493976077184316,3,1797,Healthy
11178,18,30.572339399755503,12,3,101429,1.6074026082478743,10,2837,Healthy
31280,58,22.106396675727733,16,2,311144,3.044811447754662,7,1410,Degrading
24457,46,36.333264427644046,1,2,244847,2.8740265449940754,4,1820,Healthy
18915,38,29.746812054381696,16,0,182254,2.045289903289629,4,2273,Healthy
36079,65,30.929989581778663,24,0,357240,2.724449598485272,10,1084,Degrading
34402,69,37.99078053030484,8,0,351420,2.743650278245053,0,1211,Degrading
11297,20,26.032920891245137,0,0,122207,1.8841887668573527,0,2763,Healthy
31251,60,28.999443582561693,14,4,317047,2.730635586885293,10,1363,Degrading
24683,49,37.670305339310524,0,0,249631,2.434975727297371,0,1940,Healthy
1826,3,30.728687084171604,10,2,8746,1.181709958235483,0,3492,Healthy
3645,11,30.281512648318405,16,2,26487,1.407474456958531,0,3353,Healthy
48474,94,39.7934210559528,70,19,486357,3.7050061479085312,34,149,Critical
22193,46,44.543927476975945,22,0,219213,2.454328855702927,0,2001,Healthy
4397,7,37.41635407946467,0,3,37882,1.5866820751420017,3,3292,Healthy
6601,14,30.268103498483704,0,2,54991,1.4361553779774545,1,3227,Healthy
46834,94,39.45853660400009,46,17,467839,3.7808978534741056,23,137,Critical
42000,87,37.961225437547974,16,0,427578,3.3035843163554186,23,537,Degrading
11632,23,33.70979296226425,0,0,124284,1.4072385499445326,0,2800,Healthy
22265,45,30.17060719561183,0,8,221075,2.4507069277706495,0,2015,Healthy
38456,79,28.18835029909053,29,1,391005,3.0901121793590254,16,791,Degrading
15932,29,36.593330257376,0,0,162937,2.1993823875210112,6,2473,Healthy
5827,12,34.23515431048154,0,0,52138,1.3323620451547233,6,3215,Healthy
26784,52,36.33091640019187,10,0,283866,2.3866820934003767,0,1689,Healthy
8798,11,44.426229519565865,5,0,95874,2.0890260545568378,4,3064,Healthy
6526,14,26.12787561188842,0,0,60922,1.0254357373394793,0,3137,Healthy
41972,89,45.1649768746628,22,8,412139,3.0882033980988255,8,609,Degrading
6400,12,27.440514569367465,0,2,50176,1.7320530047880096,3,3230,Healthy
8183,16,29.18762448999461,0,8,80200,1.7168223915209562,0,3044,Healthy
20107,38,32.751832373486174,0,6,194515,2.1192511585746927,2,2140,Healthy
6119,16,36.15533289608247,0,0,78383,1.4138191157150426,0,3137,Healthy
29040,59,33.678250586264674,0,3,299298,2.82451426622748,4,1541,Healthy
36126,75,44.47603165383863,22,1,365769,3.098984793800544,1,942,Degrading
16822,33,44.09995256097326,10,5,173452,1.9702290849487258,0,2412,Healthy
48926,97,45.89755265555537,101,10,493252,3.595774632611839,38,70,Critical
28284,60,41.02754418205522,2,4,290870,2.9829514674505346,4,1465,Healthy
29110,56,40.98857606388205,4,4,281218,2.4160694713763133,2,1583,Healthy
43078,88,39.79024418268585,39,14,427161,3.2248556078641872,4,464,Critical
23465,41,27.562099328735847,16,1,225459,1.8637341615202614,0,2059,Healthy
14021,28,42.06487184931517,10,0,135409,2.4967493541164236,3,2616,Healthy
9442,19,34.76725096704142,0,0,103783,2.3059301242388988,4,2918,Healthy
8239,14,26.77684722133624,0,6,97050,1.55832187034869,6,3030,Healthy
48673,100,43.4677936994975,95,16,490768,3.5476609464035818,28,134,Critical
46776,94,31.48035229336844,72,2,455750,3.1973055657378926,36,201,Critical
40248,80,44.573720647244315,40,9,422258,3.7543795909808955,25,599,Degrading
26988,57,31.362549434376103,6,8,273421,2.590192300417652,0,1596,Healthy
40941,87,40.3253286368293,43,7,416309,3.1180692951884645,21,522,Critical
3329,3,24.125916290772032,0,0,11391,1.3480433337265911,1,3484,Healthy
23267,44,33.55442805100443,8,0,234647,2.3833520427187693,1,1982,Healthy
40475,81,29.079178707749232,24,5,383085,3.235014657112821,10,800,Degrading
27557,51,31.988012262587795,0,9,274692,2.51003605370672,6,1602,Healthy
48245,93,39.77591610694539,69,18,486302,3.6686412096803562,37,187,Critical
6658,9,31.576056844322746,0,12,58133,1.2118131192023387,0,3238,Healthy
21967,45,30.569701724484556,0,0,202814,2.130866929161668,4,2099,Healthy
0,1,30.5888282208848,4,4,8910,1.3156401915381397,0,3615,Healthy
41821,83,41.613904493026325,30,5,433245,3.3516513316352943,22,588,Degrading
43236,93,34.62159875012844,55,7,435443,3.418507063871771,22,495,Critical
5290,13,44.20023610406402,6,0,86259,1.3626824982322672,0,3088,Healthy
18065,36,42.569089930946234,0,0,176848,2.0936244178450005,1,2336,Healthy
45214,89,44.15913336832331,64,13,453801,3.3397135693826403,14,285,Critical
16521,32,31.3321467823858,0,4,147523,1.8521234413478287,1,2572,Healthy
24964,55,35.8611005925645,18,4,267351,2.6857051103501637,0,1679,Healthy
2627,4,27.82836418681215,0,0,36018,1.2935419437144646,0,3489,Healthy
25574,48,37.069425547775985,0,3,260884,2.2656676761312666,9,1891,Healthy
25364,49,41.25960559298235,5,5,261316,2.3431942406887907,5,1754,Healthy
24429,50,39.33272306133607,1,2,253909,2.3563095932005718,5,1828,Healthy
20223,40,28.5105332961071,0,0,192714,2.649439316148614,7,2101,Healthy
43910,91,35.64305003834147,56,8,438067,3.3127615708603466,25,399,Critical
13628,27,45.47155650135319,0,3,122502,1.9896746505297478,0,2687,Healthy
27851,52,36.81981688796577,18,5,283986,2.782880760187098,0,1684,Healthy
35544,71,32.86291655886644,31,3,373494,3.215259231086571,11,937,Degrading
5691,7,32.40575136677877,2,0,47575,1.1462735859757522,0,3319,Healthy
3029,7,36.92389225193983,0,1,31196,1.3367559068104298,0,3367,Healthy
45688,92,42.60707981611422,69,14,457074,3.5193210688041314,34,194,Critical
27196,54,34.30405698376091,7,7,271222,2.4951055895811454,0,1589,Healthy
40077,78,34.204615676536086,22,7,405569,3.13170547575212,5,786,Degrading
21772,44,23.527944938988085,0,0,232845,2.408631748086121,2,2029,Healthy
40465,79,36.51486648990327,12,3,410017,3.1267373704612513,14,628,Degrading
22889,49,33.125372134331414,0,8,219752,2.1357582018989603,0,1953,Healthy
11621,27,34.58666852739241,0,0,123171,1.9208547904724127,0,2810,Healthy
4299,10,31.006077241746965,13,0,31197,0.9869307908010845,0,3329,Healthy
12430,19,34.550097849844136,0,0,115346,1.7793485147671562,0,2796,Healthy
7408,19,32.25198021083298,0,0,74510,1.8791815240680139,0,3027,Healthy
10228,17,36.31930816427398,0,0,85959,1.81884092973722,0,2916,Healthy
25103,52,34.644471491369835,1,4,264631,2.470942947929812,0,1735,Healthy
10171,24,34.39002726678809,4,0,109603,1.634767419086268,0,2799,Healthy
44415,88,47.94918873519645,61,4,450998,3.499262844040068,33,292,Critical
33493,71,36.20883779041437,4,0,346346,2.9427308489645188,14,1130,Degrading
42774,86,39.29528200833089,58,10,429842,3.2678408140836055,17,533,Critical
22958,40,40.38862667023214,12,0,229365,2.422685332770794,0,1978,Healthy
7290,11,36.372757374400905,0,10,67540,1.2610240815097815,0,3168,Healthy
28912,53,38.02504428988918,10,5,273926,2.6256494695165267,3,1635,Healthy
21777,46,33.99827170302168,4,4,241729,2.4285188293386275,7,1886,Healthy
2381,3,26.9617418096034,12,3,0,1.1633714508158965,0,3489,Healthy
10438,21,31.980430092386243,0,0,108681,1.528968959804722,6,2957,Healthy
48441,98,36.70785038676783,82,15,480982,3.687084290299268,29,166,Critical
27710,61,34.87957673946608,2,0,313742,2.760715385241171,0,1548,Healthy
33753,63,41.734358512349246,8,6,323512,2.447237043404144,0,1298,Degrading
12084,24,35.92002250635369,11,3,126213,1.6177710794653752,0,2732,Healthy
7264,13,41.427106156565486,0,0,69393,1.6465145982265434,0,3110,Healthy
38950,76,33.76313145244414,11,0,381009,3.3538035721597463,5,947,Degrading
4771,10,29.210129289908586,0,5,48665,1.1386272179458576,3,3332,Healthy
20470,42,35.26205423166189,0,0,216943,2.247323450368558,4,2184,Healthy
45467,88,37.92450522389423,67,7,453406,3.2813687305362618,18,335,Critical
23217,44,36.99194255669931,19,0,233712,2.542667469564691,0,1978,Healthy
47640,93,40.481107161913776,73,19,481150,3.505158154384917,23,237,Critical
5779,11,28.24186233267655,0,6,59584,1.1113089336836408,0,3317,Healthy
32533,64,27.88354925343875,5,1,298414,2.7181275172166424,8,1341,Degrading
24044,47,27.36783233651662,0,0,244967,2.533459623329585,0,1952,Healthy
26276,54,41.439560841990044,0,3,246300,2.2379902012298096,2,1813,Healthy
7284,11,31.59429533453096,0,0,80309,1.4392576792160772,0,3150,Healthy
12179,26,38.56839562791137,20,1,135004,1.7593301172644766,0,2693,Healthy
48287,96,42.78448845415133,89,15,486610,3.5093619003113297,35,39,Critical
31032,63,42.53277997101848,4,0,309257,2.758651639988678,1,1407,Degrading
40764,82,36.81534512513353,35,0,401868,3.57546516362139,9,666,Degrading
33177,62,29.859164365932237,0,3,338310,2.863672613960006,3,1193,Degrading
5443,10,38.00569784046013,0,0,50661,1.237875260590206,0,3260,Healthy
27359,54,37.89972444774764,12,0,272176,2.108304642174002,1,1634,Healthy
21854,44,32.64600742401639,0,4,215452,2.3791199592931704,0,2037,Healthy
2590,10,22.873689855337407,28,0,35037,1.2510541001303466,0,3384,Healthy
29275,58,33.9550472169806,5,5,274420,2.4968310636048825,5,1619,Healthy
48800,92,53.52034230142293,50,12,455034,3.9303140310722715,29,199,Critical
2553,10,29.131128995655814,5,0,24052,1.2578544364421225,0,3550,Healthy
26962,56,34.78349782105296,0,0,273591,2.609966944788491,5,1653,Healthy
30468,55,39.46255542477069,0,2,289588,2.6573873373374393,3,1452,Degrading
33722,68,46.18065547931132,2,0,346628,2.9813202258337324,9,1161,Degrading
21996,37,31.088805197733823,5,0,187324,1.7865092946054544,4,2157,Healthy
22393,49,30.400670750172022,9,0,258350,2.232945006682852,0,1855,Healthy
15220,33,39.23646914806913,0,0,149148,1.854115246223702,0,2498,Healthy
14314,26,25.996168375855447,12,2,157475,2.0557971118562186,0,2632,Healthy
20841,45,26.86909830463534,0,9,211200,2.1260332928660617,0,2043,Healthy
44300,88,44.6414649508575,56,17,472628,3.6890259611335456,22,239,Critical
25171,49,40.27239190053321,0,0,246822,1.8630154258205174,10,1808,Healthy
21145,43,33.61353457011197,2,0,200046,2.4699642621619358,2,2101,Healthy
33923,69,37.494030257811616,17,3,316852,2.699737303445467,8,1214,Degrading
42100,81,35.536118705349026,43,11,411682,3.2607511779035425,12,681,Degrading
36709,75,29.38313186388192,28,15,351098,3.1758182509626955,7,944,Degrading
42993,85,32.911152689849786,18,1,415954,3.3279724964186257,12,603,Degrading
34669,70,40.05226801023686,9,13,343842,3.380901153477951,6,1039,Degrading
27032,54,31.437874691862888,7,1,282382,2.499722960276275,0,1685,Healthy
37455,77,40.57857486513625,20,6,363172,3.390435869528303,18,937,Degrading
21037,45,36.66750693140077,9,5,196492,2.305010859763662,0,2117,Healthy
34152,67,30.85113622845972,0,0,325706,2.7660357763626706,4,1228,Degrading
10356,23,37.950228176409084,0,0,124902,1.8407774176108995,10,2778,Healthy
22327,44,36.4004866712571,27,0,217039,2.324402129042608,6,1997,Healthy
2773,4,27.05004405240914,0,0,23043,1.3710794089314677,9,3425,Healthy
28566,60,40.00461009532489,15,7,317924,2.608301359434504,3,1477,Healthy
36653,77,42.0886008358012,9,9,392840,3.3814783606124674,7,840,Degrading
26550,58,38.26861685819354,4,4,260253,2.9971238118439985,2,1715,Healthy
36235,72,35.765697219836625,24,7,375025,2.901175866017938,17,890,Degrading
15165,25,39.45587095228678,16,1,150842,1.9199377169890124,0,2628,Healthy
11087,23,31.693072566847423,8,0,121564,1.8723655870378453,1,2805,Healthy
26997,51,35.86123437030808,6,0,265314,2.6020885702293395,0,1680,Healthy
36452,69,31.493307155413437,20,0,378614,2.8491060836052826,10,940,Degrading
21653,44,30.068663190501898,7,0,211533,2.292942422154985,0,2103,Healthy
20527,41,26.707145263462227,9,0,193239,2.1852935948162644,9,2190,Healthy
17056,34,30.38846241592973,1,5,157376,2.001909805839633,0,2486,Healthy
18424,38,31.60409561730437,0,6,179618,1.9570377760211215,0,2380,Healthy
5004,12,33.31233988272843,0,0,54419,1.1545537274693976,0,3285,Healthy
16406,31,31.72617344036577,18,3,157988,1.8174349264395568,0,2423,Healthy
33654,71,35.39141556940004,0,12,345320,2.7798998111981,8,1159,Degrading
40568,83,43.22854449866635,40,7,397164,2.9212078380408526,6,597,Degrading
9457,18,26.48116733416806,23,9,86723,2.0081447458387465,0,2935,Healthy
4862,1,28.021280004058863,5,0,17753,1.1179345625163895,0,3495,Healthy
22093,46,34.25395563327588,1,10,225974,2.2382737339719374,0,2050,Healthy
12999,29,37.91042473724345,0,5,110872,2.031130222813731,0,2720,Healthy
34539,69,39.60966146956819,19,6,339093,3.1815012888263516,3,1040,Degrading
23684,53,23.95362933887747,0,4,257545,2.3969427940563883,0,1799,Healthy
35455,72,38.83016541308006,10,4,365168,3.2159302528577602,12,1004,Degrading
6741,14,43.46270588543727,0,0,70594,1.367849767644966,2,3102,Healthy
8598,15,32.466681265542945,9,5,70932,1.4611445886475065,0,3109,Healthy
22603,45,41.538530963622264,0,2,229213,2.145900936296684,0,2027,Healthy
13308,26,25.52668803107486,10,5,117106,2.0785906120581727,0,2678,Healthy
36749,67,40.388251219246996,1,2,362212,2.770233762218586,17,1118,Degrading
43066,83,44.948448109646336,31,0,415735,3.4283283618897538,22,580,Degrading
16391,36,34.42366544420872,0,0,171828,2.0032994934095547,5,2346,Healthy
6845,9,30.18212561458053,0,0,46053,1.7064250566931938,0,3260,Healthy
26122,49,34.73981604794178,0,0,220683,2.0550453404518962,11,1942,Healthy
33718,67,40.27482477087,26,12,340474,2.454396344182164,1,1133,Degrading
11004,20,34.11668941895257,1,10,93046,1.7403568234377973,2,2861,Healthy
27900,57,35.214973598603294,10,8,292134,2.37744609094202,7,1538,Healthy
24010,53,39.8607394718288,0,0,244561,2.0823331871994872,3,1800,Healthy
33043,64,39.07076478586514,15,9,326648,2.898642934010972,2,1264,Degrading
19857,40,30.703436577795518,0,5,211696,2.289321574081591,0,2196,Healthy
13160,27,33.21083804289193,0,2,117982,2.130800690694002,7,2715,Healthy
47923,94,27.996040281111334,80,13,479893,3.481182429143355,43,151,Critical
39628,76,37.38429007909712,13,10,409121,3.026796425114178,8,706,Degrading
12083,25,36.92326402687161,0,0,110094,1.6985356870637889,0,2804,Healthy
13299,27,33.51670547043034,0,0,143108,2.0437774280495367,0,2617,Healthy
6199,12,29.636942930187384,0,0,73450,2.089811253459816,1,3152,Healthy
35635,72,38.80761475786056,23,0,357840,2.966988747367289,11,1048,Degrading
11556,19,27.76651051074777,2,9,105809,1.8153642956198746,6,2923,Healthy
33086,67,34.98302122991857,23,0,343056,2.6193492897309048,10,1169,Degrading
12640,25,35.359067036793306,0,6,110112,1.6218254938156522,6,2748,Healthy
39650,68,39.11878915499243,14,3,367414,3.2169118061241684,13,949,Degrading
22564,44,32.16720602335411,4,3,214028,2.3775330474775807,6,2032,Healthy
41494,81,42.38679446835991,23,10,409098,3.066675004278655,15,545,Degrading
22283,50,38.46458619816559,0,3,242628,2.1715298161828653,1,1880,Healthy
22715,43,39.97279978702386,9,7,217585,2.5722941316321433,0,2083,Healthy
44058,91,42.32154260819169,77,7,472686,3.6530665149120853,30,237,Critical
2233,7,27.979432666506717,1,5,10327,1.0804901644036742,1,3476,Healthy
2958,4,28.690943717642643,0,5,0,1.267478717842873,7,3476,Healthy
6921,10,25.242190104281434,14,0,38147,1.7483825593510225,0,3218,Healthy
29296,52,38.216207507014865,0,0,294269,2.728202977271098,2,1578,Healthy
2809,7,31.918754301996284,7,4,32836,1.8648184614964018,3,3320,Healthy
26936,62,36.13847201766678,0,0,270373,2.4402852589341433,2,1566,Healthy
7903,11,33.784693307328084,0,0,67327,1.495934680809777,2,3063,Healthy
2887,3,30.81234434993756,0,0,26108,1.479523321864243,0,3378,Healthy
34130,71,37.894584286312636,15,1,337060,2.99032592352798,3,1189,Degrading
47626,92,41.78207685975746,73,15,471641,3.5070213408212716,33,188,Critical
24420,50,30.58149332896227,0,0,263947,2.64098384111676,3,1731,Healthy
32826,65,37.32524080211461,12,1,328573,2.5194152768056917,5,1278,Degrading
6262,14,31.094787901728587,0,0,62360,1.3525168901727773,0,3136,Healthy
14806,28,28.44834480797866,0,6,149678,1.6779768640949237,6,2623,Healthy
43109,80,31.463531137880302,34,2,418962,3.3219639081226493,23,552,Degrading
34732,68,37.0032833042195,8,4,354619,2.734012681280166,3,1165,Degrading
44906,91,43.080319777194305,52,15,442391,2.8967258925851826,17,480,Critical
19660,37,25.29526890088308,0,0,196010,2.4514462521244083,3,2221,Healthy
45250,91,40.63378273932118,82,5,431603,3.3649295850551413,14,329,Critical
15002,27,33.89124876388407,0,0,133178,1.8987880623738473,0,2615,Healthy
11364,18,20.29074397427076,3,2,131405,1.7854368549292796,4,2835,Healthy
38727,78,38.85443433545726,0,0,388271,3.194513102761028,10,942,Degrading
19211,38,38.19053130301345,10,2,212251,2.1872203456683477,6,2160,Healthy
0,3,28.092966478793066,7,5,22187,0.926802369805248,0,3591,Healthy
23404,48,42.43223057327789,0,6,219022,2.1611793055371518,0,2032,Healthy
22265,43,31.301429223281268,0,0,215496,1.9362223178479732,7,2094,Healthy
7850,16,24.629626601709468,0,0,121688,2.0756181154093873,0,2923,Healthy
12603,22,28.202901510327685,0,1,144371,1.7335669502168944,2,2680,Healthy
30334,57,34.56481670216231,0,0,311453,2.493538027979809,15,1526,Healthy
47350,100,43.33248683253363,85,13,490962,3.449662661059305,30,186,Critical
25191,50,33.56876477695324,0,5,243351,2.827327202077255,11,1820,Healthy
42183,88,34.910120072368535,55,14,438654,3.274965957397522,28,407,Critical
13010,29,29.17363115888293,0,0,143921,1.9014057090996526,0,2607,Healthy
6183,12,22.894571745998128,0,0,38181,1.186159113033573,0,3329,Healthy
8985,18,29.27087500114563,0,0,97828,1.3963060935976492,4,2934,Healthy
8791,17,30.310861776886455,0,0,75093,1.6894278459319485,0,3067,Healthy
6201,11,37.080581695287805,10,0,52300,2.0280259467386497,8,3187,Healthy
5103,9,28.39634147578591,17,0,41140,1.20345031713644,0,3377,Healthy
12772,26,32.534321472304896,9,2,143597,1.7536890422548808,0,2668,Healthy
43579,82,41.84671865746278,53,13,404199,3.1867015475282314,15,593,Degrading
15118,29,29.94778274235644,0,0,165448,2.3837321477229745,13,2452,Healthy
46106,90,37.053090229977634,68,13,461333,3.3496839668521754,36,276,Critical
34460,66,36.64049967024936,31,8,358402,2.9294390463575115,7,1162,Degrading
0,4,39.8227283010642,8,3,4030,1.310158715437501,0,3569,Healthy
9227,18,42.59847208689117,0,0,113030,1.9282192146605104,4,2900,Healthy
15265,30,31.712963836763706,0,0,147089,1.8271814347186484,1,2510,Healthy
46156,92,43.010500641022375,75,18,469757,3.7701946086453058,26,320,Critical
37052,73,48.542512051772206,0,2,378670,3.226779009108577,20,980,Degrading
40971,83,32.64411389497179,21,8,400380,3.163732664377765,17,598,Degrading
29774,61,34.879062692876744,15,0,285458,2.9243513855405974,1,1419,Degrading
43632,87,31.027686483190827,50,6,432089,3.341264618371276,11,462,Critical
32573,66,34.2040451367915,15,0,333435,2.8182646574009276,3,1325,Degrading
38543,72,37.948420068583474,19,0,364296,2.9995463482231193,16,900,Degrading
17312,35,39.16991207167123,0,6,178336,1.9698681858234757,0,2422,Healthy
48611,94,45.64344274331637,65,11,468215,3.1356077156435727,31,152,Critical
10037,16,41.64010676655511,0,0,72415,1.600405956031904,13,2996,Healthy
18967,36,33.03254395622015,2,0,189811,2.039868613009839,0,2306,Healthy
26978,47,25.826875942312284,0,0,272779,2.4598660618735133,8,1743,Healthy
42623,82,41.897384107527564,32,3,418281,3.306376657451179,23,503,Degrading
48992,95,36.72021764397833,79,18,458830,3.439761827506395,29,183,Critical
20164,32,35.90534531605699,1,0,199464,2.2769881839268753,3,2136,Healthy
19327,38,37.6363537996057,10,0,173984,1.7180608803610091,0,2276,Healthy
8073,14,31.09596881374286,5,0,61692,1.5223808024990362,9,3142,Healthy
25271,52,41.06450494492981,0,0,267220,2.343189251749046,3,1753,Healthy
40115,82,33.45729702585137,29,9,384962,3.652402657469435,11,628,Degrading
32228,59,34.85808746993478,15,1,306350,3.0220085705284263,7,1453,Degrading
15101,27,40.13356845344466,0,6,157952,1.7958398740471073,0,2657,Healthy
49821,96,30.76518404327561,72,7,464219,4.00946170457564,44,106,Critical
24795,49,34.70675084190765,4,4,237646,2.7776983072986865,2,1861,Healthy
38862,76,39.2835633928092,24,2,376835,2.923543281742891,5,836,Degrading
9640,21,28.853540440476383,0,0,80762,1.4054571555489053,1,2898,Healthy
36072,72,39.20463466161909,17,4,346879,2.9719828506718295,7,1106,Degrading
22247,43,46.69122078168798,22,0,225334,2.579202324209051,0,2013,Healthy
1606,0,34.599254555088834,24,2,8920,1.2264005033670322,3,3556,Healthy
37709,71,37.03201678231635,16,8,360658,3.3156609269372304,17,959,Degrading
17826,35,33.000461431091146,19,0,175996,1.759113913541201,0,2423,Healthy
31611,61,31.041352194922606,1,7,310157,2.680850492753771,1,1347,Degrading
24666,45,40.286114248636686,7,0,225940,2.1893356652983265,0,1963,Healthy
24977,49,42.91483062014932,0,7,264495,2.1428576119010443,5,1741,Healthy
36777,75,35.39564885088962,27,4,345482,3.3604336116877267,18,1035,Degrading
45202,90,40.5294915798679,54,2,451303,3.6977489682490177,20,369,Critical
11876,26,26.05167135547555,0,6,116661,2.003575516839404,0,2772,Healthy
34999,73,36.098598332413836,4,13,355098,3.14620327356115,12,985,Degrading
34447,72,33.02827552776168,28,6,335603,3.335499011454881,3,1146,Degrading
38232,77,39.602660414107156,30,6,377744,2.9451589841720387,8,879,Degrading
4443,8,31.850226984246454,0,1,58796,1.3365997760272252,6,3345,Healthy
24376,53,35.76352974548548,7,7,246280,2.5777184319100934,1,1800,Healthy
35749,69,40.31190190720321,0,6,325240,2.883114279973726,0,1131,Degrading
50000,100,35.42808668087433,108,18,495025,3.6944502721004158,38,35,Critical
27129,54,28.478961766879436,0,0,281570,2.353983702689436,2,1641,Healthy
6302,9,30.814122344157823,0,3,72846,2.034427359206827,0,3270,Healthy
29716,58,32.18196297867483,15,0,303182,2.737660832042846,4,1539,Healthy
13612,26,27.656155743949384,0,4,139153,1.657008266392894,0,2588,Healthy
47561,99,37.008742818603736,70,11,488885,3.6944402534095486,35,86,Critical
42161,84,45.08491964874569,43,17,413180,3.4172602716319567,28,459,Critical
43839,89,42.97469507103785,33,10,419223,3.38525580427561,18,438,Critical
22140,40,33.74462508621523,19,1,239670,2.3806461863308037,0,1888,Healthy
2894,10,31.684426037974266,0,0,44872,1.606078791229656,7,3322,Healthy
34651,67,40.553477523863215,25,0,361926,3.0910524944236197,6,997,Degrading
44355,90,37.55566690558529,62,20,436482,3.177055222219759,23,359,Critical
22150,45,33.13591582045607,8,0,242479,2.6424778715755703,6,1952,Healthy
7274,10,36.98829393635209,3,1,48786,1.0146703027985247,3,3294,Healthy
43024,91,38.832595542808946,42,9,430170,3.201770301991255,26,424,Critical
1817,3,24.795563340901083,1,0,30313,0.9802068549780447,0,3465,Healthy
7862,11,38.6972169209532,0,0,42395,1.5134670420009844,0,3140,Healthy
347,2,30.815263622651308,0,3,15205,0.9571725667254911,0,3606,Healthy
13371,25,33.31144618088504,0,3,115580,1.7952795043391976,7,2731,Healthy
20273,35,28.44003962792647,0,0,196395,1.917391361765603,5,2238,Healthy
740,2,11.774443467475717,0,0,25864,1.0380669594780578,0,3615,Healthy
28848,57,33.42681593796578,0,2,279529,2.8040432989085957,3,1513,Healthy
39718,78,40.147382541491766,41,2,418282,3.384015414439623,22,654,Degrading
19061,36,36.89804246216206,2,0,186288,2.189971011727653,0,2240,Healthy
23826,43,29.21063931810069,13,0,224657,2.423014256852357,6,1995,Healthy
19822,43,35.36726113944811,18,3,219738,2.407123381534339,0,2074,Healthy
9747,17,31.51979286577244,7,0,89647,1.5735265113683583,0,2997,Healthy
22535,48,30.95146572867542,0,5,247947,2.761331909326361,0,1876,Healthy
48727,95,42.376941644793625,84,15,487185,3.496046344402155,43,118,Critical
38920,76,31.80552089282687,27,9,379646,3.0265488611169364,11,925,Degrading
37445,75,33.29659117232681,25,0,381760,3.1878155961583388,16,865,Degrading
49850,97,34.77585935422507,94,25,489369,4.105347962948661,30,4,Critical
20963,40,34.76032209886267,16,1,192351,2.1823230903973836,1,2166,Healthy
851,0,33.918081480333065,1,0,25471,1.1680860793169878,0,3614,Healthy
41367,80,44.85634057632715,25,7,402937,3.0292118177218788,11,771,Degrading
27643,58,42.46154633075822,0,5,309355,2.6844074333012107,0,1470,Healthy
28289,55,41.198874478459956,13,0,265407,2.630387233556186,6,1709,Healthy
42312,86,44.120798100940576,37,14,411939,3.791119376204465,18,546,Critical
24287,48,30.846528468066914,0,0,241429,2.642174086466321,0,1883,Healthy
44990,89,30.49517873672633,59,14,442162,3.7610707472278397,20,262,Critical
29782,57,34.767399191926636,6,0,284051,2.6446603897758596,0,1558,Healthy
36828,73,38.635734841678826,9,8,363607,2.7894279141288485,5,1057,Degrading
19688,40,32.563459281520714,3,0,202774,2.1631350386077446,0,2210,Healthy
0,1,31.694159689614853,9,3,37883,1.2503352309971068,0,3535,Healthy
0,0,28.39797869762104,20,0,5163,1.3160683871926795,0,3612,Healthy
16631,29,36.25638612632419,0,0,181194,1.889885877399822,0,2480,Healthy
37042,73,41.19245432335224,35,14,407004,2.9113637453900343,23,877,Degrading
36072,70,36.71049659169398,8,3,344131,2.705610683941657,13,990,Degrading
46377,91,44.397987257132485,46,6,435557,3.3647273137273954,31,325,Critical
6098,13,28.424201583546598,0,0,57149,1.4066657960191322,12,3232,Healthy
38661,76,40.418811221421315,18,7,376364,3.099162747403248,7,864,Degrading
9152,19,33.26661525487618,7,3,85524,1.7476697288214236,0,2992,Healthy
27404,57,42.31101662047372,3,8,277170,2.765252301529861,0,1685,Healthy
22530,47,28.844100282241467,0,1,218888,2.2092215278044476,0,2055,Healthy
38723,77,37.565837440921136,5,9,373373,2.8024312020056312,15,967,Degrading
32275,65,44.08267374457322,17,10,323071,2.697158392034039,1,1244,Degrading
41287,83,44.13414383976487,53,11,416958,3.215408388613193,16,568,Degrading
50334,96,36.170510255066525,87,7,492036,3.5489687871769027,35,40,Critical
8566,17,27.51308048179179,2,0,89094,1.745348520228351,6,3022,Healthy
30647,57,33.21607336547569,6,6,319648,2.605020009948541,3,1481,Degrading
19821,42,36.828355347424335,2,8,195667,2.4001635409499977,0,2211,Healthy
12569,27,34.35960595519103,0,1,152456,1.7970437078112884,12,2649,Healthy
6083,8,26.502673568126745,0,0,51386,1.526012810160043,0,3194,Healthy
11142,16,36.414611213852524,11,0,86012,1.9577201910356181,0,3013,Healthy
43717,87,37.830793627220714,31,14,446882,3.5445700010967625,16,436,Critical
25532,50,30.670787073387224,0,4,254365,2.5481809616117523,2,1724,Healthy
28174,57,36.45688571789848,0,6,276379,2.644030273260114,8,1595,Healthy
50061,97,36.66312474173646,91,16,465336,3.7851912135253394,33,170,Critical
28906,56,41.496949259661626,0,5,275722,2.6985764610791225,0,1522,Healthy
13995,26,32.82416935314137,0,5,133392,1.9165259923433111,0,2711,Healthy
48341,89,36.028443217034706,68,4,459593,3.159668943153066,30,235,Critical
30737,64,26.60274101376764,0,5,309916,2.7248564068693617,0,1380,Degrading
6376,13,31.489644631322466,11,0,76032,1.55643437245912,0,3152,Healthy
2071,4,32.795625313144015,2,1,20934,1.3337742981820941,0,3429,Healthy
13805,20,35.255480419753624,0,1,105446,1.6119034124153973,0,2820,Healthy
24955,50,30.77858790476973,4,0,250791,2.290649115959471,5,1802,Healthy
41935,86,33.40832950371537,45,4,427989,3.522599992934967,21,514,Critical
28730,51,31.883336331823138,7,0,273249,2.340840739973765,0,1774,Healthy
44696,87,44.48347580698939,65,17,451447,3.368858799774438,5,418,Critical
48547,99,46.78317363820272,108,23,505300,3.4912427608224137,47,0,Critical
48520,97,44.74713796574977,98,27,509867,3.6549423379955654,18,126,Critical
7826,16,29.35228357173089,0,8,100120,1.7100016759872414,0,3002,Healthy
15175,27,34.08602678817823,15,0,142125,1.6551300684836103,0,2625,Healthy
38573,79,36.53315740619389,26,6,383732,3.3313815585602575,10,757,Degrading
24144,45,32.11242796174246,13,4,259508,2.2544280295732326,9,1793,Healthy
22163,47,34.00855678340892,2,4,271972,2.4809674565800024,1,1879,Healthy
16136,36,40.74197243649032,12,1,177034,2.1550947659115502,0,2385,Healthy
14714,28,26.51607128082526,0,5,154806,1.9709042168369522,3,2540,Healthy
0,0,28.14721554018874,0,1,29101,1.3788136085533145,0,3651,Healthy
38294,75,47.17300260734879,27,2,394510,2.8080840148893724,14,803,Degrading
23923,51,45.89334241735482,12,6,266803,2.5107670047216217,0,1877,Healthy
21096,44,34.769886063719404,0,0,198545,2.2581039077113916,0,2114,Healthy
30573,62,39.970573967521005,5,6,297991,2.632640112752858,0,1374,Degrading
30304,58,30.91143938961541,5,0,295936,2.796884513827221,5,1571,Healthy
29400,61,37.84391969582966,0,0,296637,2.641496418424012,3,1494,Healthy
25015,52,32.08968490838519,0,1,237107,2.455973388544381,0,1888,Healthy
14454,26,36.39252946939176,22,5,126442,1.6569657221503746,0,2705,Healthy
32877,67,39.55904028403162,0,4,336239,2.874857009054373,10,1218,Degrading
17826,35,21.27922607975649,0,0,160492,1.8850333706767797,4,2385,Healthy
49107,97,32.33395847665162,85,29,493039,3.4401234183439353,38,95,Critical
46600,99,37.86485955407751,74,20,488972,3.6323292628749515,37,146,Critical
11166,21,33.79071162779318,3,0,118778,1.714038991813046,3,2798,Healthy
29901,55,35.44359546362662,3,6,271830,2.6641991483971053,0,1597,Healthy
44804,89,41.32852777076163,61,5,458843,3.4313967756674817,15,319,Critical
16552,28,32.58453148319872,0,4,146042,1.9747132706548347,1,2568,Healthy
50154,96,33.95565286411528,82,10,481837,3.973607956770962,42,178,Critical
6288,8,33.43133389732564,0,0,47077,1.6368821827406745,5,3226,Healthy
33066,66,30.457679100251916,11,0,360663,3.0216253971742955,9,1070,Degrading
11789,20,39.787074911906565,0,0,109747,1.6093838340415967,1,2837,Healthy
23575,45,33.79503575746809,13,0,222988,2.5566095160038604,11,1972,Healthy
32751,65,32.847917875708326,21,0,322135,2.7052831293491972,0,1312,Degrading
40960,83,36.63833445859739,4,2,421969,3.0697947733551163,20,729,Degrading
0,2,25.867155276771754,0,3,2932,1.3314340126047008,1,3643,Healthy
37270,70,42.39248024411869,10,3,359440,2.8064627753664784,0,1049,Degrading
4145,11,28.740726627282903,0,0,53276,1.7190173846326553,6,3317,Healthy
6418,13,35.882125032977406,2,0,65398,1.4476462235010596,0,3231,Healthy
24577,50,40.95652758103702,0,0,239825,2.3171119876518858,4,1802,Healthy
29052,59,41.576296845056994,4,7,286625,2.497491558364248,0,1559,Healthy
45539,84,38.982186286770165,62,13,449004,3.078279608830896,17,417,Critical
41251,81,34.36801228943995,26,2,407169,3.2675351594866875,21,660,Degrading
30927,58,39.37036681377977,5,4,329723,2.3271311343700782,0,1372,Degrading
19705,43,32.286165899770666,2,4,187929,2.4227794415154014,0,2224,Healthy
15309,36,35.21931265056362,7,6,141989,2.3314731260234858,0,2486,Healthy
40975,85,50.739444961275126,35,12,411207,2.968063522063547,20,592,Degrading
20548,44,35.258949596664834,0,5,216614,2.1138375697184015,0,2107,Healthy
45270,90,32.694219584217066,67,5,439466,3.381011727603441,24,327,Critical
4749,11,26.956344020743146,11,1,42945,1.0080552878378546,0,3348,Healthy
44313,88,48.114733761072095,60,8,433339,3.667858588492514,26,417,Critical
36749,78,30.369856522944055,25,12,365079,3.2135679954179452,3,940,Degrading
3035,6,35.64846472219405,3,5,18310,1.418735487469148,0,3480,Healthy
29068,54,36.15355641597387,0,5,290758,2.675646414797121,0,1632,Healthy
25861,51,37.878215042392775,0,2,261906,2.449711740475891,5,1780,Healthy
2256,4,34.94864567667494,23,0,19964,1.0689223215006134,8,3479,Healthy
40078,81,39.217436885305474,25,7,413852,3.29147936748171,13,708,Degrading
37067,71,34.8668312803433,3,1,367591,3.095890935401287,10,1051,Degrading
9313,18,32.260497633921055,0,0,85920,1.571046053268292,3,3038,Healthy
26400,49,32.12668228074677,6,0,280335,2.231294198961235,0,1757,Healthy
43508,94,41.16075332613513,57,9,432019,3.6906355389098824,18,363,Critical
50237,100,38.01578796508526,95,25,489693,3.7321496248293307,42,82,Critical
15865,31,42.21028777357118,0,8,147993,2.2508379332471247,0,2567,Healthy
30496,62,42.05331695256394,20,1,309767,2.9767571615001898,10,1300,Degrading
27664,54,37.12627324323451,11,0,301849,2.7883322555487386,0,1546,Healthy
22102,40,38.64488887325321,14,6,199671,2.00841123902505,3,2151,Healthy
15739,33,32.933883911284326,0,1,165492,2.09477795640722,1,2512,Healthy
50010,97,40.176167671475014,98,18,492293,3.9109720088358895,39,64,Critical
15412,31,30.8265185376685,0,0,144780,2.0550677529176244,0,2611,Healthy
45003,93,32.663155000357705,86,17,463503,3.6967707373895795,29,206,Critical
8046,16,29.31098381700353,0,0,89301,1.410043229472113,0,3175,Healthy
45231,88,30.077344224458948,63,12,453329,3.156512125940033,27,347,Critical
4371,12,46.85410349531226,11,0,65815,1.2901615141864338,0,3244,Healthy
21381,43,31.01633960873575,0,0,222745,2.1872855128878697,9,2108,Healthy
44563,91,43.104831261590384,50,6,439098,3.6183431462362443,14,426,Critical
44289,87,42.0658179290208,51,11,437689,3.46933037789518,20,360,Critical
15291,28,28.850694802462897,9,0,121322,2.0434943224432303,8,2638,Healthy
34648,70,36.687607027452856,5,7,351840,2.9667414535415757,2,986,Degrading
1592,0,14.523995821392074,8,2,25082,0.8397434305347197,0,3569,Healthy
29525,57,37.52771270903375,0,0,287545,2.6846467259393174,4,1553,Healthy
6420,17,33.06359263708186,0,0,66785,1.5319793272417919,0,3038,Healthy
48486,95,38.37367290595018,84,7,472168,3.638323441588332,35,221,Critical
39981,76,31.01402280145205,15,2,400638,3.270249723897023,6,866,Degrading
22376,44,42.834559022490005,0,0,240307,2.2363214034090464,9,2033,Healthy
13509,28,32.17440238532713,0,2,130921,2.164475898651102,2,2644,Healthy
33619,69,27.16735176042785,10,0,341965,3.1159609010359532,7,1173,Degrading
9792,24,27.193222800458468,0,0,94513,1.6431312962746185,0,2963,Healthy
18571,37,41.79739428966636,0,4,188325,2.2781983382743936,0,2310,Healthy
3623,9,31.862577871164394,0,6,48614,1.0717296540578682,17,3263,Healthy
28219,53,28.027888816272274,17,1,270570,2.7418805057164986,4,1626,Healthy
1418,2,29.395829843330922,0,3,9655,1.189662105975748,2,3565,Healthy
16120,33,33.55145250213992,5,0,172747,1.967506850505638,0,2439,Healthy
29564,63,37.92750250364106,18,7,284038,2.485480969452727,4,1373,Degrading
18990,39,42.037417016203534,0,2,214207,2.1214377440813355,11,2246,Healthy
1147,3,32.237809927359635,7,2,6354,1.2419634396860102,0,3446,Healthy
29800,59,41.09219337381898,13,8,289212,2.6269560858923993,7,1479,Healthy
34411,67,34.652230899736544,15,4,355049,2.8594541885233236,0,1223,Degrading
35581,70,43.96814849362728,0,0,360890,2.973190007747018,9,1067,Degrading
9847,19,36.594861064241975,16,5,92113,1.623801355584551,0,2983,Healthy
13802,24,37.78856606133988,0,4,126832,1.7988084519665746,1,2712,Healthy
12958,27,37.45928882042206,0,2,128303,1.939064465612962,3,2641,Healthy
12570,25,35.37615380953005,14,6,119951,1.8064283089796838,3,2766,Healthy
23350,48,38.23809769877428,0,1,250801,2.3175746703294102,0,1889,Healthy
43391,86,35.69746968778021,24,5,417285,3.2134869978106315,14,606,Degrading
9659,22,32.86628347236487,0,0,101946,1.2884851336017125,0,2917,Healthy
45399,92,40.84015321894647,48,4,470749,3.7597016099667244,12,312,Critical
49050,100,35.16683713494111,108,17,485591,3.619230248887907,40,35,Critical
30133,58,40.237079121589716,0,0,302340,2.7576237584957752,0,1567,Healthy
29222,59,33.685410648618436,0,0,276815,2.768827961444279,14,1537,Healthy
11373,20,32.4657095699521,0,3,119088,1.7654742708421975,6,2746,Healthy
15448,28,32.10869092045243,3,0,119436,1.7031354597072066,0,2601,Healthy
31388,66,27.98250130319839,0,10,313668,2.5271251549488323,5,1314,Degrading
11906,24,32.4264661726157,11,9,144645,1.5754975478008508,0,2710,Healthy
5563,8,34.40610188357926,0,0,69809,1.3728863832538347,7,3309,Healthy
34690,69,28.08542759214462,8,4,346949,3.071353441366064,10,1029,Degrading
24054,51,37.03808563389328,3,5,247223,2.5370354815923744,0,1808,Healthy
20242,44,32.9042519346812,0,0,212003,2.505904900887962,1,2038,Healthy
29111,58,40.30299866918295,13,3,283009,2.8105182791039165,12,1571,Healthy
40785,79,36.52511449522331,35,1,408408,3.008821729263973,11,622,Degrading
48200,98,37.90115611086631,105,11,482130,3.755309828141937,38,57,Critical
45323,96,42.08527006634223,68,7,448363,3.493818019775894,23,302,Critical
46655,90,39.58323323656028,76,14,460075,3.4664731160489475,27,316,Critical
48530,100,41.724180104649484,112,18,480646,3.8904960916871523,36,74,Critical
927,0,31.693535799437253,14,7,7123,1.2649393322251816,5,3550,Healthy
43189,80,38.10280619831375,43,4,407950,3.2053537083412373,12,652,Degrading
18117,38,34.76530169147037,1,0,186387,1.993830168039976,0,2208,Healthy
4938,5,34.52191486819321,7,0,24191,1.1052187814866992,2,3422,Healthy
11904,24,30.342647968092976,0,0,121705,2.1384342673357906,0,2794,Healthy
38766,78,33.4559759848473,25,4,390985,3.0792891556035764,16,769,Degrading
34383,72,35.969062926270894,18,5,363848,3.0276019193883315,11,1015,Degrading
47926,98,40.76868914511802,73,21,482617,3.5659058006752375,33,106,Critical
16267,35,26.108258318862354,2,0,168650,1.9811091895093114,0,2471,Healthy
7100,13,30.21646312871322,0,0,77224,1.6584241425907293,0,3143,Healthy
15680,30,34.319074613445544,8,0,166286,2.0028377753344775,5,2487,Healthy
23200,44,32.463049070765656,7,0,226384,2.2512292781096184,3,2006,Healthy
28153,56,35.29787603217193,9,9,269878,2.5407665208211667,0,1545,Healthy
38894,75,29.718044553278673,22,5,390023,3.196962443446084,2,916,Degrading
22250,44,35.877251318470385,4,0,222323,2.411740550310461,0,1959,Healthy
33322,66,43.39139321968733,9,0,323465,2.944853607234777,4,1287,Degrading
33705,64,40.10391290116072,5,6,299492,2.6130538841338233,9,1281,Degrading
9050,19,34.14842633056519,15,0,96119,1.8472160766453014,0,3018,Healthy
28641,53,31.39557856128499,0,3,276381,2.542737953750339,6,1682,Healthy
19699,42,36.32716432484638,7,0,186193,2.2128799692664094,0,2136,Healthy
41920,84,37.57186216998367,37,10,403754,2.8394511046344557,15,658,Degrading
16193,33,44.676773860879564,0,0,154309,2.2631528960246228,0,2428,Healthy
42842,86,39.039275230819584,29,10,447681,3.2544523876807587,15,522,Critical
20342,42,38.95925671473306,18,0,207605,2.199370909094928,0,2105,Healthy
13696,25,24.44005024271413,4,3,94996,1.9376399754249296,4,2796,Healthy
1800,4,28.617694426702172,24,0,14114,1.322977657077592,4,3484,Healthy
35559,73,44.76440825643683,0,5,342794,3.085125919865552,7,1062,Degrading
16924,30,30.60094548492462,0,0,166959,1.9017221187250262,2,2459,Healthy
12632,23,44.33386467479026,0,10,136341,1.7620243622693077,0,2780,Healthy
5260,7,20.26872500589618,0,0,29382,1.5351303216572112,0,3371,Healthy
46956,97,40.761052240732035,99,20,486235,3.9252189444952594,38,153,Critical
17077,36,40.403990379917694,0,1,154566,1.9050598589877619,0,2540,Healthy
4373,12,33.134624745202196,0,0,65880,1.795053791578968,0,3262,Healthy
22722,47,38.67781972787513,10,0,241593,2.4130374345306205,0,1874,Healthy
23460,47,33.189028289995534,27,0,232593,2.2151078554814236,2,1953,Healthy
17972,34,33.64667055587034,0,4,187114,1.838505533771779,7,2426,Healthy
9633,18,30.500311180005053,4,0,110360,1.5256976704916116,3,2844,Healthy
39639,75,37.22965979485953,27,12,391876,3.2443657307575946,6,754,Degrading
31812,68,35.90126935801859,14,0,340189,2.9360131291645493,0,1199,Degrading
27450,52,32.74712150140307,8,8,266556,2.7786119138247027,0,1693,Healthy
7091,14,36.76009336888489,8,0,75059,1.4714092019933918,0,3067,Healthy
45818,94,37.63768435395346,65,12,483504,2.8758564514542146,21,341,Critical
21813,45,35.34265546138625,10,2,221091,2.5426352678991333,0,2012,Healthy
27533,51,22.993030536484255,12,0,271329,2.824216487278811,4,1700,Healthy
21673,43,28.428773804934472,11,3,240266,2.0829340693657143,5,2025,Healthy
47709,99,39.74767219751243,105,13,487635,3.797740450536976,37,73,Critical
11807,23,32.328702053359926,0,5,118936,1.85889742839498,0,2789,Healthy
8830,20,28.070171004054686,0,0,122995,1.6107975704524697,0,2828,Healthy
29168,62,41.89690554090035,0,0,291631,2.980402156550928,0,1402,Degrading
13204,28,33.12696909153103,0,0,122962,1.9985539393013416,3,2638,Healthy
5610,14,41.61284639811731,6,2,72427,1.320957992920949,0,3159,Healthy
32866,68,43.94621144351643,11,0,307767,2.8558288197352475,6,1203,Degrading
42246,82,46.98565785848396,36,6,409112,3.395064453804652,18,543,Degrading
1837,4,39.579921715000786,9,0,35495,1.4597213846651726,0,3432,Healthy
4222,13,35.741979562710775,9,1,39271,1.4439237843491715,4,3244,Healthy
32619,61,40.44177171336372,10,8,310893,2.8938216920863065,0,1405,Degrading
39768,77,38.26835208017795,13,6,372362,3.357151375232258,10,790,Degrading
19556,39,31.300969441717065,7,0,187174,2.2952787583629766,2,2196,Healthy
22865,41,43.26525818846399,22,9,210950,1.907981020928797,0,2077,Healthy
43229,79,36.6143448396583,36,9,407788,3.121996456314193,14,695,Degrading
43745,83,34.67483425415268,47,7,445713,3.4493356316264054,15,511,Critical
4985,7,34.151643562361556,0,0,44820,1.2446341915368473,7,3449,Healthy
50347,97,31.119471772334855,99,16,501222,3.728594734094367,36,17,Critical
12454,27,36.71690255788063,0,0,140307,1.7794240372638754,4,2658,Healthy
33755,61,33.02366334447166,14,5,320727,2.7764618484019943,1,1262,Degrading
16022,35,37.27788969121195,9,4,159303,1.9215797330506965,7,2423,Healthy
44599,89,41.50556557562918,56,21,476147,3.6243134552716048,33,288,Critical
35054,72,37.038542479691536,4,8,352882,2.8652040218578643,9,1009,Degrading
40032,75,35.4965147664574,23,4,404815,3.5902828463232366,12,733,Degrading
35685,69,38.49713684046418,20,4,368282,2.7768729600222297,3,1084,Degrading
7159,16,23.316721438396936,5,0,87726,1.679341124715608,4,3073,Healthy
24051,48,31.341376408226765,8,0,243185,2.37882717189747,0,1873,Healthy
41400,85,36.81809727565361,28,2,422093,3.084560844602146,24,555,Degrading
40234,77,36.75687033569773,24,11,372034,2.8696237060321463,11,852,Degrading
18709,41,42.18951458386756,8,2,205693,2.1318414514697825,8,2125,Healthy
1781,4,23.486251549509326,0,2,12664,1.2701288843018235,2,3578,Healthy
21527,42,34.79583277476748,0,1,221938,2.3742274959439325,0,2028,Healthy
22477,49,26.626964250962615,10,1,238952,2.3869811117560786,4,1857,Healthy
27593,55,30.328667542610752,0,0,264992,2.4824714923533215,0,1583,Healthy
15655,30,26.722895206572915,0,3,145810,1.6679245683265145,11,2547,Healthy
12761,27,28.51179682479854,0,0,140016,2.1073688581700964,0,2614,Healthy
39437,84,34.71217709985438,15,6,405910,3.3072988942582864,0,708,Degrading
10088,21,36.336873913628885,6,1,82741,1.6066510662003683,0,3014,Healthy
31718,66,39.497722863208956,0,3,325327,2.554990480797996,3,1367,Degrading
14910,31,43.6924768299932,0,0,166196,1.9735429578159365,0,2532,Healthy
3403,7,33.124172156942656,6,0,29178,0.8088018488749114,0,3490,Healthy
25468,50,37.07719223634741,10,0,234097,2.273143680802464,6,1719,Healthy
31377,65,37.027310148733704,21,8,303250,2.871977283611283,12,1313,Degrading
32684,65,31.214079835106777,0,3,348325,2.8465766493681235,0,1217,Degrading
20734,43,32.10245034845213,0,4,224533,2.255903629463336,0,2104,Healthy
1909,4,26.50942954836892,0,0,24439,1.2354550693450255,0,3520,Healthy
44631,90,37.78589015623435,49,12,457986,3.4040504713459017,29,341,Critical
30581,62,39.227753233994235,9,4,320025,3.031190595167858,5,1321,Degrading
29646,62,33.090095285867825,0,0,280361,2.4449971803326513,0,1538,Healthy
24195,46,36.67024127828684,21,0,240948,2.117317690200189,2,1990,Healthy
49854,98,37.14064496169719,97,10,496791,3.826966578546022,35,41,Critical
48077,99,31.395786429313628,102,27,489487,3.7546557723200333,42,86,Critical
9680,18,37.56611571840375,4,5,95004,1.645077315346198,0,2987,Healthy
33808,70,36.68357405961605,5,11,345654,2.7291989623191535,4,1028,Degrading
9282,19,35.75081323725852,9,0,118097,1.6100358023458403,0,2875,Healthy
21878,45,47.2282459344535,7,0,214611,2.315619182132673,1,2035,Healthy
7005,11,34.085411752000724,0,2,40648,1.8158994224119156,0,3243,Healthy
3108,9,28.089632289251806,1,2,55425,1.5873950001339112,0,3311,Healthy
45862,89,44.472078058214414,83,10,450922,3.461278029408617,22,318,Critical
33318,64,43.01170140098074,23,1,353576,2.760141142459311,3,1166,Degrading
13964,29,33.0644064210505,0,0,154455,1.817585331146188,0,2615,Healthy
44488,85,39.38929962815423,27,5,425023,3.2860066787690534,23,554,Degrading
25446,51,33.99424720396779,5,3,260944,2.3750982833141174,0,1750,Healthy
32866,65,41.789368143881944,13,2,335048,2.898576434205838,0,1211,Degrading
20003,41,40.330821086492975,0,5,215372,1.9943256319890315,7,2155,Healthy
22977,47,43.22493166835934,0,0,234974,2.240063252105362,0,1863,Healthy
2415,2,36.27070077864931,0,3,34717,1.2559532211794138,1,3487,Healthy
29553,58,41.77764991917109,25,3,311718,2.6541012460479636,0,1473,Degrading
26270,54,36.53600382683908,0,2,268813,2.4218305675106087,8,1616,Healthy
9768,23,32.81193567484423,15,6,114501,1.7485568718424829,0,2893,Healthy
13944,30,33.065314713496306,23,0,152095,2.165430539196779,0,2588,Healthy
17621,30,43.976906219293866,0,1,150593,2.0351441610659124,1,2409,Healthy
9237,14,30.612936690554072,10,3,95671,1.477660123340145,0,3014,Healthy
1768,6,24.583798973420038,0,9,8235,1.347691034549637,0,3403,Healthy
45665,89,33.81503318989112,46,3,437958,3.158114193784798,18,327,Critical
42693,84,45.27784940045863,32,11,423366,3.2845494499884933,27,518,Degrading
45049,90,37.98288768841294,55,13,442404,3.1215253521786006,12,394,Critical
7675,16,34.01697018786862,0,0,96468,1.6091882887528934,0,3058,Healthy
1082,7,21.84583147077801,0,6,9681,1.2927048758392106,0,3458,Healthy
47908,96,42.097832528493946,87,20,482744,3.6710867096331867,40,127,Critical
12399,25,31.811341580963184,4,0,135808,1.835644912833744,1,2707,Healthy
22174,46,30.955303146050554,3,2,221539,2.2365011118392903,7,2003,Healthy
42127,81,42.775405556977034,35,5,403529,3.181500774410958,9,638,Degrading
30276,60,36.34007591691117,2,0,293666,2.429762554228455,0,1493,Healthy
22877,50,36.764656602489794,10,1,233809,2.3812425943207307,2,1897,Healthy
22642,43,35.550618062978515,0,0,210293,2.584902051562035,8,2026,Healthy
10306,23,32.7127872740224,8,0,123794,1.7367287977356638,13,2776,Healthy
48821,91,34.67766150877351,51,10,474948,3.5551716264565734,25,287,Critical
25724,51,33.611005153265964,0,0,260186,2.666886696050421,4,1641,Healthy
41791,88,33.35342505841079,59,20,442122,2.9676831164315702,16,478,Critical
38905,79,36.514657084714635,29,2,401714,3.442865874306694,3,655,Degrading
22698,42,26.698401445577748,2,4,229465,2.3128988966733455,0,2024,Healthy
47525,97,38.15640180614529,84,12,494329,3.468109679140967,32,137,Critical
43814,83,33.249363723807065,31,11,434411,3.290314868432787,15,343,Critical
566,0,24.80430890843345,7,7,0,1.1805617910387516,3,3581,Healthy
36222,74,32.7603085861443,0,3,376615,3.286720897075689,0,890,Degrading
26117,52,37.25833245768079,9,11,238994,2.4697617112688706,11,1900,Healthy
27507,58,43.466458877242964,13,8,298678,2.6369973201147756,0,1605,Healthy
2131,2,29.655537292284148,2,0,0,1.3276879009558242,0,3635,Healthy
45762,84,36.48741822585839,43,7,438723,3.479164234546569,24,442,Critical
23045,44,35.51910645503574,4,8,227194,2.3904739302246663,0,1994,Healthy
3444,2,32.93811828749387,0,1,18901,1.3424994010105593,0,3494,Healthy
48299,96,22.18874766918549,74,15,463379,3.486910483958841,37,209,Critical
5603,11,28.244009182343248,14,1,55416,1.4549676833410436,8,3197,Healthy
10565,23,29.0824668264165,0,1,109858,1.891184475401532,4,2830,Healthy
43907,86,37.67589487413952,57,15,432763,3.25175312776575,14,491,Critical
2996,6,27.335432152207034,0,0,47291,1.3057786304353818,2,3352,Healthy
24061,48,42.17536771636137,4,0,233727,2.523232043320734,8,1900,Healthy
38680,77,36.98157180840888,28,12,387429,2.9262760082604053,5,867,Degrading
3274,10,36.2541795215959,0,0,55537,1.5412474702720333,0,3354,Healthy
46859,90,37.72608362598277,48,6,444082,3.5153188324330538,23,343,Critical
11503,25,24.01648598726535,0,1,121695,1.6962427145087404,0,2732,Healthy
29889,56,24.09082949415846,0,3,291517,2.776628256882591,3,1459,Healthy
38139,73,31.94134078767556,9,1,358287,3.0019401196756244,6,1013,Degrading
26805,53,33.90712754777182,0,1,276194,2.1934244795964335,0,1679,Healthy
43142,90,44.898861286428556,42,14,434846,3.8586308858269254,17,451,Critical
31917,66,36.57140838209634,1,8,309875,2.803861193725337,7,1365,Degrading
4716,10,30.18385607607978,6,0,57851,1.5536921799518975,2,3266,Healthy
28449,58,33.75651577326401,0,3,288298,2.593979999949618,8,1652,Healthy
1611,2,33.04842224785663,9,1,34778,1.254889416874288,3,3541,Healthy
44999,92,40.166376287072964,53,4,473953,3.523492047508464,28,289,Critical
37186,78,36.574364941844415,16,1,381131,3.0927349902651424,10,859,Degrading
5010,2,28.496027788250572,2,8,27702,1.1341399524706421,0,3385,Healthy
1874,5,34.96222458632708,1,8,19658,1.0040899782005457,1,3529,Healthy
39900,76,36.73750008153738,23,3,401717,3.0474813303750694,9,729,Degrading
18440,35,38.98753401296466,1,4,195175,1.9855032812951328,0,2396,Healthy
39321,80,37.99685222963727,50,4,398725,3.0262075948246134,15,774,Degrading
13457,25,29.646156030884434,0,5,150671,1.8243916964975004,0,2656,Healthy
27954,59,39.03645525241019,0,3,276860,2.517559735256478,1,1600,Healthy
28391,59,33.736960160559846,19,1,296554,2.6631644250934077,0,1549,Healthy
38817,74,38.69223286273378,5,2,367146,3.3327850439640923,17,881,Degrading
27376,57,32.91380754327097,3,0,272974,2.800678826394227,2,1583,Healthy
46474,91,42.00361597115147,97,17,484541,3.410560158301173,38,188,Critical
14139,26,34.94084983723896,4,6,150156,1.6731238448079688,0,2531,Healthy
17636,34,40.799227671421335,0,7,164387,2.262708587277209,6,2376,Healthy
13208,27,30.753274421607543,0,0,129608,2.1225285127578246,0,2622,Healthy
32421,70,38.54312993741259,30,8,312429,3.2004478347482523,11,1121,Degrading
7399,17,33.23821554627168,0,0,84928,1.6936358974573005,1,3106,Healthy
43305,85,38.57459287553654,33,0,427566,3.327390949251252,18,544,Critical
868,5,33.04653951163569,8,0,13606,1.2200335844332093,0,3520,Healthy
44550,83,31.603798764989982,22,3,456162,3.3844608519101316,16,479,Critical
29174,58,35.24289775017171,11,4,287574,2.834935094437358,8,1583,Healthy
46015,94,36.88540106492626,58,22,461919,3.508197103810218,28,348,Critical
29140,53,35.44147535769823,7,0,271643,2.519785893179508,1,1686,Healthy
25951,49,42.76527265193667,0,0,270219,2.4613513160743468,7,1802,Healthy
46237,92,38.67799683204629,73,10,470829,3.469262424475781,21,327,Critical
47445,91,33.38167375689926,73,9,469197,3.4600931483058193,29,229,Critical
28395,57,39.73464338375745,16,7,303186,2.5225846847479163,0,1596,Healthy
39113,77,37.68268471648625,19,0,388819,2.987987231643547,11,843,Degrading
31344,64,34.80190207176981,3,0,321545,2.560753696092566,0,1322,Degrading
38144,78,38.02494300885111,20,6,388358,3.0968152216067524,15,774,Degrading
6705,14,29.28918143634861,2,0,68975,1.1459075446971894,0,3077,Healthy
5873,13,26.876032618425267,0,0,68306,1.4141050502514494,0,3136,Healthy
16396,34,35.3175818022764,0,0,168221,2.1602227950727033,1,2497,Healthy
46553,93,33.20547999760281,75,4,469240,3.563993471406874,25,288,Critical
32672,61,31.57856418161638,11,0,356319,2.9158506537509927,4,1279,Degrading
3303,9,36.76405091498231,4,8,11375,1.4502454131630782,6,3436,Healthy
30081,64,43.39490936708125,8,5,307331,2.829151738894176,10,1339,Degrading
35402,69,43.71939314205015,5,13,346110,2.7116179349777427,0,1036,Degrading
41320,80,29.904505185777502,33,12,421419,3.2891887408563094,17,615,Degrading
17434,36,35.358716632164096,0,0,194004,1.8744929833448938,0,2296,Healthy
11589,22,20.206054426102913,0,0,108619,1.5765058480696976,0,2859,Healthy
3179,7,28.46541881821558,5,4,32894,1.221084107856675,3,3387,Healthy
19168,38,41.557953625863895,0,0,199373,2.2264653977440707,1,2204,Healthy
2652,3,33.285092200381975,0,3,18220,1.2024902177318495,1,3513,Healthy
7127,10,28.749958988592585,0,2,82366,1.6948019134791898,0,3027,Healthy
21070,39,40.633985708339175,0,8,199249,2.267616215636105,0,2206,Healthy
15981,34,24.905576591472087,0,0,145422,1.811242508258316,12,2474,Healthy
27020,58,37.412164549529166,0,0,289878,2.60867847485472,0,1643,Healthy
2513,3,31.029676872080636,13,0,9174,1.2716793244925813,0,3540,Healthy
9243,19,29.759376219499707,9,0,92618,1.6400913414435536,0,2977,Healthy
20364,40,40.22692439556088,0,1,211735,2.506935406332471,7,2119,Healthy
46445,93,43.869708110857935,62,15,473090,3.5888752970691526,40,209,Critical
43603,86,43.72062930087624,46,8,413970,3.024365191176159,15,625,Degrading
43225,86,38.43804096736498,60,0,446611,3.601510460537458,15,385,Critical
35273,66,38.92179786828497,6,0,356723,3.214070245861873,13,1122,Degrading
39174,76,41.51972940407646,16,10,383103,2.799230530896907,10,818,Degrading
35588,72,36.523775953169334,24,8,353050,3.0454546536181626,8,1043,Degrading
5697,13,41.48346641074619,7,0,43930,1.4356205465571084,2,3134,Healthy
45053,86,38.833770260886034,39,11,430886,3.475006012679222,25,443,Critical
48808,94,42.15379778284717,74,9,482667,3.4362376144348747,30,129,Critical
31706,69,42.919618844173485,9,6,305630,3.3146695503560952,1,1295,Degrading
27857,51,41.22571705361875,0,0,267919,2.637415187874277,1,1648,Healthy
27128,52,30.61715515782931,0,1,256678,2.6814774755263224,3,1777,Healthy
39332,80,30.697769652774156,5,1,404178,3.239865892443692,5,637,Degrading
40065,82,39.5606814824574,31,6,385451,3.0793746310278602,9,850,Degrading
22853,48,40.88387114147766,3,0,238391,2.3437489709712542,0,1931,Healthy
40846,78,46.141368287084774,1,1,402083,3.3556321830569082,12,808,Degrading
14123,26,24.10262349270564,5,2,154670,1.9904174554180363,0,2606,Healthy
20706,40,30.43198336747188,2,0,210601,2.1166293972990453,0,2023,Healthy
26365,53,33.98882706745428,17,7,254687,2.815900254908671,0,1738,Healthy
36455,75,32.534027033519266,14,0,384390,2.809304762653614,12,894,Degrading
18250,36,39.35888597882568,0,5,190699,2.082143416644027,0,2319,Healthy
35309,70,38.29957147050378,17,0,345436,2.7616368383011727,1,1207,Degrading
4894,11,22.20985268439734,0,4,69462,1.452472622527812,0,3203,Healthy
2170,2,33.00206666057582,0,12,26461,1.2469673370508108,0,3521,Healthy
47566,95,34.98197916497766,74,14,465762,3.352684836861917,30,214,Critical
39541,81,22.919326261451573,31,0,410926,3.5172177415585817,8,689,Degrading
40388,76,46.386232813274916,24,10,421061,3.1879513949801908,10,768,Degrading
21514,43,28.912846501923784,0,4,222143,2.37518047536509,7,2050,Healthy
23952,48,30.369807023079872,0,0,221388,2.5383669086627747,0,1890,Healthy
16121,36,36.72138404753591,0,7,181981,2.034877397880684,7,2420,Healthy
20662,39,26.975204191129375,1,9,237874,2.4091757083748115,0,2048,Healthy
18080,33,41.27995518927569,7,3,180948,2.1444027225780586,1,2413,Healthy
13302,22,27.091781894341285,5,0,115461,1.793229726064913,0,2795,Healthy
5757,7,27.749375281335958,4,0,27212,1.4121146338542796,0,3356,Healthy
43406,89,34.12657880937572,49,3,442921,3.309572883312438,19,473,Critical
33418,60,35.476770162866124,14,3,339518,2.9234579469123703,1,1191,Degrading
44423,82,45.47644856439585,52,3,436944,2.9668701772294623,15,511,Critical
38780,80,36.78864042375339,26,0,384366,2.8346165093141904,9,808,Degrading
3996,10,33.77350138708735,0,0,50309,1.3303155974209382,0,3333,Healthy
22476,45,33.30561741101785,0,0,231632,2.430572790347799,0,1966,Healthy
10645,26,40.0220215861934,0,0,112131,2.1472649640388304,3,2824,Healthy
2428,6,24.003088544283322,0,0,17804,1.39612734079865,3,3464,Healthy
45676,92,45.98237303587708,75,11,446247,3.213188180530642,25,377,Critical
22066,46,39.217362149051006,0,2,242067,2.256371799037911,0,1990,Healthy
35289,68,37.08989612443071,0,0,357494,2.6506259619418926,9,1078,Degrading
24533,52,20.32336797416255,0,0,278443,2.602300834710709,0,1750,Healthy
46604,97,40.55209731708069,59,17,469594,3.520861359938763,32,153,Critical
27345,51,27.858441868800316,0,0,248792,2.202101034001434,2,1743,Healthy
29177,65,36.10319069304189,0,8,314090,2.6880609583573443,6,1359,Degrading
3020,10,39.14303464285201,0,0,25014,1.1559812482925333,2,3402,Healthy
44917,91,28.220605268647084,54,4,478655,3.1801988394598695,38,317,Critical
12522,24,36.84216634529131,0,0,136599,1.7065869151178983,3,2704,Healthy
39647,77,44.761263983061475,35,6,403601,3.5944329553613015,8,765,Degrading
30256,61,35.77211394948926,20,0,305674,2.2742556741738635,12,1367,Degrading
19485,30,37.89069941181862,11,2,183951,2.1935589079925335,5,2317,Healthy
40480,78,39.0533528681324,10,13,392678,3.2207900585785008,8,742,Degrading
32867,63,32.283491751901494,14,6,319043,3.1120460257349225,6,1256,Degrading
28017,53,37.808303405616854,4,3,293460,2.7286883004202758,8,1632,Healthy
1429,0,31.403977469418365,0,0,9531,1.211156061847563,5,3484,Healthy
31459,62,34.663438500465254,14,3,324549,2.6351146835138097,7,1383,Degrading
20636,39,33.41387580668417,1,0,195302,2.4951770945019525,6,2178,Healthy
32790,66,40.37825344158187,5,5,324775,2.9841875312838924,5,1269,Degrading
11350,19,29.58607133857709,9,0,105423,1.8060182564224048,7,2835,Healthy
9146,14,33.69923089236385,0,0,67328,1.7802343602552628,0,3058,Healthy
38395,75,42.9876207879838,7,1,378486,2.9835386537251773,0,879,Degrading
33207,70,32.11343628971706,13,6,336614,2.9501466711334876,3,1165,Degrading
30812,62,34.07437550898155,24,2,295242,2.538152439671595,15,1392,Degrading
13492,27,28.75620518346945,0,2,155713,2.039131846202643,0,2471,Healthy
42063,87,36.32516397536757,54,13,427835,3.5219923858926863,19,528,Critical
42559,82,39.234076522471895,26,7,421531,3.626871502126403,8,611,Degrading
31665,63,37.880420510307935,10,0,301000,2.7321666207326203,13,1415,Degrading
19026,43,31.907603752238806,0,0,204238,2.2440239157542163,3,2157,Healthy
33596,67,34.57120342364658,0,0,322522,2.9191202126801947,6,1222,Degrading
6080,8,28.10640343023601,23,0,53303,1.3377129689731404,0,3337,Healthy
40118,83,33.6000153855418,26,9,401321,3.1443404694872514,9,730,Degrading
33229,70,40.819677195676825,0,0,335132,3.0701279916841067,0,1284,Degrading
1077,5,27.077668407054418,0,0,5906,1.267833599284903,4,3587,Healthy
10072,19,28.273945300260287,0,1,105247,1.496605502983433,1,2900,Healthy
43442,86,32.95306546598419,70,15,445205,3.1351770779973647,17,414,Critical
14570,27,26.368495344133127,12,8,154205,2.176233653158507,0,2576,Healthy
6955,14,28.358106027558552,0,0,69109,1.3961587586275357,4,3196,Healthy
33640,69,46.34316829167481,28,5,334550,2.6526836357322465,3,1169,Degrading
25410,51,37.40938032092662,8,0,290366,2.7631890090301043,0,1650,Healthy
22296,45,34.2892910975181,0,1,237424,2.49594232464212,0,1914,Healthy
43874,88,36.56267660066419,58,14,441414,3.6034994505962223,18,356,Critical
47708,97,33.05391359329345,90,16,467890,3.6184346937115883,44,78,Critical
27304,53,36.17754007772416,0,0,278251,2.444001990821808,6,1687,Healthy
16199,33,36.5560697133072,3,0,165712,1.8110896074398648,0,2481,Healthy
15441,28,37.18274194433834,15,0,142256,1.8671984141906772,0,2551,Healthy
623,6,41.45417067683449,13,0,15189,1.2788728619906107,9,3483,Healthy
20358,37,34.527847489043424,0,0,189120,2.028152709259991,6,2157,Healthy
34205,71,40.146197463884334,29,2,350936,3.016266593830975,13,1043,Degrading
16426,30,35.488751966658626,10,0,153107,2.0720360237094573,0,2521,Healthy
29664,58,37.79586164551603,0,0,310987,2.696930514064127,4,1422,Degrading
537,4,38.421770575829136,0,0,12577,1.0386971198390098,0,3486,Healthy
40357,80,35.59722853309814,37,4,387576,3.217876339909771,5,755,Degrading
21329,42,35.03429998085268,0,0,231812,2.5211748495914543,6,2071,Healthy
29120,57,33.71890387344795,10,0,284952,2.6097656386975068,0,1584,Healthy
22875,44,39.00372782230118,3,4,226114,2.3672710169893705,5,1993,Healthy
18753,36,30.942937257529046,10,4,180974,1.8825628219722743,3,2284,Healthy
7708,16,35.450361316933815,0,0,78602,1.4227666761753275,0,3074,Healthy
13055,24,33.152914271900265,0,4,126693,1.8295462731228358,2,2776,Healthy
20978,45,37.410328922097825,0,3,219591,2.382586208704889,0,2008,Healthy
29399,57,28.21278203910983,13,3,282785,2.5232573467430477,0,1482,Healthy
9434,18,35.764105553919904,7,0,91976,1.9396740714399743,1,2945,Healthy
46645,91,31.805333923638656,66,13,452849,3.2300866217866226,27,255,Critical
44347,88,38.43696221073057,46,7,437102,3.3864190545975026,26,426,Critical
5526,14,23.12719647289567,7,0,86645,1.5455121466813324,0,3097,Healthy
8149,16,46.142615885964005,0,0,68748,1.6480572527014152,7,3124,Healthy
16866,34,48.462431838380795,15,0,180944,2.2544499312398116,4,2343,Healthy
22981,47,36.91591764525108,0,2,255402,2.5950891720607836,0,2015,Healthy
20363,39,36.379753159186485,18,3,200743,2.232159613632029,0,2212,Healthy
48577,94,39.92565583853536,84,14,486017,3.424268186149728,29,101,Critical
39627,83,37.40635477196336,24,0,396249,3.4574399979049937,16,784,Degrading
12560,27,34.601422855869956,0,7,121740,1.4005490543376742,4,2735,Healthy
20811,41,27.074563069759186,16,2,196887,2.499361906917045,7,2243,Healthy
41354,86,38.1315454869548,34,7,419854,3.205287276660119,16,577,Degrading
28413,56,36.37674787749118,2,0,270097,2.701042840084823,5,1577,Healthy
28946,58,35.37131725785101,6,9,294278,2.8173620596418005,1,1562,Healthy
19937,41,33.44010322033457,0,1,191789,2.1827715355622352,0,2257,Healthy
23267,44,31.221866710835926,0,0,225962,2.506582432515143,0,1893,Healthy
19603,44,37.68645947754811,0,4,187252,2.3159159508461746,1,2276,Healthy
42742,88,41.58645268613819,59,10,443923,3.472623097145474,24,336,Critical
5738,11,36.01661747992752,8,0,52501,1.54160155449985,0,3287,Healthy
27427,57,35.57130258042927,5,2,278328,2.9827489593745558,10,1477,Healthy
39850,84,38.26766389930103,54,3,418579,3.1999670079030396,7,670,Degrading
28347,56,35.10364235529799,13,0,277581,2.380222662168823,8,1600,Healthy
32921,63,36.84051754870719,11,5,322986,2.85225550480417,3,1296,Degrading
32330,64,32.670405096383234,15,7,304651,2.817323236242549,3,1344,Degrading
20449,45,27.46113825127404,5,0,210335,2.4593076719830744,2,2026,Healthy
1951,5,35.334617731310274,0,0,24216,1.29791040964385,3,3483,Healthy
31958,58,32.87541542005916,0,9,318128,2.5078021996403477,2,1446,Degrading
16081,33,31.016636514945112,18,0,173296,2.3982755039154138,4,2379,Healthy
35190,73,40.55793626188579,11,6,368959,2.7430526091048995,10,935,Degrading
15171,30,26.30739629520803,0,0,146854,2.034835539647937,0,2571,Healthy
16962,33,32.34714744054812,22,0,180964,1.7800352227538638,0,2427,Healthy
30091,64,34.457794806478454,0,11,305301,2.640812463419295,1,1250,Degrading
36543,73,30.017569211978262,14,5,367789,3.053523768197796,10,955,Degrading
37529,75,37.15917994831901,20,7,352487,3.2473771816727197,12,902,Degrading
27358,50,36.07497182107728,5,0,264833,2.508054024814979,2,1724,Healthy
17056,36,36.710858748008825,0,0,174457,2.394569666085113,0,2361,Healthy
1253,8,33.110968038068776,0,0,27714,1.0992397227306028,3,3444,Healthy
4305,12,36.12774389950827,0,0,49663,1.5705479563122249,0,3373,Healthy
22917,49,34.63344803185755,16,2,226450,1.9602532828985852,0,1870,Healthy
24516,50,41.53605306280607,12,2,262691,2.5253782682875197,1,1883,Healthy
17969,32,37.610288548828514,9,0,192325,2.1087628102831997,3,2344,Healthy
20600,45,38.84121361230401,8,0,211403,2.564314249747593,6,2060,Healthy
20796,36,30.804214255637312,6,0,199042,2.230234508142006,0,2241,Healthy
41519,86,37.057184791357976,38,6,426750,3.1139709817774084,20,558,Degrading
7699,15,35.645950696927784,8,0,76360,1.3312581912983739,0,3045,Healthy
3311,4,19.955260495340895,7,0,29661,1.462190237379235,0,3359,Healthy
15119,27,28.42300309690121,0,0,142968,1.885650954667706,3,2536,Healthy
15893,33,25.4809768380883,0,6,133567,1.719876313255853,0,2608,Healthy
23545,49,40.21302744615966,11,0,239335,2.4924186885553237,4,1842,Healthy
43944,87,33.70052249415552,54,4,421148,2.9993246792642116,20,589,Degrading
31929,63,44.25567527393814,22,4,330331,2.7662369503141497,6,1282,Degrading
32825,65,36.44644626259111,2,0,322111,3.0668679271124284,0,1312,Degrading
31515,62,44.6647341004324,32,4,303796,2.6588530199869216,5,1373,Degrading
7203,10,41.05719105116697,5,0,64292,1.4155345572611941,1,3224,Healthy
38754,78,47.76559186622567,23,7,407148,2.9858378692339644,18,729,Degrading
21094,42,44.86679948425202,12,0,204725,1.8941390974201084,1,2181,Healthy
16209,32,28.419252790447118,13,2,176648,2.006387375187914,13,2405,Healthy
25056,52,31.44822985656262,0,0,270626,2.3869369465435217,0,1893,Healthy
3863,9,28.288520689258736,0,4,37814,1.6334857949398567,2,3372,Healthy
46410,93,39.17596587441035,73,28,478471,3.32026271286534,34,204,Critical
43991,88,45.541140141495745,37,15,437766,3.8292501540029145,15,396,Critical
2118,2,26.711680538384435,2,0,20054,1.1102486212759022,0,3584,Healthy
26843,47,40.65315150502758,0,3,252250,2.6543257335937933,0,1916,Healthy
34929,67,37.04695767298038,14,11,332181,2.851291459325247,0,1211,Degrading
11887,22,23.395983992436317,0,0,129693,1.904865079019552,4,2819,Healthy
4062,5,35.094741937684915,3,0,24614,1.5302012625801131,0,3571,Healthy
48137,90,31.530097722869645,50,13,456980,3.7069432444032016,23,304,Critical
33054,72,37.04685515320697,21,0,341050,3.18487379345209,6,1165,Degrading
10545,24,40.08245779129667,13,4,98715,1.9859228986679371,3,2779,Healthy
19891,38,30.365780910537463,0,0,197201,1.8859938972396841,6,2157,Healthy
48052,94,40.03919928512322,71,13,475555,3.541895879148932,42,173,Critical
41718,83,37.96620049361061,37,8,409184,3.392214218901471,15,663,Degrading
0,0,29.21364981558626,13,0,7446,0.9410253216777644,0,3598,Healthy
25707,49,46.09738652461633,15,1,251180,2.5783020473829086,5,1792,Healthy
32597,68,40.350475878153745,25,8,341793,3.094359694103551,0,1151,Degrading
44882,89,36.7814630615713,35,5,439463,3.049077646312214,17,409,Critical
15340,31,27.430013049448675,7,1,171874,2.0235097161817626,0,2539,Healthy
11393,19,35.23860467438686,8,5,136993,1.8515988879480927,0,2772,Healthy
11896,23,44.22389692205775,10,6,113125,1.6551861351829733,0,2795,Healthy
23827,42,34.018346860340365,5,3,226240,1.7342947307853194,0,2019,Healthy
41020,80,40.55617106300734,40,11,418861,3.2297541833130827,11,625,Degrading
3671,8,26.125922264606928,0,0,28648,1.4715795210483766,0,3472,Healthy
1901,2,19.094441916363184,0,0,15606,1.1637851392752172,1,3521,Healthy
47666,97,40.88527130060815,92,18,496878,3.800125981306717,42,109,Critical
34767,65,37.87483559038335,10,11,351979,2.7874275194421663,7,1153,Degrading
7021,18,37.327846499826585,6,2,81392,1.5216036872248333,4,3063,Healthy
48028,96,35.8117599066177,78,17,468509,3.416210498654141,46,133,Critical
35441,69,40.61640035779574,17,8,350518,2.9224179357702025,11,1101,Degrading
35584,69,38.44874730170017,8,2,367830,3.169699335723814,1,1007,Degrading
24292,46,37.57809129828746,13,1,214091,1.9794984389997456,0,1936,Healthy
42836,83,40.02487491499255,65,14,423372,3.099246847172627,15,586,Degrading
28592,58,36.78543796908547,0,1,280333,2.614368106566071,0,1571,Healthy
4176,9,25.238200392844128,2,6,44442,1.4050800148966782,3,3381,Healthy
19814,37,37.12657316508061,0,0,172876,2.3624270664989346,0,2355,Healthy
32981,67,38.19035145467589,2,6,327069,2.814227879660189,5,1285,Degrading
48879,95,39.8316362039992,84,12,469599,3.6821683591869436,39,118,Critical
37435,76,38.71328706722341,27,7,383707,3.352842805932777,13,896,Degrading
31786,64,38.394604223707674,0,0,318231,2.571694088857116,5,1271,Degrading
30116,56,31.364746618354665,18,0,279682,2.776047936890734,0,1574,Healthy
49495,100,44.643272674523075,107,23,504797,3.691590895841336,43,72,Critical
33884,65,40.58037663232068,0,0,304119,2.95501310151951,1,1238,Degrading
43106,84,40.4526444538449,15,13,433506,3.2811205729890554,14,599,Degrading
10287,20,28.865642535314684,6,2,119705,1.8300613042849265,0,2768,Healthy
10686,19,29.535630737917046,0,0,124438,1.5224296660513439,0,2812,Healthy
26442,53,34.60700407517412,20,3,248125,2.2796304509009158,2,1676,Healthy
27411,51,37.71939783021822,10,2,247172,2.533171905557799,0,1743,Healthy
42791,83,44.78192771731543,42,6,432695,3.5017967438759556,24,512,Critical
26446,50,42.638057498520666,11,5,270175,2.288577748585294,5,1773,Healthy
47191,95,35.44636190011967,68,11,501566,3.610792385317202,34,133,Critical
22082,38,38.36057406268947,9,7,207073,2.4332240443590454,0,2076,Healthy
26701,53,26.588682762630242,16,1,253385,2.6534932330916217,0,1593,Healthy
25253,52,32.35177080785914,0,0,241746,2.3627331809235885,7,1838,Healthy
11645,23,41.08866149545763,13,0,120818,1.717125686878398,10,2837,Healthy
44140,89,36.70212526022269,61,5,438295,3.513483381997268,11,497,Critical
25772,54,35.43129590455244,28,0,250817,2.637990153947295,0,1805,Healthy
25432,53,39.366275926471545,0,5,242933,2.231923173923902,3,1785,Healthy
57,3,35.59115551999495,0,4,26681,1.0972535436988031,9,3582,Healthy
31954,62,40.86569692126386,21,0,309854,2.480681593165453,0,1356,Degrading
31315,60,38.1421278346423,0,5,312888,2.58531481229585,8,1302,Degrading
18487,35,37.6398678959038,0,0,186722,1.6587971381331013,0,2356,Healthy
25110,46,38.47088036073797,8,2,240811,2.465235349529207,2,1911,Healthy
17946,38,37.56620786245297,8,0,199796,1.9493639775089933,0,2215,Healthy
17275,33,30.50785139502358,0,3,196751,2.1939899049344627,0,2374,Healthy
7760,14,18.855326524765985,0,0,94373,1.5809712846767725,3,3130,Healthy
7653,13,30.230182766159587,0,0,65767,1.2101908957446468,0,3116,Healthy
16589,31,29.985899936679438,0,0,155966,2.11277817549602,0,2485,Healthy
29723,60,35.836126163231484,0,7,281021,2.6174421309511757,7,1416,Degrading
34797,66,38.52405055704717,18,1,326732,3.1627971581729835,6,1046,Degrading
32305,61,35.87051364089944,0,0,318211,2.902962096754142,13,1444,Degrading
7917,16,41.6105981295227,5,3,87085,2.1709843569237344,0,2972,Healthy
43610,84,31.793445445508535,40,9,419475,3.5016456840631323,9,638,Degrading
23709,42,36.30497633453525,17,0,235989,2.5535773464973146,4,1975,Healthy
27288,52,34.43508330392939,19,0,271564,2.6167235241962867,0,1644,Healthy
34650,69,41.74810970666682,33,4,341107,3.25849441697432,11,1133,Degrading
39282,76,38.773146484076605,38,4,391752,3.1037848404811106,0,800,Degrading
4388,12,35.20469109948591,0,0,61465,1.196189188756723,4,3245,Healthy
8636,17,36.384643836065344,0,0,84061,1.7106931463598873,6,3031,Healthy
5817,12,27.738966912422946,0,0,53950,1.3928781296874946,0,3235,Healthy
17747,35,40.77331414423021,17,0,185381,2.0423466352168522,0,2260,Healthy
34302,66,38.275627249509085,14,0,319865,2.678362754420303,14,1285,Degrading
8673,20,31.50534867020115,2,0,79500,1.5760641807381146,1,3002,Healthy
17773,31,31.395072961016364,5,0,175241,2.065102408680939,4,2394,Healthy
49471,97,41.64890312012259,135,22,522551,3.7897143833134375,38,45,Critical
30330,58,36.805138958934116,0,1,266975,2.773779532724727,7,1575,Healthy
47495,97,38.822091057060526,98,20,474727,3.4206732067201275,35,134,Critical
2180,6,33.42257651082427,11,1,35420,1.3039369282309548,0,3407,Healthy
50046,98,36.45083013982113,91,22,476812,3.3650326912849295,30,65,Critical
12978,24,27.71336532832899,0,2,128432,1.8340008181918712,0,2751,Healthy
32329,59,29.329037536855516,0,11,294262,3.0812728508385807,0,1432,Healthy
20127,43,31.13841964716137,0,7,197968,2.3510406701905175,0,2121,Healthy
16300,34,40.72895304565669,12,2,176012,1.6824180158015023,0,2417,Healthy
495,4,33.104800839067316,8,0,18380,1.4103709162716807,2,3567,Healthy
28529,56,35.4425895758395,0,0,286532,2.449402342164104,0,1551,Healthy
42577,88,41.28249947597306,56,10,444879,3.1298724658145476,27,328,Critical
35145,68,32.48677616948645,12,2,343996,3.0214131478886945,17,1054,Degrading
43086,83,42.211425171915536,26,3,422616,3.1348978453212344,20,537,Degrading
31583,63,33.724599662967705,9,1,311732,2.753261075179615,4,1246,Degrading
40126,79,36.927679598947414,8,0,380675,3.26692292333914,14,746,Degrading
49749,100,42.30348875754936,118,8,490405,3.5974119741500115,42,0,Critical
25179,51,39.98094286323279,0,0,261541,2.4726591653733805,0,1723,Healthy
39728,85,36.79214178410387,29,0,406628,2.8229150317923333,16,724,Degrading
18059,35,28.453542079895456,4,0,180224,2.095259523050217,6,2339,Healthy
18889,39,33.58323965514893,0,0,179102,2.6305617954336316,4,2265,Healthy
4764,8,28.0098167946102,8,0,59937,1.2252275185736883,7,3244,Healthy
2920,7,28.926231125811416,1,8,14028,1.3629291094572977,2,3487,Healthy
33355,65,38.193329110087575,18,9,313128,2.4631278518899578,11,1229,Degrading
27037,54,33.297575126776515,7,9,285103,2.513130685470587,4,1569,Healthy
16136,31,36.19309096316681,0,2,165732,1.732333650116551,0,2453,Healthy
36874,70,38.24569060360984,3,4,380656,2.978370659098429,2,967,Degrading
36783,70,23.421066000185455,3,6,369637,3.3531012418935244,9,1048,Degrading
36914,74,40.01319810082101,4,12,380890,2.9674537016241906,5,1019,Degrading
17234,35,36.02031832139363,0,0,177733,2.069729214940417,5,2391,Healthy
3842,2,29.709301405461634,7,1,46232,1.302532648785441,2,3447,Healthy
26853,52,38.85328651466263,0,0,260246,2.67975942425921,6,1814,Healthy
46083,86,38.41008180568018,52,14,444163,3.328138293128911,23,457,Critical
7311,13,22.102208322884767,0,0,64511,1.3752461467106751,3,3206,Healthy
46394,86,46.13350442978541,56,9,446824,3.049977458517556,26,368,Critical
39101,80,35.00350779561919,19,1,414764,3.39553678289005,3,621,Degrading
47579,95,35.724508507186776,92,7,472072,3.4378791753035185,26,171,Critical
23657,50,34.24619320323719,0,2,257276,2.51315045375149,2,1754,Healthy
10375,21,30.529849862630822,0,0,92171,1.130685467908048,6,2965,Healthy
43424,88,37.26047269292488,52,15,427824,3.3281525742713884,18,501,Critical
15534,35,39.19330369623517,5,1,151319,1.9682322253332298,0,2401,Healthy
36371,73,41.17057478857578,20,7,367520,3.0482730203228696,6,1003,Degrading
14958,30,34.01569603074177,0,0,133707,2.1712588811801825,0,2571,Healthy
2628,7,29.518047912186645,7,0,39815,1.4509847543554186,0,3455,Healthy
38230,74,47.314775491464076,22,8,377851,3.0409267467701424,17,900,Degrading
26821,56,44.36828423810452,11,6,259473,2.388856428117085,9,1670,Healthy
43127,85,32.04166130840126,47,12,419555,3.4730535351313643,18,499,Critical
36373,73,32.48291887402441,28,3,368158,3.2208982216516366,0,943,Degrading
4834,11,24.602807087743813,1,0,45838,1.3733177707197963,0,3356,Healthy
42599,81,34.390027541465344,16,4,413200,3.2930392064125202,18,635,Degrading
26848,51,31.601611983821837,0,0,269686,2.6005480411622806,7,1809,Healthy
7092,14,29.525162612358336,0,5,73729,1.4522716875165305,0,3042,Healthy
22235,47,39.54970541181186,6,0,219176,2.4515328326740353,2,1963,Healthy
21041,46,33.391908404022466,19,0,195948,2.2289515301129614,6,2103,Healthy
34005,67,40.70766713795016,4,0,334435,3.0015214256954916,7,1102,Degrading
36673,77,27.89663859723122,11,2,376871,3.5913770305717705,14,847,Degrading
38240,79,37.76140432058095,29,8,389193,3.0546126545220984,10,830,Degrading
6009,14,24.258846903698615,13,0,65378,1.3324231886982083,0,3135,Healthy
36512,72,37.86996172051311,17,9,367321,3.242418364184232,6,1074,Degrading
19066,41,30.066739724491043,6,0,188076,1.8188308309568064,7,2300,Healthy
5,1,36.90080393316882,0,1,16609,0.9150133003094847,2,3614,Healthy
47420,95,42.14040161732733,85,15,480044,3.611463045026254,28,151,Critical
20404,36,40.521631094379686,0,0,210268,1.8625031676860226,8,2203,Healthy
22081,40,32.16441985291864,0,0,210196,2.0239258011934966,0,2155,Healthy
3818,5,31.87649425528533,6,0,30573,0.6901849505684011,1,3413,Healthy
30520,59,37.61804607337775,20,0,300132,2.76467699110735,0,1391,Degrading
22845,43,38.64537318327167,0,2,229974,2.6609268735125355,2,2083,Healthy
25528,53,40.5194088351479,0,6,267444,2.548976132309283,0,1696,Healthy
46654,86,46.27598726979132,44,18,457598,3.5458744817539096,30,471,Critical
5569,4,35.51676200563123,0,7,35842,1.143230640675771,0,3311,Healthy
16382,34,33.060800454083854,7,0,159237,1.9127316629324032,10,2445,Healthy
1979,1,36.55888723336433,0,0,22574,1.2476792595618658,3,3514,Healthy
48878,100,39.47577517855363,97,10,457597,3.326207952566583,18,197,Critical
19791,37,29.429504305994612,4,0,177489,2.171285943904198,3,2351,Healthy
26585,49,30.571145511190757,7,0,258476,2.3010071911738863,0,1856,Healthy
5628,11,28.043629669820145,3,2,74156,1.6565433168560257,0,3191,Healthy
10249,17,28.861007386933785,12,0,97246,1.7034372824678639,0,2989,Healthy
15767,33,26.430902081974892,12,5,171282,2.197144388793503,0,2444,Healthy
18894,41,40.837462238240526,10,0,189101,2.0970071570592714,8,2217,Healthy
22533,43,31.71270585308013,5,2,221812,2.511528670126622,0,2017,Healthy
28583,54,47.028612172253005,8,3,279003,2.6601167381279613,0,1632,Healthy
39923,83,32.54050191262579,33,1,428253,3.4153252532946716,18,647,Degrading
38349,76,38.098260695936155,27,0,380692,2.888921195984002,15,874,Degrading
11346,21,32.86349622077096,3,0,113012,1.8968314659987626,7,2869,Healthy
6530,9,28.97942930044276,18,2,72525,1.9513333277532026,0,3108,Healthy
41903,84,34.82651050112981,54,6,440008,3.3299627351736905,18,456,Critical
39686,81,40.700844381074475,35,11,410450,3.158047065133842,11,669,Degrading
12438,24,38.54355902425323,0,1,135624,1.828305325567681,4,2729,Healthy
14842,27,36.48676660138682,0,0,143749,1.7607649414984017,0,2619,Healthy
15107,28,29.559062022700257,0,3,131525,1.8555154987679618,0,2596,Healthy
39049,75,43.6699147729758,33,8,407421,3.2597298257302305,13,821,Degrading
14816,32,36.33587211242997,6,0,169252,2.082519643306464,2,2482,Healthy
47140,93,40.47196186871704,83,16,469456,3.3456252453656625,32,247,Critical
43716,88,37.40081743504624,57,1,432176,3.4745052168878297,25,459,Critical
3490,7,28.99337762902295,0,0,51954,1.38770689157193,5,3384,Healthy
36087,71,28.242870973400173,16,4,363080,3.077403702729548,5,1133,Degrading
44329,88,45.054653942111486,42,3,447819,3.2680868457185293,15,422,Critical
13087,27,35.013065867952655,0,0,130569,1.8088369429053672,0,2686,Healthy
3492,8,29.67995759629394,0,5,50152,1.5838392736605111,6,3296,Healthy
46747,92,38.52064804823409,40,4,474167,3.787774816517541,36,188,Critical
24041,47,23.635871286173312,2,4,238126,2.335591816802068,4,1927,Healthy
25441,48,41.97594082807519,13,0,255393,2.4790426468942814,8,1775,Healthy
3565,6,31.24374752685952,0,0,33587,1.7130243527546996,0,3391,Healthy
20570,42,29.32692808304363,8,4,215126,2.609590561648705,0,2142,Healthy
46262,94,39.23189263999811,74,13,471253,4.094974599028974,32,230,Critical
12793,27,30.466102562412193,12,2,139420,1.9246527238908098,0,2693,Healthy
7234,14,45.82379088953399,0,0,96580,1.8330161423474893,4,3018,Healthy
31195,66,35.752913317660415,10,9,310382,2.9926652385181223,6,1292,Degrading
3767,9,30.808964660562697,0,4,41140,1.27379164651353,6,3281,Healthy
19439,38,42.35901950623288,0,0,197319,2.2503077475263926,0,2215,Healthy
5318,5,29.72178248064323,7,0,51825,1.1652724998866562,2,3329,Healthy
7246,13,25.118618139485577,0,8,57111,1.6769891198137024,0,3146,Healthy
24987,48,35.18288009200424,0,0,238257,2.306645190714946,2,1786,Healthy
33903,68,33.66679901082122,10,1,324159,2.4893334359464117,1,1116,Degrading
31091,67,36.63520278839629,14,0,324318,2.9412929929473957,7,1320,Degrading
1449,4,32.35481161451404,0,4,6004,1.1163502715029345,1,3533,Healthy
8275,12,36.819432717275085,0,0,78311,1.588883735394379,0,3066,Healthy
25795,45,27.4188688810068,0,0,247528,2.4975150922781495,0,1815,Healthy
1856,3,36.23345157714519,0,3,23205,1.0245419527966642,7,3487,Healthy
13790,32,37.91059584252733,12,0,154140,1.8423601283481814,0,2538,Healthy
36592,70,34.454268715252304,5,0,354278,2.8913962739829646,3,1101,Degrading
27915,54,32.29585244265901,3,4,285153,2.540876853593572,4,1588,Healthy
18377,35,33.87846553732599,4,9,180243,2.2830124632403286,2,2333,Healthy
10689,20,32.03840102259215,3,4,83688,1.7702612650778649,0,2981,Healthy
1788,7,28.39132226470694,6,0,8840,1.4556332670113705,0,3491,Healthy
44885,84,36.6046879009086,39,9,423163,3.116583101964159,19,444,Critical
10664,20,22.403227681380546,0,9,81843,1.6819900850790241,11,2988,Healthy
50978,100,31.500337614667597,96,13,496115,3.876408606484643,40,11,Critical
48870,99,38.67444871350546,119,23,501126,3.6918781699606353,38,0,Critical
45487,92,31.291756893661805,45,13,465027,3.7821902013426665,31,306,Critical
13130,24,35.40406715329517,5,2,145605,1.7777487438444548,4,2770,Healthy
39000,74,28.240720674152556,25,10,384728,2.8087783937329935,10,833,Degrading
47104,98,39.5923366707045,87,16,486755,3.5713407712895893,36,86,Critical
4673,10,32.342408570188866,6,0,48922,1.626991565082531,9,3364,Healthy
32171,65,39.56030650319234,14,0,325937,2.5463405784058524,3,1275,Degrading
41560,83,36.690072115143224,38,9,417742,3.0479557272183166,20,664,Degrading
3072,4,35.8640853511406,12,0,34975,1.726398126872855,2,3459,Healthy
14923,31,38.276789514247774,2,0,153354,1.3856026439972995,1,2632,Healthy
39286,79,33.08679880110603,31,9,381520,2.8771523946300035,11,827,Degrading
29476,58,32.215698814751704,0,1,266584,2.790622285190953,0,1567,Healthy
17727,31,39.119550335719836,6,0,189619,1.924347414811559,1,2330,Healthy
43802,85,37.647233196860455,45,0,429302,3.4836924528523645,20,443,Critical
21595,47,33.20919666089852,0,0,228394,2.379634524188855,14,2042,Healthy
7443,14,35.35231240522629,0,0,82448,1.4641073941279399,0,3025,Healthy
21668,36,35.85557876229216,0,0,207751,2.042845138209757,4,2262,Healthy
43233,84,30.64280647118934,23,4,424244,3.0746208006153584,11,527,Critical
7048,10,26.56689081036022,0,0,56158,1.7024853280153822,0,3182,Healthy
44380,90,33.92132349780445,55,20,435557,3.114291137263188,15,410,Critical
15210,29,38.44023050222974,7,0,137773,2.0067282916170948,0,2633,Healthy
37545,76,39.472880727154724,15,11,371527,2.9192945129041963,2,868,Degrading
39534,73,33.933172319707076,20,8,362256,3.447607472858695,10,922,Degrading
30587,59,45.68975734105767,6,2,296839,2.4472579004633817,0,1454,Healthy
43584,91,34.827323697105214,53,6,450194,3.42673483654366,21,429,Critical
39029,74,36.679394216709596,16,8,378268,3.4694050201187383,9,794,Degrading
36800,76,39.538764607692364,10,6,364757,2.640612285097058,12,998,Degrading
10295,19,35.955397527387724,0,7,92739,1.5950407462608949,0,2944,Healthy
7924,14,35.60799080422005,6,3,87759,1.9384841344830237,4,3001,Healthy
8430,17,37.85333148631852,11,0,111013,1.1488395706954102,1,2932,Healthy
6998,10,28.899937694528436,4,0,50828,2.1061884873641685,1,3169,Healthy
5908,13,28.877303394560233,0,9,54301,1.5239637807129196,0,3224,Healthy
45038,86,44.085154749299086,58,15,420849,3.3441731247373907,19,492,Critical
44574,89,32.171379401465884,47,17,427524,3.2952916587406733,18,502,Critical
44734,92,34.615247808674916,41,7,457716,3.7275829968050105,26,264,Critical
36490,69,31.655535399885604,23,11,368093,2.5852498062131843,5,1034,Degrading
21401,41,22.722393986645542,2,0,205582,2.1961674514362937,0,2091,Healthy
20282,37,33.757423643397004,0,0,196352,2.0612097245290837,2,2182,Healthy
25489,41,34.08685547687069,2,0,253143,2.4266775877082787,0,1986,Healthy
21319,36,39.023700912260416,0,3,209804,2.3052170065903144,1,2149,Healthy
20926,41,26.78719193425738,0,6,205732,2.36095818766318,0,2081,Healthy
19960,38,38.323002200245064,0,0,201712,1.7802992308208894,1,2186,Healthy
31288,66,43.40921566626878,0,1,313007,2.9254893215918476,3,1352,Degrading
25012,48,38.001337147234935,10,2,245391,2.5312372243919037,0,1834,Healthy
29070,61,32.24427711158684,5,1,296625,3.1854136806988778,1,1488,Healthy
28122,52,34.4302077974005,10,1,284569,2.678438532153482,1,1581,Healthy
34617,65,30.889755012766216,13,5,330760,3.0368225540510156,7,1196,Degrading
15975,29,27.707350091930163,0,7,163005,2.083013435891555,4,2460,Healthy
10475,24,28.731029443797457,9,0,122677,1.8258874622028816,4,2797,Healthy
20097,37,41.04730392631744,9,0,173899,1.7801108167530697,0,2324,Healthy
18104,35,33.60880231442381,0,3,190008,2.5920360298743605,6,2319,Healthy
6890,17,35.06462606665422,2,0,70714,1.221483949589427,0,3105,Healthy
39634,76,38.21325330332756,15,12,380998,3.031153589009568,4,744,Degrading
28810,58,38.53697717874425,6,3,287444,2.487899127907175,6,1558,Healthy
13012,26,35.4594217065903,0,0,125171,1.648158066894605,7,2675,Healthy
13909,25,40.878484749062665,0,0,145048,1.7038075684454648,1,2622,Healthy
26094,47,35.52465847335092,9,2,242139,2.6428014959579613,9,1845,Healthy
16305,34,35.037830856619564,6,0,159019,2.1976604005786244,0,2510,Healthy
16249,34,31.77709539509403,14,0,178684,2.104770991356489,0,2429,Healthy
44527,86,41.71804745961746,47,8,439810,3.4065792920127866,33,371,Critical
10873,22,31.894758176163677,0,0,122412,1.7186001085014488,0,2825,Healthy
15228,30,35.069923829472145,21,0,160408,2.059716250657332,0,2464,Healthy
18707,35,36.080961481146446,7,0,182592,2.3675815672742377,0,2224,Healthy
26209,54,43.00362875579939,0,0,277009,2.8034953001912517,4,1715,Healthy
31376,67,28.602831402207713,0,1,339081,2.7375093410239275,4,1358,Degrading
9637,15,40.05102128396454,0,0,83071,1.3209661855904384,0,3047,Healthy
24219,51,39.301111504382604,0,8,260775,2.825229647708863,10,1782,Healthy
47229,94,43.77830994697353,61,17,483937,3.7167701128902664,31,192,Critical
36379,74,44.45940668074412,9,0,348756,2.825758959920083,7,1090,Degrading
50268,98,42.526705839810326,75,15,477948,3.361197776703011,40,122,Critical
3563,6,27.970879647816957,0,5,32469,1.4789794894338741,9,3374,Healthy
33315,65,36.339190552555856,0,0,333500,2.7938221161171524,0,1228,Degrading
15669,31,33.720018830581836,11,3,136541,1.790272412807281,7,2546,Healthy
22469,43,37.704036476887254,5,0,232921,2.202411172659906,0,2006,Healthy
1055,4,27.652197917783948,13,6,32041,1.2021322812094413,0,3504,Healthy
39573,74,42.60650789983146,19,10,415289,3.0772368627637605,8,770,Degrading
17852,35,41.49119996694362,6,0,194796,2.2050610212098705,0,2368,Healthy
11466,21,37.134672165803615,0,0,123442,1.5610964470284938,0,2832,Healthy
13477,21,33.186792392506945,0,6,117407,2.028132970230272,0,2794,Healthy
21347,44,34.9035495304756,8,6,220353,2.3138778402673994,6,2050,Healthy
16780,31,31.45670036224413,13,0,170095,2.2610174355172714,0,2320,Healthy
42419,85,34.89220944174816,29,5,406094,3.4054840388332,19,574,Degrading
46937,89,36.80299471705188,62,20,450934,3.6398301094684125,23,326,Critical
29627,63,37.07229624282027,0,0,314181,2.553377598784164,0,1420,Degrading
649,1,35.00809380497102,0,12,10043,1.1603143857941378,0,3607,Healthy
6653,15,24.601242694181256,5,6,68152,1.7365344187824823,0,3240,Healthy
962,4,30.595890498643126,0,0,18761,1.4908330483045218,0,3519,Healthy
45539,95,32.97249467364109,67,18,475003,3.5414901307850006,37,185,Critical
13845,25,29.859565969811488,0,3,124131,1.6433563166033682,0,2771,Healthy
23682,46,32.139241362334474,10,1,228667,2.065568346065696,0,2113,Healthy
10047,23,36.22044742297286,7,0,114701,1.674741822643365,0,2778,Healthy
43348,85,40.7714128253801,33,4,436241,3.4558457841947723,14,639,Degrading
21480,43,29.628645986591785,2,12,196091,2.3482420490659477,0,2149,Healthy
20690,43,37.93946320322698,2,6,232510,2.0486759753411965,0,2178,Healthy
31557,62,33.51488330529717,1,0,314242,2.48140034947858,6,1392,Degrading
4586,6,31.291737986412308,2,5,60509,1.2239348667529646,1,3250,Healthy
22978,42,34.76949044629618,0,0,226195,2.245529987830082,0,2033,Healthy
19013,37,33.40933349720252,0,2,205049,1.9067777332768576,3,2276,Healthy
3958,8,36.64520066024959,0,4,56012,1.264835330743765,0,3350,Healthy
50207,98,39.23135123432141,95,17,483109,3.5223057380323497,28,76,Critical
24279,51,31.932592741041184,0,3,236386,2.2590632211598103,4,1844,Healthy
50864,100,31.50191762655858,97,10,496928,3.5884020306295143,44,40,Critical
6797,12,34.926873937784535,5,0,48873,1.4383165246160599,9,3168,Healthy
4278,9,31.02368176083383,0,3,42033,1.401038958325537,4,3372,Healthy
28073,59,33.2741883353796,21,0,295277,2.6450948891310104,9,1655,Healthy
32821,65,42.50091838891711,1,6,341651,3.165300092160488,8,1164,Degrading
37980,70,40.2516046637644,3,0,369190,2.971155329496074,1,983,Degrading
45954,88,38.45382522637177,52,5,432722,3.2788047403218585,11,525,Critical
48526,96,43.96659150502037,104,12,489948,3.8360048890841325,36,38,Critical
43972,93,37.227468588390145,49,11,456322,3.4291287921760363,6,353,Critical
35606,68,36.52086706399717,18,8,350065,3.155311220187702,4,1088,Degrading
49456,96,38.354809221009525,83,14,484147,3.591015376981151,35,132,Critical
33751,62,33.785856555129186,17,5,322076,2.5849356141400075,0,1280,Degrading
35236,73,48.384505279934196,9,0,365157,3.349758791585713,0,992,Degrading
7084,13,29.91552142049087,0,0,68854,1.2709142057990523,13,3057,Healthy
15011,33,37.3726795857657,0,0,142893,1.596972735212341,0,2672,Healthy
16749,34,32.338605821452155,0,7,173880,2.037230655601098,0,2459,Healthy
20856,43,31.921195348245636,5,7,213816,2.5329947065090592,0,2070,Healthy
10356,19,35.88846528133255,0,1,104805,1.8519961260013307,0,2842,Healthy
14352,36,35.435270068847586,0,7,172757,2.0621063419207886,2,2416,Healthy
22300,47,39.38158287850054,12,0,222882,2.381319646857857,5,1936,Healthy
40340,86,38.10810584049643,27,4,434294,3.400918363540297,21,581,Degrading
4941,10,20.53873527274222,3,0,62958,1.3543095473502886,0,3240,Healthy
24425,51,37.68974617127518,16,6,241502,2.743889750039838,0,1835,Healthy
46942,86,39.68245622990908,53,13,458747,3.407011082976239,32,347,Critical
0,0,28.948990066896158,19,0,0,1.683273962766519,1,3659,Healthy
48063,99,45.07841281911926,100,12,484533,3.425180272034399,44,68,Critical
1532,5,31.26081756092336,0,0,10615,1.2025501120741202,0,3520,Healthy
20938,47,38.24483243126431,0,0,238400,2.348780483086095,1,1981,Healthy
32249,66,35.68959701172904,10,5,327891,2.9202992678815223,4,1217,Degrading
30314,62,44.331783249577384,5,6,319134,2.96219086240138,0,1332,Degrading
40490,80,44.57574397863886,30,7,395525,3.3816061596561915,15,653,Degrading
7528,16,30.725490429961653,11,4,41273,1.5423712408722356,0,3250,Healthy
12389,23,31.23846362113765,9,4,104197,2.155384206445812,6,2777,Healthy
6951,15,28.386404784834944,6,3,82792,1.7921769147154707,0,3112,Healthy
49116,98,41.709836437063274,127,18,500135,3.8614390641027123,40,49,Critical
16853,33,42.48472269744046,1,12,171916,1.9992465376968895,0,2377,Healthy
4811,11,32.56045614478808,0,0,54210,1.4948523199821173,0,3336,Healthy
25194,46,34.175625647174726,0,5,224029,2.14351278942678,1,1897,Healthy
40092,79,39.96308592002319,14,11,390810,3.3575311646480177,3,747,Degrading
47562,96,34.68783768858832,58,15,475253,3.632432133220315,38,153,Critical
11775,28,30.417092697697523,5,0,115045,1.9726282309387493,0,2732,Healthy
27921,58,38.388098065537605,19,0,274352,2.6861961193599884,0,1612,Healthy
29340,57,41.65982760176253,7,0,269304,2.2834008064561275,1,1589,Healthy
27337,55,42.26045567065152,15,0,286191,2.5344366638364266,6,1495,Healthy
3892,5,27.297700525016783,10,0,36073,1.3327881803190358,5,3463,Healthy
10922,19,24.868652652972244,22,0,93462,1.7181726472077703,8,2889,Healthy
3689,4,24.43609761583263,0,4,33761,1.3152402755953996,0,3389,Healthy
32162,59,33.84272868046284,22,2,315734,2.8197989500866014,9,1347,Degrading
10574,20,38.836759939790575,10,0,109892,2.1091366023371734,7,2848,Healthy
40290,78,38.725829000841685,33,10,388879,2.8311564460484067,19,841,Degrading
50003,99,41.61015720672684,97,17,478793,3.778965534123136,41,30,Critical
28849,57,35.58503274232189,6,0,270432,2.482825925521498,4,1545,Healthy
2178,4,30.78872860580724,0,0,36220,1.2748746455501443,0,3456,Healthy
9782,19,34.50754069436804,0,1,95774,1.6133767843817866,1,2986,Healthy
10929,20,28.12306818173805,5,0,102716,2.0675683700378586,3,2884,Healthy
6762,13,26.96301147355785,4,4,44730,1.448744383007183,1,3221,Healthy
22132,42,37.60802652485003,10,3,208906,2.522807615806356,0,2051,Healthy
45241,94,37.54123718614558,77,9,471021,3.5293980744099795,25,160,Critical
26175,50,33.77453769319262,13,0,258138,2.4518573816731113,17,1799,Healthy
28380,58,36.1127788438737,28,7,289045,2.5522965117700624,7,1464,Healthy
29837,62,37.123756277203846,10,0,301009,2.4963376571031652,0,1452,Degrading
13257,25,23.977603013632507,0,0,151437,1.8923518955025038,2,2659,Healthy
4770,10,32.07908305762742,13,7,65584,1.2932653230312343,3,3296,Healthy
16596,33,29.456683965942865,4,0,175398,2.4402247682640246,5,2391,Healthy
19476,38,34.11298716006513,22,6,213132,1.9363733750469303,1,2198,Healthy
31373,60,28.905458554759868,8,7,298811,2.463979075000473,0,1498,Healthy
36182,73,38.16606711682342,27,0,355412,2.9653851902990884,0,978,Degrading
36682,74,42.820910894609504,34,5,407106,3.298105955603158,13,802,Degrading
32028,64,44.78942783255986,30,7,319632,2.8171094773290184,3,1312,Degrading
1333,4,32.06348934237624,0,1,26243,1.45466152891564,8,3499,Healthy
2874,9,32.02608749737215,1,3,44371,1.6710905489121677,0,3349,Healthy
10275,25,30.309032164948515,4,0,90892,1.5678958329367585,0,2955,Healthy
45968,94,32.231360581355666,51,14,443155,3.379285326265582,31,287,Critical
2077,7,40.16821803411946,0,0,31361,1.5618957475375228,1,3415,Healthy
5717,12,38.16003516783233,12,4,61678,1.6973668183088975,3,3222,Healthy
46116,91,39.004547296626605,54,20,459151,3.499889229493377,27,409,Critical
15533,28,36.00425057085732,4,1,165267,2.0600630173788326,0,2509,Healthy
48488,96,44.9484301151449,81,14,468219,3.501473881675682,29,197,Critical
45316,90,36.11184344494822,47,8,446113,3.6738144249636875,12,378,Critical
6947,13,30.663061651665565,0,0,81064,1.6143987553014512,0,3126,Healthy
8936,19,31.545853187853293,0,3,96175,1.8691734925885708,0,3021,Healthy
41684,85,40.62793369525756,10,10,393023,3.335120429038363,5,650,Degrading
7013,11,38.19991916768834,0,0,49046,1.796129088749357,8,3197,Healthy
41684,85,39.41143860822142,42,10,406370,3.1444445592116774,14,503,Critical
45347,93,33.94079878783131,69,13,464613,3.728807643079343,37,267,Critical
1613,7,41.215630740849996,7,1,24857,1.377704326513535,6,3442,Healthy
17237,29,34.81746669502201,5,0,142769,1.7990961027268182,0,2520,Healthy
28181,54,38.152884604874565,7,2,294232,2.637430463169563,5,1587,Healthy
36400,72,30.203884321560967,22,0,366882,2.9511371782958564,8,1005,Degrading
12293,21,33.04410769650082,0,0,104901,1.553355146688193,2,2833,Healthy
1875,7,28.78621812341705,0,8,39581,0.9441798336419374,3,3480,Healthy
2857,7,33.44008019320745,0,0,17223,1.5494844639893424,0,3434,Healthy
13008,27,32.93513673167458,5,0,149834,2.161675768640182,0,2622,Healthy
15608,32,32.54868975288044,0,7,147083,2.094032752244923,0,2473,Healthy
25253,47,29.536421372504204,0,0,238852,2.769243120429177,1,2016,Healthy
2793,5,30.31008463841454,0,11,34737,1.0566591315849956,0,3476,Healthy
576,0,21.33042638982041,4,0,12236,1.5846687655252596,1,3535,Healthy
0,2,32.92315398116282,0,0,7119,1.341772980831592,0,3601,Healthy
29322,62,24.793287651304787,5,0,297778,2.76156858806708,3,1433,Healthy
1201,3,29.07653665525804,4,8,21109,1.7232944109333328,0,3619,Healthy
33100,65,34.21254926807778,11,3,338911,3.2219410247711515,0,1171,Degrading
41898,87,36.3329573426389,48,9,455957,3.8107554842254205,22,387,Critical
49359,100,39.16840191566868,105,21,479268,3.9393453856008946,47,0,Critical
14288,29,41.35638347292252,0,0,166291,1.9096779943168667,0,2514,Healthy
38495,79,35.50609001665125,24,2,387822,3.153888635737007,8,853,Degrading
43939,90,35.533461342883825,42,11,459653,3.7618218286721903,26,380,Critical
26059,52,34.8195208833728,0,3,248309,2.4402112119026853,11,1745,Healthy
3149,10,34.079581838893525,25,6,42767,1.5390655316626596,0,3318,Healthy
33495,66,38.56411900032144,18,1,328904,2.8565581242792653,0,1273,Degrading
21924,46,41.05052537157095,0,0,234015,2.1960423946016916,0,2038,Healthy
41020,81,46.482738988624945,26,7,410615,3.012572696244517,12,659,Degrading
5142,5,35.897510442966016,0,0,43757,1.4567046926647558,0,3394,Healthy
24693,48,37.67064983958017,9,7,234200,2.8517330269211465,6,1884,Healthy
44754,87,39.63562174821621,28,10,430945,3.458655591153021,16,499,Critical
13126,24,32.14380872882874,5,0,127412,1.8720302932567412,0,2771,Healthy
12534,23,25.967077616469712,17,7,127556,1.7705168291121236,0,2774,Healthy
22728,45,27.802738807498944,0,0,210146,2.668511992850474,0,2089,Healthy
19458,40,33.181466893080895,0,11,194577,2.1880949642265746,7,2291,Healthy
49648,100,39.268122107620194,91,24,493401,3.7599049218798357,38,98,Critical
20086,44,33.86266859339652,0,0,236161,2.6224634320969678,1,2102,Healthy
34252,71,34.939477490611736,0,10,346684,3.1819567960156534,9,1212,Degrading
6675,13,29.902430774384175,0,3,80358,1.5464687001338602,0,3137,Healthy
14068,29,27.462448478576007,24,0,136337,2.1370412100108154,5,2639,Healthy
42041,87,36.419387236652376,35,12,413818,2.9077940314744897,15,558,Critical
45156,93,33.20636652489306,43,6,467181,3.42708453197006,26,313,Critical
39837,75,35.25785425208789,27,10,411851,3.457536110219081,6,803,Degrading
1414,3,28.254867427189293,2,0,15225,1.7133206793569,1,3513,Healthy
45411,95,38.00024197795497,64,16,463795,3.5425582734128627,15,255,Critical
41833,82,30.923135581453124,23,2,413312,3.3918284916100485,10,584,Degrading
15736,30,31.33691294220165,0,1,156633,1.6299603833740637,0,2607,Healthy
33012,61,33.79486383260535,35,0,330903,2.768784655345093,0,1307,Degrading
46886,92,32.29273780082341,71,7,466722,3.149029358817891,32,271,Critical
14927,33,36.2044347281372,4,0,152972,2.208126689514001,0,2374,Healthy
10067,16,27.515370778297623,7,0,89844,1.4814320102519782,0,3000,Healthy
3728,8,29.855933350493352,0,2,16236,0.9343869092258847,13,3387,Healthy
36705,75,33.09010047542481,19,1,383382,2.920668056574474,6,968,Degrading
26069,50,29.702793293666303,0,5,265664,2.601460164632574,0,1742,Healthy
35255,73,38.689982127308824,29,8,349308,3.231346318563878,8,1049,Degrading
41300,85,48.651037711587044,44,6,437656,3.7627452829368684,20,498,Degrading
50472,97,48.44871543637667,86,27,498104,3.8933000478861666,45,20,Critical
41930,83,33.747837714296494,29,6,424469,3.3576959318786614,10,613,Degrading
43000,86,35.12240298550419,55,7,408065,3.0783718516711778,16,562,Degrading
20721,43,36.05161818566695,2,4,206935,2.667821515640763,0,2067,Healthy
47566,99,34.00082522887631,111,27,490517,4.1348530107708985,36,84,Critical
20368,43,29.797811670851164,0,0,214818,1.889542164337948,0,2130,Healthy
46131,90,40.67225435262884,50,11,472754,3.579313943390382,26,307,Critical
36061,65,33.944081884290846,11,2,345598,2.9907522703936134,3,1185,Degrading
22935,42,31.592421294657676,0,4,220041,2.257164759658138,0,2042,Healthy
25646,49,29.77112118682989,6,1,241127,2.2823763548202542,0,1867,Healthy
26428,55,31.44981232796017,6,6,282974,3.132444979783083,0,1637,Healthy
1180,1,30.174042405082297,24,1,0,1.1734016298575598,0,3569,Healthy
44939,91,37.16223104599414,44,22,457364,3.2807734932420547,22,373,Critical
7927,19,22.493387077113518,0,2,93126,1.3215916117986097,3,3015,Healthy
49039,99,41.25895845211177,83,22,497543,3.358525490740363,44,118,Critical
44524,87,33.36023029744272,35,18,425954,3.479474269042023,13,526,Critical
1381,6,37.03555400119786,1,1,6480,1.4912462447897563,1,3532,Healthy
21928,43,30.235980856670018,0,0,207692,2.1990289185365084,5,2146,Healthy
40200,77,33.19624991028313,3,1,401386,3.1433560426025453,16,777,Degrading
10940,25,30.670143021043877,0,7,106069,1.8017555166912036,0,2861,Healthy
39330,76,31.461971849316093,22,7,394909,3.2389318037652517,15,842,Degrading
45579,88,40.57744643037409,64,22,451375,3.1691303425218935,19,353,Critical
24624,51,38.7698601864337,3,0,235271,2.001724616273045,2,1859,Healthy
44718,92,31.258047302001344,45,10,446155,3.164317280615935,25,382,Critical
33686,73,23.20504306604945,27,5,350553,2.9117475758673983,15,1120,Degrading
14950,31,33.26266332998074,5,0,165526,2.0269673800041046,0,2471,Healthy
31302,62,32.49106340527357,10,2,291592,2.8042133455446043,12,1425,Degrading
38718,77,40.133600799050576,19,7,377958,2.973935774051198,3,890,Degrading
16437,31,34.10815195655459,3,1,151908,1.6830660760168485,0,2467,Healthy
15580,29,25.956435911156788,3,3,145616,1.850138329720414,0,2555,Healthy
39901,84,39.508676716116234,33,3,426205,3.13450862821697,17,541,Critical
37955,75,40.889415952487234,10,5,370285,2.91146041892332,12,881,Degrading
25845,46,30.513982071034178,14,4,239443,2.5707868998437746,6,1856,Healthy
22269,44,42.49334383904297,0,2,232608,2.3034286854948616,4,2020,Healthy
50749,98,46.66035704678811,86,24,492250,3.5422695877158072,44,0,Critical
45171,90,37.06091815605392,54,18,435438,3.7202911968407752,35,380,Critical
40334,81,37.044361599018,25,5,401142,3.243252088125768,6,627,Degrading
36988,72,39.29756444239068,25,5,362362,2.9341953193542225,19,982,Degrading
12059,21,27.541018164973437,1,0,126350,1.9016051951212514,2,2761,Healthy
43982,88,38.96112097559723,45,1,420372,3.561376614116022,19,452,Critical
44763,84,38.88802631820724,63,16,444459,3.3969949270880955,20,342,Critical
15510,26,33.45757854433117,3,0,163237,2.1164975387638605,0,2571,Healthy
1347,0,34.65074933680797,19,0,5374,1.392548996487477,0,3617,Healthy
15018,33,20.73250487097797,0,0,173798,1.968072722514888,0,2560,Healthy
39091,76,39.31166042949388,27,0,369378,3.3407604358907124,16,883,Degrading
5229,7,32.555263323933886,9,3,42105,1.3598350458281445,0,3361,Healthy
1981,4,22.606138569372938,12,0,2893,1.4144071397240696,1,3510,Healthy
22022,43,31.269908006457477,0,8,228002,2.572878458735708,2,2000,Healthy
29428,63,41.4484390261434,15,8,307513,2.6069518600253945,8,1459,Degrading
26273,54,36.14885806702213,0,5,264741,2.5563260710311324,0,1801,Healthy
11225,21,37.5608190724847,3,0,127100,1.6828625467175993,4,2764,Healthy
39216,77,43.508279083444386,18,14,385494,3.233310364541103,11,772,Degrading
36860,71,35.1793824947588,9,0,361641,2.751832410360651,7,1072,Degrading
33449,67,35.2028343657609,12,0,324005,2.5281198472207675,8,1178,Degrading
44451,83,41.50439703570283,50,6,437601,2.8949590536422916,11,546,Critical
13210,29,31.553602814846784,0,0,135253,1.953769659595017,2,2541,Healthy
20713,42,34.72716279915794,3,0,196229,2.3813329824085145,5,2196,Healthy
35835,74,36.606556884864084,10,3,366550,2.9638181451102037,3,998,Degrading
12683,21,32.92094443086154,1,0,116829,1.8573389860986722,2,2758,Healthy
19626,43,31.768255384073658,6,4,207606,1.9989678944378222,0,2122,Healthy
7089,10,27.624012190431905,13,0,72082,1.7637427365326106,0,3166,Healthy
6586,14,35.39624718173467,7,0,74731,1.695296571993475,0,3119,Healthy
17379,35,18.180618413699907,7,0,153163,2.1685334655992627,9,2493,Healthy
7743,13,24.240176788361225,3,0,59495,1.1536642357180509,3,3119,Healthy
7443,13,31.824805129932603,0,8,86672,1.4561401656885407,9,3120,Healthy
26708,51,42.924368789853666,18,6,233752,2.4156293023515385,0,1841,Healthy
25362,53,34.724362542628725,21,0,237517,2.0470607464739996,0,1800,Healthy
37267,73,42.61806697834355,24,7,384827,2.9058024117561465,7,918,Degrading
42521,89,41.18714741316019,49,15,422160,3.5932926447423843,15,504,Critical
0,0,35.408605373054556,0,0,2044,0.9671433909593686,1,3596,Healthy
46072,88,31.65211327591052,63,11,451719,3.6572159630767214,20,326,Critical
50111,98,47.60780822026326,67,26,481745,3.644055389964412,43,25,Critical
8601,17,33.808057116200715,6,4,96706,1.6933271765778346,2,2970,Healthy
39542,75,40.632725151231995,27,10,374557,3.3454110913356634,5,901,Degrading
19903,40,32.26100353424697,3,0,207196,2.0920747005222515,0,2146,Healthy
13056,24,29.472406377732966,0,3,150627,1.9234562298508489,0,2680,Healthy
14425,30,37.515932500354786,3,0,164892,1.9033087376972797,0,2574,Healthy
29301,54,43.21033812221012,0,0,293004,2.4728407836864834,12,1489,Healthy
10748,20,31.798757358654075,0,1,86969,1.745770355240777,0,2876,Healthy
22406,49,37.64026029248871,13,1,202931,2.359584120719662,2,2004,Healthy
16093,32,37.73774942006611,4,0,148114,1.9750944536175101,0,2482,Healthy
12229,21,32.558958713965275,11,0,113246,1.726474077432461,1,2791,Healthy
28533,52,29.49647666775754,6,5,269383,2.3408453556958397,1,1694,Healthy
43629,83,49.84602143519831,39,6,429035,3.168709594858015,12,499,Critical
21414,46,32.49152558288553,2,0,224077,2.52614181090887,0,2109,Healthy
29960,61,32.39431192613898,11,4,305609,2.990159301135383,11,1329,Degrading
33084,69,45.45666881242559,24,1,353274,3.5250961813073305,6,1111,Degrading
45702,91,36.88157439181453,44,7,439451,3.0802478768752803,28,306,Critical
16192,29,39.49247360013422,1,0,149103,1.7423591320307321,1,2567,Healthy
4492,10,34.835617600216096,1,0,43439,1.5548706443919882,0,3382,Healthy
40927,82,42.80021069319809,19,0,405884,3.286519482559022,18,504,Degrading
26657,55,38.84226550248366,0,0,276149,2.337165004734356,4,1729,Healthy
45304,94,42.309895849058854,87,9,448407,3.449705080187397,31,312,Critical
39267,80,38.235530365468854,27,14,402241,3.1862327986791277,9,687,Degrading
16682,32,30.566431503501953,3,5,137650,2.1129006756843465,0,2474,Healthy
4026,3,27.730961313611584,7,3,34127,1.2225027125261636,0,3448,Healthy
18746,37,36.3092211938872,22,0,190675,2.360773944073482,5,2253,Healthy
15407,29,41.74770052783926,16,0,158849,1.8837708396119799,0,2557,Healthy
31289,65,39.1906817745189,7,6,323738,3.165269987226299,3,1347,Degrading
39339,78,40.71940360368851,42,3,390690,3.155999570582293,0,771,Degrading
24930,47,37.51726291421573,12,2,265716,2.4537643815234924,1,1766,Healthy
27589,57,32.02439373539021,0,6,297479,2.444572359263646,10,1560,Healthy
46670,96,41.40154442611385,82,20,473001,3.5365066675598054,38,84,Critical
25031,48,33.45692330621986,13,0,261905,2.510953253312137,2,1833,Healthy
13828,30,24.912802677189163,0,2,142061,1.6438365465548201,1,2636,Healthy
6830,7,30.90960873674254,0,2,27336,1.2326619803403789,6,3300,Healthy
29336,58,30.291017775820663,0,3,307364,2.6247501035653,3,1418,Degrading
49081,96,37.798723558341344,78,21,490744,3.5629258931890617,27,109,Critical
38436,82,41.47121712077709,22,5,418725,3.003464137221007,23,668,Degrading
26828,51,38.519300648111646,4,1,269283,2.229712255461955,3,1671,Healthy
22337,45,32.585602237377024,0,2,208259,2.2865141557570015,12,1964,Healthy
25195,52,41.36970632172705,0,0,263975,2.500965024226893,3,1775,Healthy
12743,26,32.13210372189615,0,2,113855,1.413383530774168,0,2833,Healthy
10460,22,28.05946484939791,14,1,97569,2.064850561183815,0,2851,Healthy
10540,19,35.934438303560114,0,1,103940,1.7080389927037778,14,2882,Healthy
33996,67,38.28143889526213,5,0,339731,2.870345017749417,9,1055,Degrading
4996,5,21.996747686965527,0,3,49836,1.2756206418737093,3,3398,Healthy
47275,98,39.71686212283168,92,10,466087,3.481696989453809,30,203,Critical
9471,18,36.51318300592369,0,0,88041,1.6264780486411687,0,2953,Healthy
48952,97,44.01667264661688,109,24,494346,3.4683752968923285,39,51,Critical
16756,34,37.407364543746205,0,7,205639,1.780551886342117,0,2333,Healthy
40866,85,32.343832415364176,33,1,419212,2.9064812906327697,7,573,Degrading
41708,80,28.667442642303204,37,13,401776,2.94563256417738,17,600,Degrading
17203,36,31.119967284518047,0,0,152984,2.3172916891428783,17,2414,Healthy
47916,92,34.37850144654026,85,17,487104,3.42963350428277,32,208,Critical
2219,4,36.130781949393935,7,0,20628,1.2720054146585325,0,3523,Healthy
29230,60,30.17288729664884,3,7,296719,2.7351054691446293,0,1476,Healthy
15702,31,37.70131210804628,0,0,141243,2.1337962955242444,7,2551,Healthy
14401,29,27.699702614212068,0,0,159688,1.874188727479007,0,2600,Healthy
34338,74,41.88453185176152,27,11,377142,2.8160823548143243,15,995,Degrading
7050,9,37.96429273319475,0,6,50200,1.7291040232219985,0,3155,Healthy
31253,64,35.221169728731454,3,2,292179,3.2466724330865357,6,1398,Degrading
8033,21,40.79958505971092,7,0,97339,1.594319988747361,0,3013,Healthy
12306,24,32.264406930462734,0,3,109209,1.5139023684922517,0,2749,Healthy
48046,96,39.19810671402598,105,18,492653,3.689852475234769,38,104,Critical
23831,43,47.043824914559764,3,3,226908,2.8273967899264525,0,1904,Healthy
8980,20,37.45047055322324,0,3,105288,1.7800617133884966,5,2844,Healthy
13205,29,32.822613533389735,1,6,129457,1.6688950219732241,3,2606,Healthy
29869,58,30.82020031997893,3,0,287297,2.506336585537183,6,1373,Degrading
33598,68,46.69545634664928,0,0,337403,2.8971444596091094,1,1177,Degrading
11088,22,28.959252144080747,0,0,94762,1.4257875233320354,1,2884,Healthy
20908,40,33.000384285702076,0,0,200244,2.0969625819467277,0,2149,Healthy
3124,6,30.4845308189361,0,0,29072,1.363096153581919,0,3392,Healthy
6918,20,28.248414907860294,0,0,77771,1.6998103930248556,3,2943,Healthy
2696,7,34.81426792774332,13,4,33287,1.2678208476695578,0,3398,Healthy
47656,94,39.187128316137255,64,15,465593,3.7307994866356653,26,217,Critical
6334,12,29.17693073830783,2,0,77217,1.3349866163383508,0,3126,Healthy
14793,25,33.13526288316022,16,0,135235,1.9841524712822056,0,2667,Healthy
30518,63,32.605261316944926,9,8,295525,2.8852889980946665,6,1430,Degrading
14224,28,36.07509708462167,1,0,157709,2.2111616817281403,7,2527,Healthy
32049,62,36.10768176785741,11,2,320095,2.7682676468946608,5,1320,Degrading
6232,8,38.12761941188988,4,7,74272,1.4659421287939278,4,3215,Healthy
19532,37,36.46354270093013,4,0,192538,2.432230946654582,0,2195,Healthy
46794,92,41.813525624137405,93,1,471590,3.978934697968155,26,241,Critical
43532,85,44.21569240255978,53,1,420391,3.3216712639356825,18,514,Critical
42955,87,35.48585039351745,53,17,412909,3.168643005050927,16,573,Degrading
32277,61,31.38929805997566,8,0,316153,2.7578889132052122,0,1443,Degrading
46337,91,40.05612523857059,48,9,447600,3.414055833005239,27,421,Critical
33252,67,30.42577552517658,7,0,346524,2.889300376183873,1,1186,Degrading
46942,99,27.361377454108013,69,12,462218,4.030591712056767,43,156,Critical
37108,72,37.59395994289346,23,2,363131,3.212434137014121,3,1040,Degrading
47662,93,35.68546148851894,58,18,477233,3.6334142660268935,31,147,Critical
9813,18,32.10845005900931,0,0,110689,1.5911964783603496,0,2951,Healthy
11978,24,41.48086035852866,14,0,119534,1.4776173819231317,0,2671,Healthy
21560,40,36.304386533033885,2,12,219073,2.054791628663195,0,2211,Healthy
34295,67,36.68804949953958,10,2,332815,3.200496029869452,6,1265,Degrading
23587,45,32.28654160728076,0,0,236577,2.487360059956493,2,1842,Healthy
26164,54,42.22652152227428,0,2,279541,2.6004641379861466,0,1632,Healthy
8698,20,37.97852690465101,16,5,94695,1.3814764060798685,7,2976,Healthy
40553,77,47.44444317866926,18,8,395293,3.286960298143293,6,722,Degrading
3587,5,32.68521138033765,0,4,41993,1.8444206231694071,2,3430,Healthy
42168,80,44.14065172986204,36,4,414607,3.351730036242789,15,632,Degrading
13154,24,30.308595185346835,21,0,122858,1.9176330356886224,3,2815,Healthy
50113,100,38.3325638466134,91,12,489195,3.638912571469226,38,79,Critical
47790,91,36.75895219766964,66,19,474257,3.8401029244324603,27,225,Critical
26059,50,35.95101194556715,2,4,262268,2.5668729843015496,8,1774,Healthy
42724,84,42.13333056013909,33,19,434312,3.1211921800686753,16,479,Critical
22796,46,27.20196416003446,0,0,230481,2.3131835447430027,8,1974,Healthy
17579,35,27.97396016700427,0,0,168867,2.4363452118503885,5,2362,Healthy
14762,35,36.9295545952843,17,1,164320,1.8531529116861192,7,2452,Healthy
40256,76,38.78091188805868,28,7,399505,2.9702853353382452,15,667,Degrading
12990,26,30.961862540459837,0,0,136191,1.8625180428361208,1,2676,Healthy
45331,90,40.88980221713788,54,15,460618,3.181283548340603,16,368,Critical
24321,45,40.42136465054087,0,0,250681,2.4118929926116697,4,1864,Healthy
34197,70,31.73449992503629,15,0,341604,2.7563974370779127,6,1218,Degrading
14233,31,35.461438588330665,2,3,158930,1.9231601134397942,0,2615,Healthy
23712,49,35.955635641730474,13,0,236579,2.4783289452962536,0,1891,Healthy
21950,37,32.507048753439214,8,0,192952,2.16461199126773,0,2190,Healthy
35689,70,36.70918703085888,26,4,370448,2.6954024778227614,7,1078,Degrading
9707,22,31.75103920430824,17,1,86569,2.344034505970876,0,2883,Healthy
23684,52,35.29170230861929,0,5,280055,2.5993265865470963,7,1823,Healthy
8813,17,28.38187472836809,0,0,99510,1.6388121270331337,0,3000,Healthy
46196,91,38.14994241196913,65,3,461946,3.2480013339339426,30,220,Critical
18534,37,34.8652953928094,0,0,175491,2.0191148628388174,0,2365,Healthy
10823,17,32.60374525192423,3,0,94095,1.6595576393650489,0,2955,Healthy
24039,52,37.601483902162286,0,0,257221,2.3347874880186756,0,1856,Healthy
37615,72,40.74053715036865,11,0,380558,3.0129304423950276,10,969,Degrading
12006,28,34.34656195405495,0,2,127162,2.1009149680366592,3,2668,Healthy
49501,100,43.09904573048002,100,29,508903,3.8887211836040807,50,18,Critical
22597,42,30.937812514099697,0,0,222780,2.3595877840483963,8,2011,Healthy
14305,24,29.986908666975378,9,2,139777,1.936788762758281,0,2586,Healthy
41929,81,40.77178944898904,35,1,428411,3.1918734346326607,13,615,Degrading
31567,61,36.607457302280686,0,5,293501,2.641090992543581,8,1454,Degrading
9885,20,25.590287319046887,0,8,93744,1.6609665376780125,1,2885,Healthy
50379,95,40.07284305454073,96,17,487368,3.993473076282109,41,130,Critical
33180,64,33.088106209491905,0,0,294794,2.652049616242551,10,1336,Degrading
10060,21,40.801410989066,0,8,115855,1.816088068677788,4,2866,Healthy
41808,86,34.399445962726716,20,0,428342,3.459283904026514,13,623,Degrading
14715,22,29.396788839225934,0,0,117895,1.9630747374589586,0,2687,Healthy
21112,43,39.70042785193964,3,4,225632,2.3563636838120825,0,2088,Healthy
46125,87,34.87926774668529,54,15,474233,3.6282369001886,16,368,Critical
40729,79,34.15714300505375,32,19,414250,3.068391758109815,17,691,Degrading
47429,99,42.56610646545214,94,15,489963,3.5476798556226834,39,62,Critical
35309,70,42.926639197645926,7,2,352781,3.29918217349949,10,1020,Degrading
30144,58,30.927807468024902,23,11,303973,2.859041616012792,4,1489,Healthy
49724,96,43.07150793227244,93,20,493535,4.170614806189132,42,24,Critical
23640,46,36.275598989843296,2,0,231226,1.9619139252810642,0,1975,Healthy
27026,57,28.332190691381513,0,4,286520,2.5703340501755707,3,1621,Healthy
47312,97,39.11184869734597,83,12,461605,3.59105826342601,44,128,Critical
3624,13,29.577513736648818,9,0,51215,1.276571853003962,0,3296,Healthy
1635,5,26.935681934754953,0,5,7993,1.4420174217293507,0,3532,Healthy
17283,35,38.745925586956034,0,0,175584,2.275552353102755,0,2434,Healthy
48241,96,39.98521143432457,71,15,468775,3.4235210464704804,30,172,Critical
47304,90,43.74067857010082,58,16,453238,3.579654440975919,18,294,Critical
20455,43,33.61225336223766,0,0,228034,2.317502695840884,3,2126,Healthy
38337,80,47.245759975001945,21,8,421733,2.853592536548796,6,762,Degrading
31970,56,34.83887594642395,4,3,288091,2.696331967143293,2,1452,Healthy
37533,70,33.650715840501576,3,0,371829,3.167598934712304,5,899,Degrading
30597,65,40.46917782051265,24,4,318289,3.0227024095083896,7,1390,Degrading
27825,57,34.548701831195025,0,1,266564,2.652769484170677,6,1590,Healthy
45274,89,39.446861701221586,59,11,451943,3.2983739598256006,21,429,Critical
16832,34,33.66984642380664,0,0,163966,2.0803643132671255,6,2335,Healthy
4241,11,30.825672372803083,19,3,55420,1.435762085320287,4,3281,Healthy
7428,15,28.36446229387883,0,0,54717,1.7433279840076803,0,3212,Healthy
47143,91,43.82369084049067,69,15,482294,3.3601007983164695,23,248,Critical
36503,73,45.78079562886238,2,3,373261,3.1467574382729655,9,1070,Degrading
23952,49,23.062591833701973,14,5,250839,2.02443537007314,0,1870,Healthy
33472,67,42.26271782103807,5,2,352752,3.396579477083555,1,1184,Degrading
0,0,28.561202477113994,11,7,12711,0.9605228414519971,6,3631,Healthy
16754,32,32.5315379560059,4,2,173386,1.9997030477195514,2,2497,Healthy
25607,48,39.04594293336965,1,0,248728,2.5819231918042878,8,1878,Healthy
8167,11,27.102621347190105,0,0,52784,1.2232680005258976,1,3187,Healthy
47430,98,34.05719474246373,86,15,491751,3.7257705302693123,35,119,Critical
25356,50,43.69074763638318,10,1,259025,2.472653547312553,0,1679,Healthy
23017,46,27.90943029450638,7,0,233336,2.1437497642822088,1,1989,Healthy
27292,51,38.994158695307576,0,0,285601,2.4866984448510028,1,1655,Healthy
29593,59,32.04329841061499,1,4,315278,2.4670443133865385,0,1508,Degrading
45703,88,40.839429034949084,43,10,460627,3.6117603418576976,25,378,Critical
45255,89,40.76098607086457,58,9,460245,3.3072980225058477,20,214,Critical
28135,56,32.97964676599291,4,0,289971,2.6090485021003924,6,1630,Healthy
35376,72,37.92349961769225,27,1,367428,2.905968470988435,2,1016,Degrading
33226,66,42.178359755178846,0,4,346199,2.928551631676718,11,1118,Degrading
11636,26,30.14196026526168,12,0,119172,1.931918515203926,5,2856,Healthy
28573,60,32.732211637810195,7,3,297308,2.5912637926380593,7,1547,Healthy
19406,41,45.04340539883875,9,2,204586,2.0429762990518143,3,2111,Healthy
19804,34,36.5544523837368,0,0,192387,2.0110494661379805,1,2349,Healthy
18989,39,29.124897527235653,0,0,175397,2.3351798901939924,0,2352,Healthy
20942,43,33.35917346043342,0,0,225076,2.2368317493401237,0,2176,Healthy
13628,26,28.705734047724494,8,0,119094,1.8267137860497265,0,2587,Healthy
49280,96,35.381500010581235,107,9,489809,3.76907732239418,41,91,Critical
19889,43,36.66650929589552,3,0,218817,2.392955380497354,1,2071,Healthy
42140,82,36.454302699140634,48,3,435590,3.3495365810508044,21,449,Critical
33209,67,36.24037378476521,10,8,346840,2.772944533104843,0,1148,Degrading
41196,82,40.511395315351244,26,8,383913,3.418577799382917,7,720,Degrading
18376,37,37.568621818383505,0,0,171596,2.155778334653034,6,2391,Healthy
25513,51,40.42235457638853,0,0,268194,2.194422841172472,9,1738,Healthy
33262,70,43.91581263756159,47,3,355725,3.110133918591853,10,1210,Degrading
7110,13,32.166423920888505,2,0,81356,1.5394079031420256,7,3116,Healthy
29860,59,30.346883414453092,7,0,302715,2.388615440741548,10,1384,Degrading
29026,61,34.48658337536909,1,2,295201,2.6919169194263186,3,1482,Degrading
46513,89,35.46696607102188,53,7,451942,3.4738800740719804,24,408,Critical
43010,88,36.29843660002354,56,17,457279,3.5858193966990015,16,467,Critical
38081,73,32.046237811943186,15,4,374130,2.7074111331615094,17,892,Degrading
40251,88,32.264549392264826,29,9,412328,3.575227613588801,14,579,Degrading
26129,46,27.456034025954104,7,1,253051,2.402052779180037,11,1762,Healthy
25270,49,20.886446218717815,0,0,251347,2.5207012216577236,5,1794,Healthy
8366,15,30.134741662653443,0,4,82309,1.3567668524042085,0,2946,Healthy
28253,53,32.54904592621459,10,1,266054,2.5304291917468325,4,1674,Healthy
13890,27,23.83384120419774,0,4,142293,1.8173335098215957,0,2635,Healthy
46447,96,42.67646238166271,76,27,490513,3.7761532831454767,39,58,Critical
27580,51,37.06589588947036,0,0,261761,2.492565384421009,0,1679,Healthy
18509,37,25.133033412977973,0,0,180539,2.136644873619545,1,2275,Healthy
7718,17,30.04580782233146,23,0,90089,1.2312164258087215,0,3004,Healthy
32962,63,42.37395807167491,0,0,327432,2.9728896183934284,5,1284,Degrading
2439,6,34.37534028678126,0,0,33845,1.5919521274297237,0,3370,Healthy
40666,82,37.211488937830914,40,1,407435,3.2296229593498977,15,659,Degrading
2056,2,36.32506315804766,0,7,6782,1.4571603519835656,0,3488,Healthy
41517,81,26.747098544302133,31,0,423961,3.5119122000499425,9,618,Degrading
39753,80,45.09798880579541,47,7,377230,3.2785727389434247,17,708,Degrading
34019,70,40.40360069231225,7,10,335771,3.005499958617731,2,1090,Degrading
25083,50,45.63531569775907,10,0,236432,2.2456661431957814,11,1835,Healthy
46142,90,48.23414674256844,62,17,459790,3.6582797815251866,28,260,Critical
37496,76,37.995446619302506,20,0,398752,3.1652951184704845,3,790,Degrading
27513,53,34.60282455418586,15,0,262360,2.473093238245723,0,1707,Healthy
49128,95,31.697199602796044,72,18,471227,3.8313118189702693,45,179,Critical
31357,63,35.722827050812114,0,0,314763,2.5732862940089998,1,1432,Degrading
14228,31,33.93497628583681,10,0,131257,1.651419614133438,0,2619,Healthy
41160,85,41.09183535511584,19,5,407481,3.3013134240134563,18,646,Degrading
27372,56,34.659801278583416,1,0,266091,2.618972510415144,0,1595,Healthy
26423,54,42.96285925005959,11,0,272613,2.713111369275433,13,1641,Healthy
20575,44,35.95664968795629,6,1,216945,2.155555019552655,3,2107,Healthy
7476,15,27.64116069726779,0,5,88072,1.779273177815758,2,3004,Healthy
18261,34,32.74291418874549,6,0,185660,2.000831830258132,0,2355,Healthy
29780,59,34.45658712572928,20,0,293276,2.5189309550830505,8,1445,Healthy
39766,82,34.79260786720194,34,8,424053,3.439631867068604,3,608,Degrading
20407,39,33.205525853299186,3,10,211264,2.2415481558378114,0,2150,Healthy
8747,18,40.28756296813528,0,0,87065,1.5381150351781199,4,3084,Healthy
26273,50,32.90034695965983,8,0,257094,2.206090531330741,0,1714,Healthy
33532,71,30.137062991815146,35,11,342552,2.5761673045513573,5,1148,Degrading
28058,55,32.8760082698141,0,7,299562,2.747933317889996,0,1568,Healthy
49737,97,35.215215337765315,93,18,492731,3.679608141115221,37,80,Critical
1713,3,32.94678124045505,5,0,6979,1.2972022682642268,7,3547,Healthy
34447,69,36.846346634435015,0,0,347283,2.8058559517921267,0,1178,Degrading
27945,51,39.64256104994675,9,0,279402,2.507823455021533,3,1620,Healthy
14090,26,39.69853254603486,0,7,155923,2.017270889940339,0,2555,Healthy
40415,81,49.250637410335464,30,14,415415,3.2195046106860614,10,694,Degrading
42850,86,37.35608729822126,40,8,440597,2.9883187930770494,19,475,Critical
10634,21,35.195858074120984,0,13,123875,2.0262470921643723,0,2785,Healthy
12917,26,34.717511285510604,0,0,138482,1.6732212199835987,7,2668,Healthy
35720,68,40.78166526678193,27,10,360711,2.972574842667195,6,1077,Degrading
10474,24,38.63780096217538,12,3,124136,1.9074362220856589,0,2763,Healthy
31649,62,32.091878828283306,0,10,310160,3.1617566261227514,0,1458,Degrading
40169,83,33.63658954446199,28,14,404985,3.4678821079240376,7,612,Degrading
25936,51,43.08444222759266,0,0,259891,2.672407018467603,8,1864,Healthy
48947,98,32.211603613191166,89,12,492961,3.821033629442913,38,84,Critical
47268,98,40.27207943538721,87,18,469734,3.9025017191460423,33,102,Critical
33884,62,38.525123219589275,13,0,333793,2.770946318768543,0,1229,Degrading
25330,46,31.901276844017723,0,0,231969,2.328150990285403,5,1868,Healthy
40320,78,42.928988982339064,38,11,419074,3.446799158614118,7,743,Degrading
30982,64,34.07564857344911,7,0,338528,2.914625341379987,5,1227,Degrading
49408,96,43.898394991314525,116,22,496956,3.440656719947057,37,0,Critical
41218,84,31.882615951851456,46,9,414796,3.02445950678378,14,508,Critical
40158,80,41.02648016103547,40,8,415196,3.212409484054111,13,672,Degrading
12459,24,33.19701388986334,0,0,141335,1.9486962712061149,1,2701,Healthy
16558,34,19.332661808990345,0,7,178638,1.9422522625799639,0,2434,Healthy
15161,27,30.768417774220687,0,7,152829,2.037249207024456,8,2469,Healthy
13399,25,31.428162875988708,16,0,129340,2.031580559312126,1,2562,Healthy
30279,68,35.92854199218401,0,9,295818,2.8522937439950766,8,1342,Degrading
33706,63,36.763809105314216,0,1,322127,2.7905627413279346,11,1293,Degrading
12779,25,38.64928769197113,5,0,127855,1.3677951976954543,0,2646,Healthy
948,3,35.02516218480167,1,6,30272,1.430156473944221,6,3516,Healthy
47682,95,39.11246271256646,88,17,474005,3.448247593735667,34,124,Critical
29798,60,36.00498568395021,6,2,293904,2.56584788280922,0,1394,Degrading
42243,89,40.03175416598654,48,12,423357,3.377013603845116,23,450,Critical
12534,21,35.75229533002436,0,2,140698,1.7332485233472998,0,2771,Healthy
4845,8,25.89792785433658,15,1,35996,1.3617061723382804,3,3351,Healthy
26684,47,35.81025687518599,15,0,251879,2.3805237653197553,6,1780,Healthy
7886,16,36.901080631505934,16,4,72467,1.4594186001946494,0,3182,Healthy
39300,77,37.88819038666374,31,4,387704,2.956451072805069,15,793,Degrading
45925,86,43.02435682348333,58,14,461109,3.5436919216281955,23,308,Critical
2950,3,37.973185160467025,4,3,26752,1.0885770422789374,4,3440,Healthy
23374,46,34.71340290729085,0,2,231783,2.565412581325694,0,2035,Healthy
7478,14,30.150297672289817,0,3,87075,1.70100538563489,0,3085,Healthy
36800,70,41.29590366281079,15,6,366661,3.1478046108557027,7,982,Degrading
5777,8,32.34904146079391,9,0,77574,1.7003694074458062,0,3242,Healthy
36894,71,39.951293652322526,10,2,348613,3.045522434740598,5,1055,Degrading
32204,66,25.454743572722023,35,2,328772,2.7550203495355765,6,1238,Degrading
14657,29,25.6278619343246,0,1,144888,1.9937434061367805,0,2660,Healthy
11463,25,37.58280401327669,0,0,114387,1.916811763454524,0,2836,Healthy
412,0,26.106332997067256,0,0,8876,1.4701958624264466,6,3602,Healthy
37935,79,38.46622581491888,27,2,396769,3.138254683110059,6,733,Degrading
0,0,27.344064901046373,0,5,25013,1.253284260512629,3,3536,Healthy
37627,75,31.80789605146324,38,0,372459,2.9425410064908735,9,933,Degrading
23410,48,34.90162777698895,6,12,208007,2.421527213334928,7,2002,Healthy
30986,64,31.45318693860617,24,0,324444,2.7449433915710792,5,1391,Degrading
14497,27,22.54269567145087,6,4,134940,2.2276016406824555,0,2602,Healthy
19522,34,44.46300630709659,0,0,183361,1.9236517937694928,10,2303,Healthy
17043,33,28.385359355858853,5,6,188864,1.957590236713036,4,2496,Healthy
24772,50,36.09648836948509,15,0,257413,2.339031523502783,6,1775,Healthy
3437,9,29.561950985569162,0,2,39909,1.632608874924456,0,3296,Healthy
31002,59,38.06076795581994,1,3,318838,2.561762285831458,4,1330,Degrading
47021,92,33.57030928606219,57,19,454017,3.3494546733375348,29,300,Critical
4257,3,29.832237129576477,18,0,31132,1.1481155761524648,3,3416,Healthy
17481,34,26.008095991111475,6,3,172143,2.045886532919796,0,2446,Healthy
11077,22,33.603723943958016,1,0,110886,2.027484355115087,6,2970,Healthy
7123,10,25.442107020876705,7,4,88884,1.4739323926283683,0,3169,Healthy
32335,60,32.977036896423414,1,4,310704,2.4650423499430216,8,1298,Degrading
17904,33,34.40188548643235,11,4,188967,2.0964840398346705,7,2419,Healthy
37909,75,40.049784075687356,11,0,369134,3.1063881244052003,3,861,Degrading
14006,27,32.912389753877584,0,5,141387,1.839678517542811,7,2677,Healthy
12690,25,30.61138522229366,0,0,118021,1.8640952566400528,0,2747,Healthy
11658,26,30.138488097578595,18,0,118382,1.4422603560374176,0,2793,Healthy
17877,33,36.81877151275194,17,4,189132,2.275193416285531,4,2354,Healthy
993,2,26.499755133403085,2,2,20756,1.3329412393986044,4,3548,Healthy
17854,35,32.981954733499734,0,0,161678,2.1331632020936313,0,2451,Healthy
45327,90,34.16538005415468,60,10,431616,3.594652445053922,24,402,Critical
47185,99,36.887447904434744,73,9,496435,3.394900724984848,34,112,Critical
21438,42,35.35533269752089,0,6,230474,2.578604319658645,0,2040,Healthy
3438,3,29.66577888189266,0,0,2641,1.1429544837862744,9,3449,Healthy
16614,37,39.80613412336878,0,9,183869,2.394802595618521,2,2288,Healthy
30591,65,30.110658804058634,7,3,355295,2.6159335774331316,5,1150,Degrading
3590,4,28.769368529854866,0,2,31702,1.2374070275073523,1,3359,Healthy
16392,30,39.38117476858121,0,0,159431,1.9238765481857099,4,2573,Healthy
26581,52,38.562434310051614,4,3,255300,2.6767908132841045,0,1790,Healthy
9123,18,27.99809665086923,0,0,99511,1.8498743189152163,1,3085,Healthy
40505,79,33.68911822864304,17,6,397820,3.088904806274183,21,808,Degrading
3944,8,20.977549039488657,21,3,61493,1.5741504031219642,0,3239,Healthy
29508,65,37.28504547930319,22,0,302840,2.5170443005437155,9,1385,Degrading
48426,98,47.51112666947845,111,6,492686,3.0083554505438523,43,105,Critical
47062,94,36.240156134163065,78,6,478117,3.5550780407587665,36,173,Critical
19970,35,40.43617255798569,0,2,211513,2.0558455932938,0,2232,Healthy
34953,70,40.663411301001275,15,4,343324,2.9040208382763604,7,1075,Degrading
39143,79,36.404298649650165,12,11,400910,3.181581412770642,11,716,Degrading
30814,62,34.26439537132084,0,5,310757,2.7433284921969414,0,1363,Degrading
37944,77,36.99788918672487,5,10,380656,3.1037550693475437,13,845,Degrading
18548,34,30.118989467684635,11,0,177924,2.26067764277109,0,2357,Healthy
25257,51,31.3104832053164,16,2,266319,2.2698398290899386,7,1808,Healthy
43144,85,41.35296520683718,39,11,436305,3.0840985010204185,22,530,Critical
8564,13,35.350502434939514,0,5,84599,1.5553785851421493,0,3108,Healthy
46244,90,39.06515864557511,55,13,471910,3.4786764561102577,18,312,Critical
36779,70,34.45774221370819,17,0,364108,2.6514100834716197,12,1043,Degrading
9034,18,25.471963578100354,15,1,99874,1.6428299919257086,3,3020,Healthy
30433,58,30.56795638372096,4,0,290714,2.8846871554477596,5,1530,Healthy
25598,50,35.79503142292752,0,0,275356,2.3925587709832676,0,1785,Healthy
19712,36,25.426533240870086,2,4,180942,2.219306344164393,5,2236,Healthy
28757,52,36.1639887617454,0,8,280595,2.1399533584125616,4,1552,Healthy
26824,51,35.82407925362241,15,8,261377,2.549859410894428,6,1684,Healthy
6419,14,36.006147714346966,0,3,80588,1.6208631887036922,3,3163,Healthy
34759,66,45.42661009853939,10,6,344171,2.7966318735629736,8,1145,Degrading
8470,19,20.406590660742182,2,0,92593,1.5664528593227174,0,3061,Healthy
10679,19,28.0286038460813,0,7,97578,1.397335711138338,0,2952,Healthy
37504,75,36.99398981363537,16,10,381395,3.5312171917833752,15,908,Degrading
31974,63,36.33378449614054,0,0,307393,2.68558582419571,0,1388,Degrading
49275,93,40.281781556946356,86,15,502180,3.3846801031297207,33,18,Critical
44302,89,34.68195329555931,61,9,452982,3.1957992506619317,30,425,Critical
20549,42,36.91260647775685,3,4,213787,2.0390737069632436,0,2120,Healthy
35679,76,26.160601747218777,22,0,377391,3.09670695096179,2,1046,Degrading
38800,76,24.75311053776022,33,7,371921,3.05341036003939,15,842,Degrading
29416,64,35.16293096203346,2,2,308496,2.457137544760784,0,1399,Degrading
49164,93,36.727276973000485,98,16,492647,3.82661901846292,40,96,Critical
43404,88,31.578159606332726,44,17,431146,3.4573858412446294,22,464,Critical
45695,89,33.68364300598285,68,20,461294,3.444513325960618,31,297,Critical
11705,20,26.536234877064718,13,6,104565,1.6540648825135578,0,2893,Healthy
20199,40,36.693636395211314,0,3,203900,2.1767902750745174,5,2164,Healthy
14098,28,30.30268202348723,0,0,164556,1.9074360897352485,0,2573,Healthy
21735,44,33.57417793133968,0,0,226411,2.121727521659558,8,2032,Healthy
31620,63,33.463754197534016,18,5,330410,3.0746038059950496,2,1268,Degrading
17267,36,33.880722049928416,0,0,193067,1.9313839230109335,0,2325,Healthy
40013,78,42.46320204225415,23,4,411279,3.364373443699124,15,659,Degrading
41492,80,31.360648667212764,30,9,427938,3.262835015547483,12,631,Degrading
17819,32,34.75202105604583,24,3,158554,1.9272684968425322,0,2351,Healthy
41511,80,32.288482591366694,43,0,428323,3.45195676632528,14,640,Degrading
41171,83,43.93695622292794,32,7,415053,3.5365035947255308,9,670,Degrading
17978,33,28.48612241343709,15,1,166741,1.5100175377367222,3,2389,Healthy
20525,39,31.931460108659177,0,1,182824,2.5357236856800447,8,2266,Healthy
4392,6,43.50232132813771,0,1,22108,1.4059953058580361,1,3474,Healthy
35477,70,35.73601294128238,8,0,334280,2.769272524945893,1,1077,Degrading
14671,28,35.51962228261418,4,0,159358,1.7493898378827044,5,2582,Healthy
32045,65,42.65250851767346,11,1,336185,2.9195139468877747,0,1311,Degrading
3475,4,37.17880545125976,0,1,33965,1.3386946898837926,3,3354,Healthy
34997,71,41.96769240987913,9,14,356474,3.068426919809801,9,1158,Degrading
29194,58,30.268204074052903,26,0,260481,2.1802494973953466,4,1516,Healthy
27847,56,29.282756343687993,0,0,276185,2.5191961888592145,2,1593,Healthy
34147,68,35.70255186117677,6,8,340004,2.9470543419646202,11,1045,Degrading
45187,88,36.91016916372041,49,7,450193,3.4432367600393436,19,420,Critical
29928,58,38.12416510611534,21,7,296064,2.580709284075819,1,1573,Healthy
20915,37,27.840480101794704,0,2,191054,2.197797856416231,6,2158,Healthy
15265,30,29.40731111923016,0,8,159817,1.86767912092867,0,2547,Healthy
14021,26,32.700788782994486,3,0,121206,1.8964336204649692,0,2688,Healthy
28487,54,38.55686497135654,0,0,289763,2.645239249871979,0,1541,Healthy
19155,41,34.76678326571355,16,1,206291,2.2468245120430836,3,2145,Healthy
43683,88,39.73449303281131,61,17,447620,3.2828021475628906,21,412,Critical
42787,85,37.34542131899379,39,0,407871,3.009767539222091,12,650,Degrading
40815,80,42.19808369934277,16,1,418176,2.733703711005875,9,688,Degrading
9519,21,26.146529419198835,5,1,88087,1.787214143025011,8,2971,Healthy
45159,87,37.80760174216765,68,16,457826,3.3666485180869676,29,270,Critical
44282,90,39.08210341619569,50,19,469351,3.8054675401871867,28,317,Critical
468,5,35.1115162755222,12,0,7410,1.0757426238474408,4,3516,Healthy
28848,56,41.88817390883652,17,3,292873,2.544392629157473,0,1521,Healthy
27909,53,48.14433762942366,10,0,281637,2.887089182404621,2,1635,Healthy
16349,33,26.937878766993652,10,0,169441,1.8856240712720203,2,2486,Healthy
3803,6,22.026427284594668,3,2,19379,1.1723208113785364,0,3335,Healthy
37433,73,33.218815016756686,0,0,362773,3.215951309925633,9,973,Degrading
26743,55,36.600718953198864,9,0,300900,2.7086644728604363,6,1609,Healthy
19946,43,28.997518267514735,0,0,216500,2.2742064224912064,0,2069,Healthy
30299,60,26.905116508208327,0,4,300764,2.655434521582191,3,1357,Degrading
36013,70,37.06863025476902,19,1,358823,2.9428479815313326,14,991,Degrading
14716,26,34.506451028170034,0,0,135095,2.0833123177878514,2,2612,Healthy
0,2,29.147533377015886,0,0,10861,1.4917834951475586,12,3620,Healthy
5054,9,31.16752935842356,0,1,29727,1.8000666880699419,8,3288,Healthy
26869,53,32.26683877878588,0,0,254607,2.3473582882719075,1,1748,Healthy
9541,21,41.836250471076646,0,0,100515,1.5262886291742352,0,2913,Healthy
33271,62,32.370949627851616,10,0,295328,2.6848824918837204,3,1350,Degrading
49029,96,44.47872759273582,88,16,480827,3.7580203243614276,48,83,Critical
49166,96,39.22709514519211,94,14,473602,3.701041951763154,35,34,Critical
16963,31,31.439723724471204,0,5,152500,1.9202875520803695,4,2480,Healthy
8646,18,33.22714604629446,3,12,100709,1.5256538484692095,0,2929,Healthy
16770,35,34.09376317296238,4,4,159983,2.2748928772999233,0,2372,Healthy
13767,22,25.378543714801275,0,0,129670,1.9049266497816588,0,2748,Healthy
41421,85,46.23524429815874,50,14,409620,3.6453320002449496,11,561,Degrading
30437,59,35.21933382674149,0,0,289581,2.717396413745154,4,1406,Degrading
24226,52,33.568796504989216,2,0,271992,2.5104479796911487,5,1756,Healthy
44621,90,41.42305920888468,42,12,448141,3.5646723536450478,20,327,Critical
8026,16,33.75876439470913,1,1,104431,1.4508873914352691,0,3019,Healthy
13345,26,27.109983853833917,0,0,140516,1.8964297227749423,3,2645,Healthy
31105,58,33.05669213486495,0,0,296415,2.6196087949125086,2,1431,Degrading
48800,100,30.74428969921364,93,13,478753,3.538397473757638,45,8,Critical
40603,85,29.176050181866692,30,5,409212,3.5301077183913816,16,563,Degrading
22136,49,38.35449172350489,11,0,249124,2.215346535681067,0,1920,Healthy
21481,44,22.5185760543979,0,6,217006,2.357950875416845,5,2108,Healthy
19331,41,33.51099018177298,0,0,178797,2.233581866295006,6,2245,Healthy
4386,7,26.536657232836962,0,0,41203,1.3406452808061815,0,3336,Healthy
35518,75,41.23556308542365,3,3,386272,2.9243273954494886,4,990,Degrading
4242,4,24.472707963955457,0,12,20707,1.5265321073782114,0,3441,Healthy
4354,14,27.861631295380203,4,0,76376,1.5344439895736592,0,3231,Healthy
10113,23,34.672403992150905,0,0,97159,1.5226984646952006,0,2854,Healthy
25791,53,38.581961500167495,0,4,259145,2.2883508842489326,0,1775,Healthy
40654,76,37.45212443166163,39,0,375212,3.003663095431181,8,896,Degrading
29121,59,38.740069236861366,8,8,290153,2.6085229940614214,0,1540,Healthy
30422,55,31.30322385361317,11,4,299485,2.951555846248067,0,1605,Healthy
35784,72,49.065400228257886,21,1,374970,2.9211006424064805,0,1012,Degrading
2424,3,31.901059900681656,12,10,15419,1.731019681455976,0,3527,Healthy
34601,72,34.5304532232468,0,3,353189,2.8604258094320656,7,1097,Degrading
33708,64,38.67118246144753,24,2,322884,2.7148508862058325,8,1249,Degrading
4185,8,29.284893461199243,13,0,21164,1.9397421524841398,0,3410,Healthy
40367,78,40.98810300486427,30,8,387415,2.807210654254131,6,737,Degrading
19790,40,35.43364732453947,0,5,186525,2.469931193795315,1,2291,Healthy
38403,74,48.483655853473344,31,7,384824,2.9799959922842296,12,856,Degrading
31167,62,38.42223916021856,0,2,315248,2.7387544927598695,5,1338,Degrading
4856,6,49.269741486278335,2,0,28724,1.1195421294668972,0,3387,Healthy
8926,18,31.532399561666246,0,0,66844,1.4519522785714867,0,3058,Healthy
27216,52,32.731652515645266,11,0,272267,2.6485954989251312,5,1696,Healthy
11556,20,38.81582811682257,0,1,107974,1.54587554781401,4,2829,Healthy
25509,47,27.792728288993708,0,4,243975,2.2629945743777284,0,1950,Healthy
40178,83,31.605619279725286,33,0,422495,3.3220530646548236,7,675,Degrading
8298,14,24.895983798482856,0,0,88169,0.9189408837954349,0,3097,Healthy
10608,21,32.63385731159257,0,0,99007,1.496537702259498,0,2861,Healthy
45432,90,37.622818052914525,55,13,468176,3.577765209587262,23,331,Critical
43130,84,50.43359029811759,24,5,433489,3.347599004383397,20,561,Degrading
18868,38,39.379943100209275,14,0,174557,1.5976042452492722,0,2383,Healthy
36662,74,41.538428598841584,27,5,365451,3.1515865433444183,10,949,Degrading
12597,30,22.020806061915298,0,0,142138,1.5261919653242666,5,2650,Healthy
48102,92,37.888976280598534,58,19,462114,3.2560998973442072,25,281,Critical
14671,31,27.09357476328183,6,2,155384,2.0995134134787463,0,2544,Healthy
32505,62,40.71894038735156,0,0,340963,2.6496221345616338,1,1295,Degrading
18500,38,32.86680831594478,0,3,179660,2.0905324734629676,7,2239,Healthy
8141,14,39.019247999463474,19,0,76149,0.9897817302112332,7,3155,Healthy
44269,88,41.61605423113828,42,8,424697,3.5380252346509433,26,502,Critical
26626,56,28.87152314039921,11,0,274549,2.557230894395047,0,1621,Healthy
26089,51,37.77154571949166,11,0,253141,2.471463913079993,0,1757,Healthy
24133,44,29.885711260673396,4,0,252372,2.1424367116084047,8,1971,Healthy
37546,78,40.33775908218743,17,13,362477,2.9311063796669865,22,928,Degrading
5456,15,28.589471281031585,7,8,107506,1.4565385265106514,0,3076,Healthy
5091,11,29.264639546360375,18,2,63637,1.2876419367093823,0,3301,Healthy
34739,71,38.2687953014201,21,0,354089,2.9704165284449897,7,1077,Degrading
8088,17,39.89144416729467,15,0,83390,1.5122237405631134,0,3121,Healthy
46648,98,45.80841218958542,91,13,470390,3.4960694642375225,44,147,Critical
23346,51,45.34320480695915,0,2,232463,2.1374298596245467,2,1870,Healthy
15562,33,28.841191552123703,0,5,165125,2.158143857976313,0,2416,Healthy
36176,69,39.93678384960148,36,8,385474,2.938697394944486,0,1042,Degrading
32867,66,36.230436318288305,7,1,315192,2.6972558265428628,2,1266,Degrading
9894,15,33.03181801604808,3,1,75841,1.6046856778444967,7,2996,Healthy
8750,19,19.661908635094466,5,0,110835,1.738188709614387,3,2962,Healthy
24002,49,43.262067871108734,0,0,252486,2.6757141086987293,2,1809,Healthy
13684,27,22.76917198998402,7,0,138217,1.8509708547999144,0,2640,Healthy
10800,18,32.956656434352965,2,5,94966,2.1584865671174187,1,2958,Healthy
5191,9,23.247675541040216,0,0,28138,1.5585295078306942,1,3360,Healthy
42001,85,37.89757703514868,38,4,414886,3.337589544860834,16,603,Degrading
10916,23,25.789070861579212,3,4,103219,1.9685125530287486,11,2899,Healthy
42302,84,36.84894326962207,46,0,438636,3.5249099410568268,19,454,Critical
30055,57,28.908335404225877,6,1,306389,2.42756363951448,0,1434,Healthy
27164,56,30.582775513600406,2,2,270373,2.6039028086884253,7,1621,Healthy
32384,64,38.59468857895279,0,11,348268,2.8383288141315157,0,1197,Degrading
42988,85,43.84895341850834,56,6,441821,3.210082420978366,17,407,Critical
34806,69,36.48627458601022,6,2,355267,2.6838876207226487,3,1112,Degrading
1347,5,29.66501181103524,0,2,7004,1.2439757359343107,1,3507,Healthy
46484,93,40.838609246918935,56,17,464405,3.573285665615479,27,157,Critical
36454,74,38.74171362502696,26,3,370963,2.782842885571493,15,906,Degrading
35794,68,41.73192792683372,28,3,322823,2.91367205919349,6,1082,Degrading
5459,14,36.95407209585532,13,0,69598,1.6412556843201758,0,3230,Healthy
18331,37,43.484436795176535,2,0,179685,2.0657461038004197,0,2341,Healthy
30423,59,32.268122468108196,0,0,306014,2.424981661732174,5,1437,Degrading
11579,26,32.82293035768887,0,4,109714,1.7741489481797956,3,2765,Healthy
3195,2,27.984415881757204,3,0,3145,1.4487793117949284,1,3637,Healthy
18152,32,29.620828512170682,0,7,173938,1.8616776983192005,2,2364,Healthy
17773,36,40.10306118017391,11,0,173910,2.2795291659716406,9,2433,Healthy
36516,75,28.98060441471634,16,1,372610,2.9673224463032506,6,962,Degrading
31322,61,31.375971298266876,0,0,317885,2.851960578071139,8,1364,Degrading
47277,93,54.41739924253747,85,9,478648,3.569104792020238,26,178,Critical
13533,28,32.40438162808122,0,0,158274,2.1066873282504948,0,2497,Healthy
26158,50,26.539826522463617,4,0,277261,2.821060200182506,6,1752,Healthy
1381,0,29.13564650334786,2,10,23368,0.9540366573990096,0,3644,Healthy
6217,7,35.07967957326948,0,0,74828,1.311429033885701,0,3270,Healthy
46176,91,31.3089632961312,71,17,450678,3.280660386694709,28,286,Critical
18861,34,35.30637700641795,0,0,180176,2.043408961659466,2,2296,Healthy
33628,63,38.70456990383727,14,0,345340,2.6946049418208493,9,1196,Degrading
32482,68,38.619723204259316,0,12,344219,3.041768132116147,0,1195,Degrading
8244,18,33.00885780543028,0,2,94274,1.6824529016402492,0,2924,Healthy
19730,38,33.18052327340224,16,2,162128,2.1244716090592686,2,2364,Healthy
29879,58,31.523346422050274,12,3,289423,2.7883113367043952,3,1551,Healthy
18504,36,26.634844950158204,14,0,166897,2.289268545198693,0,2431,Healthy
17062,31,26.383229485505133,0,0,155522,1.776354161911804,1,2453,Healthy
30536,62,35.06537785042801,14,6,287453,2.87158907077073,0,1425,Healthy
5881,10,31.332778991344934,1,0,84044,1.5722803212394347,0,3183,Healthy
24782,47,35.99821685582674,0,0,250381,2.413194552623374,6,1838,Healthy
48714,98,42.02496682864059,97,16,489357,3.565833248110673,36,22,Critical
31668,63,39.80980947168434,22,17,320358,2.9153523121402602,0,1380,Degrading
11403,28,21.11996241316186,10,9,152136,1.6211318089113902,0,2646,Healthy
44449,87,42.50973390886218,50,16,440890,3.384126401973126,15,455,Critical
13185,29,31.977098185958276,8,0,150030,1.8419421659598674,0,2598,Healthy
45606,97,33.14599092460281,69,14,465549,3.566566027136466,32,211,Critical
18107,38,38.20169557115141,6,0,197717,2.1777839693044156,0,2304,Healthy
45452,93,36.56502707740606,54,6,460993,3.2186623547989304,27,323,Critical
6573,9,39.50582136925714,18,0,59719,1.5131888418354353,4,3213,Healthy
32370,66,41.110723521000686,14,0,316430,2.970441128811094,5,1329,Degrading
19819,45,33.905503234324755,14,0,220961,2.347708019364303,0,2109,Healthy
29679,60,48.339857007466634,5,1,292187,2.708267120575864,4,1481,Healthy
39424,78,31.51621513756336,11,7,384404,3.011872309193148,12,844,Degrading
24278,51,37.688874820882006,12,8,235229,2.355382367065393,0,1866,Healthy
47856,93,35.543557390296385,58,22,459549,3.6729656848787755,29,280,Critical
37427,69,40.01843889672986,14,0,359779,2.99912644048073,12,1034,Degrading
27107,50,32.015385923349264,4,6,250474,2.6271705881291108,5,1737,Healthy
15055,29,41.18290922537773,1,0,149958,1.9960890477596696,6,2570,Healthy
36819,74,33.12691405864914,6,5,373245,2.9886231066316777,2,953,Degrading
37108,77,32.021290442998115,14,0,361313,2.947941330457616,10,937,Degrading
14368,23,37.59640083401246,0,0,131764,1.8914878268591722,0,2579,Healthy
10646,22,27.41612424248251,4,2,116012,2.190026317831184,0,2771,Healthy
3661,3,26.922731467040673,0,0,34571,1.2374792637974978,0,3372,Healthy
3118,5,38.34194477337149,0,0,28872,1.2324376238477874,0,3383,Healthy
13107,24,31.74064714867384,0,4,148644,1.7108578536214145,6,2690,Healthy
23226,46,40.286027851631005,3,5,252284,2.352534041134076,2,1906,Healthy
12854,21,33.285017938252636,9,6,127940,1.9542474940852106,0,2726,Healthy
17195,33,29.777856282536682,0,0,183625,2.4345040403060487,0,2409,Healthy
38686,74,38.7841129963003,4,10,378417,3.184902474288557,12,823,Degrading
45169,93,38.71555992235663,67,11,461846,3.613339752011092,24,257,Critical
42913,84,34.67204461125713,34,1,404294,3.410144669409491,19,599,Degrading
31500,62,35.28061406163369,3,2,322222,2.6809429797054545,3,1346,Degrading
20736,43,29.583820767349142,0,0,220050,2.0063316955534276,4,2131,Healthy
36621,74,31.95937751272149,10,5,352575,2.9990377898075944,15,947,Degrading
7545,14,31.305152576267037,0,3,65862,1.7009424124487358,0,3085,Healthy
33621,69,43.00524845480084,2,8,359384,2.920255890545701,12,1080,Degrading
1588,1,30.924127621029164,0,0,0,1.4860226293656036,3,3511,Healthy
38538,75,35.09268322673949,15,6,387438,3.189119157669124,5,825,Degrading
24420,48,29.87615561229247,7,3,270689,2.434725898954535,5,1781,Healthy
48969,99,41.47107195035085,83,17,483012,3.665984871772752,35,76,Critical
31308,61,35.726217269943085,20,5,298002,2.6596691417220546,0,1369,Degrading
45630,91,46.96231028818573,53,12,467927,3.8074514267391413,30,309,Critical
13855,27,33.76233983880242,4,0,143678,1.833802686762058,0,2667,Healthy
5991,15,32.90900013532208,0,1,80225,1.3732161921032877,0,2996,Healthy
38025,76,42.11237607684682,13,3,372957,3.1786216109923524,7,928,Degrading
44940,90,43.108493381714325,47,2,442230,3.6736063151628273,22,353,Critical
25803,50,38.72607159690417,0,3,256480,2.5076382898786846,9,1716,Healthy
22519,46,33.39711038397467,7,1,226969,2.547464107881015,0,1951,Healthy
19602,40,39.5043205885427,22,0,206272,2.1302009774801225,3,2146,Healthy
19055,39,31.362298005182353,7,7,187861,2.094560945148602,5,2203,Healthy
32407,67,39.239367916178665,12,3,324495,2.991295396835609,3,1319,Degrading
2280,5,32.536038712179995,5,0,14184,1.4671180166927347,7,3448,Healthy
25682,50,39.2943079307821,0,8,263706,2.4925968418191786,0,1781,Healthy
34945,71,45.884904318779604,14,10,347430,2.9810694815925283,0,1093,Degrading
1861,1,26.325921166243837,0,0,32344,1.3077294138916693,0,3610,Healthy
30647,57,46.1566172040539,13,1,302944,2.501519529649197,0,1483,Degrading
13193,26,37.11087348819169,0,0,141933,1.737808728909175,0,2610,Healthy
49865,100,37.53137054941941,92,17,491085,3.572465676011171,36,16,Critical
40113,79,38.05903517072989,42,4,420437,3.0163408419806115,11,660,Degrading
41147,79,26.889768560408747,26,8,402330,3.035888322369831,10,699,Degrading
18575,33,31.587076137085848,2,0,180906,2.03050678778281,0,2348,Healthy
47238,94,38.094862012915506,65,9,454283,3.3177073565866575,27,182,Critical
31593,63,34.639241277504325,27,0,343002,2.834684151062045,9,1306,Degrading
15444,29,21.96595512978075,20,1,153013,1.6983645276854422,3,2614,Healthy
24779,46,32.88384959248487,0,0,239516,2.555642797717671,5,1902,Healthy
21383,42,39.7157415790643,19,0,216667,2.1235761514698135,0,2109,Healthy
5003,10,28.704285013504425,5,1,65308,1.5236311925402315,4,3242,Healthy
43074,83,44.13561977380454,40,8,417654,3.3856345031755755,11,594,Degrading
28328,61,39.27197179880352,0,3,290985,2.815022801194692,6,1476,Degrading
11202,22,27.88103079448083,3,6,105333,1.773886048675219,1,2848,Healthy
9685,20,36.158561990909526,0,0,92525,1.5495259179983496,0,2977,Healthy
41998,78,35.53575768881208,33,0,409053,3.272610693298889,7,678,Degrading
9236,14,27.47699686511319,7,0,66450,1.5913205972180609,4,3070,Healthy
5421,16,30.65097808217786,0,2,71096,1.3463780595799055,0,3168,Healthy
42400,87,47.1761891801565,43,6,440695,3.629057535366993,18,583,Critical
21333,41,28.862483276555558,0,2,218929,2.2076683360614147,8,2081,Healthy
12356,27,32.88131591697256,0,3,117306,2.2560109308597256,0,2638,Healthy
20391,33,26.087301340654864,0,2,181031,2.3769653799659904,0,2305,Healthy
50208,94,43.96065499596827,87,20,476348,3.330012840605761,31,133,Critical
50312,100,41.153442847752565,104,18,504744,3.8231463515253554,40,0,Critical
20819,40,31.149527415004936,11,3,208766,2.264273109024714,0,2145,Healthy
36589,71,37.58233341757812,29,4,363844,3.163955205650213,10,1032,Degrading
39964,76,42.82038093490858,27,2,387419,2.9616440156161246,5,866,Degrading
25255,51,36.46229762338034,0,0,256344,2.4310385118593727,0,1878,Healthy
4293,7,26.480751715117794,18,0,25012,1.5953337393338476,7,3424,Healthy
6275,14,32.32538414418083,16,15,59323,1.7750723856066983,0,3129,Healthy
34148,70,41.40185771640856,34,11,362027,2.81334390078372,2,1068,Degrading
3580,7,26.5804431892416,0,0,27028,1.2571956519346723,0,3365,Healthy
35403,71,34.23367326461308,6,0,338200,2.8610436100635246,6,1060,Degrading
29689,60,37.78122018732276,0,0,302397,2.819404001658666,4,1452,Degrading
131,4,24.716833581701458,0,8,10863,1.285387922866223,0,3611,Healthy
48060,93,42.63593637752095,81,9,457088,3.9591925147968103,26,186,Critical
25654,54,37.96358392948385,2,3,278727,2.44120515645225,0,1744,Healthy
12766,23,33.81847651956609,0,0,122147,2.164145918285993,3,2789,Healthy
35400,71,30.886989884010063,20,4,378403,3.1435288883133925,1,972,Degrading
26361,58,35.77155922135182,0,1,270792,2.5045130103653537,2,1524,Healthy
7438,19,29.55416731859887,0,0,86793,1.7576885752056963,1,3001,Healthy
37454,73,40.715759105693834,26,3,384672,3.0120976631025522,5,874,Degrading
36265,76,41.459684835967835,26,7,366303,3.2735704216983796,0,1018,Degrading
45975,89,35.73790408908442,65,16,441560,3.6062707099930584,27,314,Critical
9214,22,24.192050994837487,0,0,99775,1.7895744990203184,0,2980,Healthy
5436,9,35.71106271569468,3,1,46942,1.1530507860169272,0,3270,Healthy
38331,72,35.82671697594325,14,2,352377,3.4937233613615577,0,906,Degrading
25567,52,32.212316068672955,0,6,259941,2.4689604865685606,0,1715,Healthy
34357,70,37.1072723572898,0,4,335695,2.8824635249353006,13,1182,Degrading
16940,33,28.772255812713315,0,8,176580,2.162530173853861,0,2375,Healthy
34302,68,37.97758880429021,14,9,322300,2.7704905105227597,8,1150,Degrading
44983,90,34.33642987219774,65,13,440086,3.4509653134423726,17,432,Critical
16018,32,34.350059526793935,19,4,168187,2.3663081528788887,0,2465,Healthy
24081,45,24.087179379410294,0,0,222901,2.507025197716755,6,1996,Healthy
39540,79,36.75741388463721,20,5,390775,3.4090988717505626,0,753,Degrading
14836,34,27.758657917008982,10,2,171180,2.1764622321497407,0,2432,Healthy
4914,12,26.315549468405838,0,3,48312,1.4034500235533929,0,3262,Healthy
35530,75,34.328794454463626,24,0,361376,2.9843231731776516,4,980,Degrading
7571,13,35.55808359202104,7,2,56465,1.5887930304196825,3,3069,Healthy
4076,4,34.05438645931851,11,0,35964,1.1759745719107975,2,3363,Healthy
3556,1,32.69595385990742,5,0,28704,1.274808766910342,4,3453,Healthy
23271,38,37.64233337925778,7,6,203257,2.418213367238228,1,2094,Healthy
9158,20,32.20213769586724,0,0,100898,1.7858041426117572,0,2907,Healthy
49144,100,34.08201502881291,106,11,500644,3.6599040525720254,51,0,Critical
46848,96,30.871066314756334,87,8,469127,3.8481781873306415,42,207,Critical
47300,96,48.87556698849675,92,21,487980,3.413179448926778,39,78,Critical
47438,92,31.36312240477796,81,19,496127,3.903448807567757,28,113,Critical
39507,82,37.76573798199457,34,6,400842,3.2758308298172265,18,728,Degrading
11343,24,30.296313956050778,2,0,121405,1.762251060664489,7,2883,Healthy
29297,60,36.33382509834618,12,0,310958,2.711891344445663,8,1439,Degrading
19942,41,30.814340279525183,4,4,201508,2.3044326797846892,0,2210,Healthy
737,0,29.62199243795347,0,0,25270,1.6850653837929386,3,3504,Healthy
44996,87,37.77816000533929,49,10,418606,3.226341016153772,25,399,Critical
8821,15,14.338451490265072,8,4,94824,1.392928183878615,0,2979,Healthy
39348,75,37.98232024724137,24,3,371885,3.200897671098283,15,879,Degrading
43148,86,36.58243027511334,25,13,437123,3.3779272027248677,14,497,Critical
8501,25,35.10038516168072,0,0,74528,1.4319843880274148,0,2949,Healthy
19705,40,35.23658075967205,0,2,188112,1.9861956931529354,0,2198,Healthy
33483,69,36.02359739231264,17,2,343826,2.79257098110017,4,1083,Degrading
32654,63,31.262649869224564,0,4,307808,2.669679702323447,0,1407,Degrading
26437,51,41.61247558636951,15,4,288052,2.546481383052109,5,1639,Healthy
4622,6,33.45643772203709,0,0,58471,1.3532581869030211,6,3266,Healthy
12904,24,28.230904622592995,7,0,125698,1.8162458003076423,0,2807,Healthy
16099,36,35.82449690892571,0,0,162996,1.6759615454735852,0,2488,Healthy
41824,85,42.35499894956729,48,6,420388,3.244753838536333,9,596,Degrading
28739,56,34.831793668962945,0,2,296886,2.7711719300060436,0,1544,Healthy
38312,77,41.92882235639377,24,8,390634,2.9804791862247755,14,753,Degrading
16204,35,28.8167957376674,2,0,175580,2.248494330623045,4,2447,Healthy
15864,27,33.93122881016726,0,0,151374,1.7976775404203933,5,2545,Healthy
13489,28,32.891947132910424,0,0,138356,1.6570006246656284,2,2703,Healthy
38978,76,45.699453986842336,32,5,398705,3.2421478952571197,6,774,Degrading
6149,9,30.942889108312592,0,3,50004,1.6872668864038378,1,3272,Healthy
49311,96,43.989238181568936,105,4,501235,3.7466667957253894,53,9,Critical
12158,20,36.809350130008646,0,0,95912,1.7503529404220952,0,2824,Healthy
8445,14,26.46814575335421,16,0,56388,1.522890756906724,5,3121,Healthy
43724,89,32.41157698236354,45,18,448144,3.6240633777647666,23,421,Critical
47142,96,44.005626628644514,57,14,492298,3.4697728867311817,33,243,Critical
11226,25,32.13397140722377,5,0,132964,2.007247014450527,0,2757,Healthy
25104,50,36.23559852836949,27,0,273597,2.476475250986116,0,1728,Healthy
47157,94,38.90592439725394,75,8,475199,3.7804772161202247,39,227,Critical
19642,44,33.54867390074247,0,8,207205,2.512991431432969,0,2196,Healthy
40441,83,42.95644312432695,23,4,418525,2.8519594671214072,21,642,Degrading
9787,25,34.779990006064935,0,0,128581,1.5787162919730586,8,2817,Healthy
3068,4,21.39382085809994,7,0,25743,1.3627000138959868,0,3492,Healthy
48424,95,48.45577525403423,56,18,486843,3.3380447983622297,42,159,Critical
43174,88,41.50298220759823,45,11,435542,3.4238189314731735,17,481,Critical
26819,57,34.1772592225861,0,3,281537,2.548262994760842,6,1579,Healthy
17058,35,40.684281592255175,0,0,173470,2.1108983940593515,0,2267,Healthy
30207,60,39.28158269763151,9,0,297742,2.568476577199041,0,1459,Degrading
9409,19,35.352764543916045,6,0,118767,1.575236065833753,6,2943,Healthy
44062,85,42.93802545565601,61,8,439647,3.238486450628707,18,400,Critical
38669,77,42.63055628358687,29,5,391291,3.1503665799418235,8,805,Degrading
48511,98,34.708680143141486,96,21,478975,3.344665413533358,34,71,Critical
42711,82,30.99383795575222,46,1,420607,3.1163715719462153,19,565,Degrading
3306,8,30.986158831804325,0,0,28999,1.1301727579812055,0,3360,Healthy
19982,34,30.316920707534752,10,0,195652,2.0376268111643454,3,2240,Healthy
21679,40,24.508489781195905,12,0,213192,2.1502753187455275,7,2084,Healthy
44905,93,37.84211176314957,54,11,452634,3.2970395156971977,33,258,Critical
1251,0,21.604261344027584,0,1,9077,1.2948294135960121,0,3637,Healthy
9309,14,33.97732134780287,1,2,83288,2.048126890036585,0,3049,Healthy
33071,63,37.18475466862406,14,5,321281,2.474985805020871,6,1235,Degrading
42490,85,43.93575598890041,12,5,411776,3.106835915639587,29,534,Critical
23013,47,26.10562472405026,9,0,235809,2.4714416171847886,0,1961,Healthy
47361,94,40.20150286315018,98,14,498271,3.4510702425776905,36,154,Critical
39336,74,33.28204054840832,29,9,378679,3.139415605168895,21,788,Degrading
45510,86,44.4341065796991,64,4,430266,3.4113020503803577,25,399,Critical
4592,8,31.749652431900437,1,0,30560,1.4037058025994134,3,3362,Healthy
15392,33,24.403838059511184,0,0,176401,2.000301186115119,0,2487,Healthy
391,0,31.65473881893309,0,0,2759,1.1034811645350846,0,3601,Healthy
22570,48,28.763241913344235,9,0,241491,2.5422654236929896,0,1905,Healthy
11462,23,33.714521575189075,0,0,116994,1.2860004191016428,0,2850,Healthy
41968,83,38.04005977188061,24,6,419703,3.106523542926007,15,547,Degrading
7619,16,39.19964824424187,2,0,83689,1.4341937059047143,3,3068,Healthy
40950,84,41.6363499734289,37,0,403998,3.1828577902249644,4,684,Degrading
30786,62,35.01619188729903,0,0,301360,2.5935731990167943,0,1532,Healthy
5903,10,31.8433208601461,0,8,48764,1.774370752357946,2,3294,Healthy
45653,88,49.09694498010437,57,9,433274,3.4675966081909153,17,412,Critical
19573,38,38.87188046031316,0,2,197567,2.4857866095327763,0,2305,Healthy
22640,43,32.01056402948128,5,6,194048,2.297057682877105,1,2130,Healthy
16242,30,38.83635049689876,0,0,158349,1.9554013430375985,0,2579,Healthy
39102,78,32.40563108991204,43,9,412106,3.385259967012775,11,768,Degrading
44764,90,45.27680629101641,49,20,441685,3.6290905331427172,17,322,Critical
2951,4,40.46491164410037,0,6,19891,1.2767045440212001,0,3485,Healthy
12171,24,32.60028622461354,0,0,126623,1.7463017792655446,0,2766,Healthy
41003,81,44.23517863156711,20,11,428750,3.6422314528241073,13,589,Degrading
27976,52,34.495024814509044,0,0,284391,2.725712189299448,0,1710,Healthy
2682,5,37.65982107577682,12,0,35746,0.7537939735037817,0,3471,Healthy
4952,7,21.74808782385824,11,0,51977,1.4354800508227274,0,3263,Healthy
2317,6,24.10447907629519,0,0,28750,1.6445931884561829,0,3358,Healthy
38286,73,40.755370510830524,25,1,380485,2.8831403494459824,11,916,Degrading
20655,38,31.197594675147208,22,0,221333,2.3541615904442876,1,2097,Healthy
37936,77,34.91889241490224,18,2,368009,3.410810471265598,9,913,Degrading
15574,32,35.71677704683665,12,2,138077,1.7821111938396663,0,2565,Healthy
31250,59,34.857492821206534,29,0,288906,2.4410207545774427,8,1398,Degrading
46955,91,36.18313868032129,56,11,456279,3.5136186391122806,34,358,Critical
43308,89,36.08068166392101,55,14,445676,3.923807449656919,13,405,Critical
33055,64,44.03146115165124,0,1,336057,2.9821492323861185,0,1212,Degrading
25004,48,29.90707110324108,5,3,230717,2.177468562790998,1,1904,Healthy
31224,62,34.18398940323553,0,1,329140,2.6262830822921934,5,1423,Degrading
30232,60,48.313393071485436,26,8,312294,3.131946707702074,2,1390,Degrading
9294,17,30.499529164865667,18,7,90156,1.4437945771321672,4,3073,Healthy
23926,44,31.428560265318374,4,3,232384,2.6829629530955095,8,1978,Healthy
17235,35,32.07682206324369,0,4,170287,2.2367205502920853,0,2323,Healthy
30001,60,37.1267957070723,10,7,319790,2.77498112120691,5,1388,Degrading
22505,48,41.119068925506454,0,0,234235,2.458025675162643,0,1939,Healthy
36264,75,40.23031260082638,23,0,376722,3.2072696660628806,14,842,Degrading
46398,94,35.20804402161452,66,14,455995,3.3624051793110112,31,211,Critical
30727,59,37.8146663448539,7,0,283106,2.702899019050868,1,1526,Healthy
34875,68,37.81998069092433,8,9,342659,3.0450583205175152,8,1131,Degrading
35600,73,36.18730090481388,34,8,385532,3.1180029418754343,8,954,Degrading
21056,39,34.992334951445294,16,9,198183,2.0722560658707088,0,2135,Healthy
32895,64,40.48987384245263,21,11,315078,2.9123845989826136,0,1239,Degrading
29362,58,35.53531289090298,2,0,292136,2.577054995969823,0,1469,Degrading
40423,75,40.51130263782594,29,7,391551,2.976838803580879,17,778,Degrading
33540,66,33.50138045839792,7,7,330416,3.027911135092077,3,1109,Degrading
20277,41,43.40407565452081,7,16,209529,2.2781557036298006,0,2157,Healthy
1845,7,31.392198167052662,0,0,29881,1.416695406620308,0,3413,Healthy
37724,72,38.8141149081244,17,4,368054,3.3860498799642027,13,919,Degrading
33107,67,27.354673877138712,0,3,321759,2.671125316476091,8,1280,Degrading
24983,47,33.97801150075149,0,2,241323,2.393471864245559,3,1955,Healthy
26861,54,34.81176425442956,2,1,253026,2.664641101883563,0,1693,Healthy
37236,75,35.192151753869915,4,0,359072,3.4357514996790046,9,916,Degrading
13825,27,31.877533080135212,0,2,146756,1.8765093574269887,0,2524,Healthy
28812,57,42.403647703818685,10,0,280332,2.4698934196273132,0,1513,Healthy
47422,94,36.09844830002579,87,22,479885,3.391450768551876,35,148,Critical
26162,50,42.524528315535505,8,1,275646,2.2811604944434176,4,1739,Healthy
32942,65,35.4031973306159,15,0,342685,2.77437671864741,2,1281,Degrading
15055,30,34.65491965670795,1,0,182466,2.050434101118319,4,2469,Healthy
23222,49,29.061509638876224,14,2,220606,2.2937796023256545,0,1874,Healthy
28722,58,44.34254990010139,0,7,293350,2.431363770280518,11,1493,Healthy
31902,65,32.547124958054994,11,13,335296,2.7122207359263357,0,1286,Degrading
21998,43,38.145442538100475,10,3,211068,2.15623968535417,5,2088,Healthy
2070,2,29.15710569831744,12,3,41330,1.2195842712041727,0,3373,Healthy
18552,34,43.134625175991395,0,7,174141,1.8410151113605226,0,2330,Healthy
46032,91,41.67076378133645,50,9,462275,3.3618342906466876,29,268,Critical
27164,49,31.991621410679297,0,0,263379,2.734559361572975,5,1814,Healthy
29644,59,33.99324552851816,15,6,283624,2.5952350491704195,0,1504,Healthy
34166,72,31.10393476193767,23,0,347645,2.975230968443141,6,1144,Degrading
42447,88,34.75510140716772,46,5,451230,3.5069748210634097,23,454,Critical
45327,90,41.59119423823159,55,14,455152,3.4405179695245747,33,346,Critical
20032,39,35.094863182148565,24,5,172869,2.17755271893415,3,2291,Healthy
23659,45,36.78813516548706,0,0,221621,2.064810904443106,6,1946,Healthy
8589,17,42.29823081395939,11,1,93858,1.5141812374819008,0,2975,Healthy
6943,10,31.012361886524378,3,6,60870,1.9975698622898386,2,3105,Healthy
35937,67,36.081864212603705,17,0,364618,2.852056209927518,8,1037,Degrading
31761,64,41.24147835965173,27,3,318418,2.7874848107498806,0,1289,Degrading
15306,32,38.385948346490046,2,2,135558,1.9933437602078403,0,2377,Healthy
43161,92,41.035202251363565,55,4,439798,3.2717194384009773,15,431,Critical
33731,68,37.62746950516021,0,0,322434,2.965015419183992,4,1197,Degrading
24198,49,26.330308791978382,0,0,225360,2.6345387545863446,0,1959,Healthy
35120,74,35.25024091040888,31,2,349233,2.773309398249143,13,1079,Degrading
14276,24,26.56165323978918,0,0,128901,1.8339949428581697,0,2807,Healthy
36156,74,37.376851751500446,25,16,358482,3.255658466058257,9,1060,Degrading
35726,72,35.821373974563116,26,5,356724,3.227463462952391,10,1120,Degrading
38396,76,39.76973061501466,35,6,395956,2.707973032758459,11,857,Degrading
27223,58,35.20088890880891,17,14,282238,2.6250790588420676,1,1563,Healthy
33531,67,29.756371561671948,10,3,303253,2.7401428795680784,11,1279,Degrading
8097,10,34.42936412112758,0,0,67880,1.4953189836069294,5,3151,Healthy
16114,29,32.690143399104855,9,7,174233,2.3518633168918717,0,2472,Healthy
20714,43,38.92068837600955,0,3,228788,2.051459112602077,0,2082,Healthy
17714,35,35.41920543983169,2,0,178251,1.7983644688671816,0,2433,Healthy
36064,73,43.254304970297056,7,9,357176,3.2733414181211273,7,924,Degrading
38004,78,35.55873561037592,14,19,375837,3.5126478247450756,6,836,Degrading
12946,28,40.445665051164056,0,0,119615,1.7631311745232576,0,2683,Healthy
6731,15,38.48384046136964,9,11,95106,1.9061167729263957,0,2993,Healthy
28034,53,31.535427279572723,0,0,279543,2.5973648643212144,9,1707,Healthy
1848,5,29.44055399447559,0,0,14143,1.127963444953873,1,3525,Healthy
46683,93,34.552208759982825,69,8,467542,3.79755700252658,29,258,Critical
12420,26,32.059046938949585,7,6,146738,2.0405963608088644,4,2670,Healthy
26312,55,34.94737816500985,0,0,271322,2.517344026803933,3,1603,Healthy
44757,89,29.366138851342313,71,11,467061,4.125585851974028,21,305,Critical
13400,24,38.50427176613819,0,0,113149,1.9174774731668578,0,2750,Healthy
6055,15,31.61241798403786,0,0,82207,1.3969811677884953,0,3052,Healthy
38752,76,38.08962628089056,12,5,384768,3.097284287294105,9,879,Degrading
35206,69,35.72501728383603,18,2,338368,2.6945174094953206,8,1132,Degrading
1131,4,30.417867667128416,12,0,0,1.1783066145102108,1,3597,Healthy
19369,40,27.354411232743704,0,1,182718,2.4300846460235026,2,2222,Healthy
3941,8,22.35066128897339,1,1,41908,1.6606532650263761,0,3275,Healthy
11028,27,39.026277585519495,0,0,133843,1.6772942113732654,6,2692,Healthy
41086,85,37.98466902285694,53,12,436639,3.48884715662313,19,503,Critical
46803,90,41.30715005639271,77,15,466022,3.6582578820714295,30,254,Critical
23060,45,32.6933278839553,8,0,253537,2.470688535968319,1,1984,Healthy
42116,83,33.03562258176831,40,0,409827,3.331202938680282,11,590,Degrading
27410,55,35.49955210888661,1,5,294515,2.9203199454360593,7,1693,Healthy
39446,77,37.77506010025708,33,1,396466,2.812442789892141,7,741,Degrading
31067,59,29.49121846252362,1,2,296428,2.715230069399904,3,1485,Healthy
29756,60,36.91474692606791,11,3,314179,2.743384786637104,0,1499,Healthy
13038,23,36.0348945027221,0,1,117896,1.7167956507861006,0,2766,Healthy
43770,86,43.44887130266599,47,5,415128,3.2539529901923294,21,517,Degrading
19469,43,24.216305168718076,5,4,204912,2.1055675349728546,2,2132,Healthy
23688,44,25.50808450645211,4,1,223770,2.8159980968023657,0,2041,Healthy
43710,86,41.33896705379943,50,11,424901,3.718978230302965,19,553,Critical
5883,13,28.77256372891981,4,7,58060,1.400060353699236,2,3232,Healthy
10243,20,24.304195277605885,0,5,86597,1.7298449535580007,0,2914,Healthy
18888,42,31.133162819073934,7,0,188599,2.2730421655307564,4,2135,Healthy
23209,47,39.322442795607614,0,0,237994,2.266184901489069,1,1848,Healthy
46472,91,46.225590082910074,77,17,465474,3.61062004728946,15,253,Critical
11389,17,30.52119634430102,20,0,97672,1.4977948637264749,0,2981,Healthy
11422,23,31.18024300539471,0,4,129141,1.9798440927080692,10,2820,Healthy
36454,69,40.91369254859559,17,2,329205,2.8840610601407732,0,1078,Degrading
3949,2,40.93176316904636,12,0,38323,1.3280566908306122,0,3411,Healthy
13185,23,32.40836318600469,0,0,148403,1.9551984421838557,5,2687,Healthy
29855,56,41.270568905896226,8,3,278412,2.971372681430052,0,1540,Healthy
26138,52,26.661038577857937,0,2,281079,2.550244133507267,2,1769,Healthy
23822,53,45.131926001933635,17,2,249706,2.525116391850848,2,1736,Healthy
21828,46,36.21701611918599,1,0,215025,2.7160821481899715,0,2018,Healthy
51853,94,40.24649509351502,84,14,486847,3.27559520539541,46,61,Critical
39708,82,31.9858521194959,36,6,397575,2.9769351030621998,15,692,Degrading
35757,68,42.962066207227856,17,0,324022,2.8495226828793534,0,1205,Degrading
36582,73,30.759259152343063,19,2,365598,2.642567178291988,8,1067,Degrading
20928,39,40.10942460608531,0,5,220376,2.2919220621831733,0,2038,Healthy
5295,8,32.19913063363783,4,0,59343,1.5595225801954675,0,3260,Healthy
42507,84,28.558951427121126,36,17,426199,3.5130945028225087,11,613,Degrading
1416,5,30.287929099960277,0,0,19699,1.3972987404982358,0,3505,Healthy
26224,50,32.67873544129026,0,0,247803,2.5783739224406093,10,1833,Healthy
48283,95,40.19371069455261,94,17,503569,3.8389174043896146,37,100,Critical
48793,93,32.790517468507346,66,17,469528,3.397681622002897,26,191,Critical
18437,39,31.47107202864645,0,0,201817,1.9918421240889834,0,2288,Healthy
18056,32,37.39286264291216,0,0,173353,1.9146846196458631,0,2390,Healthy
33075,68,31.15942936370199,28,2,332087,3.1105636821694915,5,1159,Degrading
3184,7,30.25071478822625,17,0,33885,1.1572556596976233,0,3364,Healthy
31476,63,29.785120637184697,0,8,299817,3.0932691292691694,6,1422,Degrading
26273,54,25.669334386854743,13,11,276052,2.8252205698926454,7,1655,Healthy
9909,16,40.65732956312817,0,1,98396,1.4111969898224028,0,2950,Healthy
20580,39,32.04033290646397,7,0,200530,2.2794526852033297,0,2158,Healthy
45185,89,37.831200969365604,44,18,460331,3.202068506276791,26,317,Critical
14288,32,30.884216305067078,1,2,162270,1.8346172426005798,0,2572,Healthy
25828,56,30.023760472254914,22,0,271113,2.581746386130032,11,1676,Healthy
6758,13,29.176170532043475,5,7,82379,1.6986800709525833,5,3093,Healthy
36556,73,38.31644232743348,18,3,372788,3.306703662509593,13,905,Degrading
35975,71,35.13533019075917,13,7,359831,3.160675376123213,4,1083,Degrading
2873,9,36.41665783963961,19,0,36686,1.4387072669868424,0,3411,Healthy
26255,51,30.995183121526157,0,0,271080,2.491350995040839,6,1723,Healthy
16733,26,25.84992392162111,0,0,150225,1.7699685438645663,0,2559,Healthy
34372,70,44.618320355723704,7,0,350820,3.210814257023732,4,1063,Degrading
45347,91,26.777626491024126,45,11,449827,3.395896056531224,18,306,Critical
25171,54,32.030127915585226,14,8,242616,2.4918164835105503,3,1837,Healthy
16850,33,36.663993909123924,23,10,167388,2.115485956126818,5,2460,Healthy
41486,79,42.377745834369826,31,12,407309,3.3522057136092647,15,661,Degrading
11222,22,34.773675156243506,2,0,128150,1.8819878435667081,0,2733,Healthy
13385,27,22.870337743090083,12,0,140232,2.058872590084953,3,2631,Healthy
45687,87,48.526744194157125,67,12,448118,3.397546888105049,28,332,Critical
11026,24,32.13720129295556,0,0,113419,1.3043188826559433,0,2898,Healthy
9073,15,30.201389316613238,31,0,87166,1.7655945122949408,5,3009,Healthy
17212,33,28.44866106026393,0,0,161156,2.2361687622554007,0,2494,Healthy
20038,44,31.93458509153717,6,2,196269,2.3050623770580794,3,2213,Healthy
27901,55,36.48252042397006,0,4,274039,2.380911765327302,0,1613,Healthy
29451,54,44.80708029081735,0,0,271608,2.9676258425830406,0,1548,Healthy
22104,44,33.24084789791296,0,0,210117,2.609245327244303,8,2061,Healthy
7215,16,33.55175282351025,0,0,97071,2.034143536211057,0,3009,Healthy
46389,94,34.456111763561886,65,9,453711,3.8576678386075414,26,249,Critical
21855,44,31.057494777643242,1,0,209308,2.4459040435011703,1,2023,Healthy
4201,6,29.836784404123364,0,0,34866,1.5270110844434928,6,3431,Healthy
46251,94,38.57851964196868,61,11,474239,3.2106271654305956,26,276,Critical
46544,89,34.630931120238095,69,11,454938,3.3031148112361515,29,366,Critical
39589,75,36.42224364812102,21,12,387431,3.3997912348310972,7,789,Degrading
35323,77,52.408742905265,13,1,358489,2.8955661092595575,0,895,Degrading
19677,36,29.924228430398575,0,2,208722,2.1109022863000075,0,2201,Healthy
14719,28,26.956670076704853,0,0,166149,1.9880328235129279,0,2476,Healthy
6608,10,31.635438714999953,0,0,66493,1.4599614428295846,0,3159,Healthy
30813,65,42.210375035981656,12,6,311215,2.7475303909438016,1,1316,Degrading
16540,33,38.38898571900775,9,0,182454,2.029695752509046,0,2470,Healthy
42419,84,32.799480228535316,33,5,426313,3.1569166367031487,15,543,Degrading
31537,62,46.54708565533361,4,0,324777,2.974687119446181,0,1332,Degrading
42876,83,37.55900375353686,28,0,406905,3.084850290672678,18,580,Degrading
46296,90,25.870504240087996,47,15,458651,3.2701933053097187,15,353,Critical
26096,47,42.10916660705541,9,0,251668,2.2630974111827555,0,1867,Healthy
39940,79,44.52432417514602,22,4,408805,2.923155369633076,8,697,Degrading
0,2,35.784278831316264,0,1,8749,1.0575305932515342,0,3551,Healthy
2896,8,28.588804697569625,7,1,35999,1.1950780270835504,3,3351,Healthy
47561,94,31.85837007183567,72,14,489047,3.7034639663760838,31,74,Critical
42852,82,31.304702021475364,21,4,405223,3.54642705788282,19,531,Critical
14403,33,25.503014492400865,0,4,163006,1.379871660595001,14,2514,Healthy
32963,68,35.706238411962765,10,0,338842,2.8741665879815357,8,1274,Degrading
43319,88,43.43750631796018,52,10,435879,3.6512775882602555,27,442,Critical
4335,4,30.937063643428388,5,1,50531,1.5332978947819964,0,3324,Healthy
41849,87,48.46430005300401,44,12,420408,3.350751774329244,17,469,Critical
11549,22,36.086431197784954,0,0,119792,1.38454028631408,0,2802,Healthy
19480,40,33.82424744335336,5,3,215905,2.1517057287170873,0,2182,Healthy
27339,56,41.136540672725594,9,0,280707,2.960161740625562,0,1601,Healthy
42621,85,43.1034190875914,34,14,407218,3.0813201637878196,18,587,Degrading
8935,18,25.331750432764277,2,0,102534,1.5445146512399148,0,3022,Healthy
49319,96,33.62147583582572,88,16,483103,3.929426102024055,36,70,Critical
32908,66,40.78204839248201,0,0,332883,2.5825460054978877,4,1305,Degrading
45995,93,39.82913302263099,66,8,449366,3.657523206908422,25,324,Critical
37796,74,33.61190890995949,16,2,387832,2.929238332243409,15,871,Degrading
26502,54,36.96760802659736,8,0,263132,2.368578556086596,4,1707,Healthy
32111,68,40.40492059079443,0,8,333862,3.2657095950942123,3,1199,Degrading
24726,46,34.07162507132916,5,10,231877,2.367593510204397,6,1932,Healthy
26686,52,33.828177358284414,4,1,284073,2.671346962731362,5,1599,Healthy
3138,8,33.841075403546185,0,3,26630,1.189064839139119,2,3434,Healthy
40553,84,35.88351377144029,37,14,413882,3.3104990550402325,8,579,Degrading
5901,12,34.788844626998085,15,0,67975,0.8941123546323103,8,3062,Healthy
20084,40,34.39752445752191,0,5,213428,2.212886524682451,0,2073,Healthy
5894,11,33.697143731224,4,0,68646,1.7876965856909388,2,3179,Healthy
40850,83,36.12900873583609,28,6,401961,3.263544557466495,19,652,Degrading
41877,80,33.804858751180596,51,16,446966,3.385245859150198,10,616,Degrading
34266,69,31.890071981970735,7,4,338926,3.06076641866769,9,1129,Degrading
28479,57,36.83903006109992,0,0,284634,2.5832119127499804,5,1636,Healthy
27669,48,33.83763885151069,2,5,284793,2.5952473996789194,12,1729,Healthy
38323,79,34.72979786780997,29,1,388947,2.83886650650411,15,818,Degrading
17763,40,28.97872890635935,5,0,199568,2.1104757647117935,14,2310,Healthy
6727,10,31.135989793036025,0,9,63037,1.5175742316213572,0,3239,Healthy
6328,13,26.414147703093768,14,0,63889,1.073250410623461,0,3162,Healthy
15887,28,38.36077301822599,0,0,140101,1.9865268480343459,0,2550,Healthy
49277,99,43.83284362148658,107,29,499074,3.8849351391319544,41,0,Critical
22484,45,36.1935343491866,7,6,213269,2.2372016148128195,0,2035,Healthy
42499,84,34.07034660401322,34,0,429819,2.860731600564636,12,609,Degrading
35104,70,40.113956042069546,10,1,339194,3.0164977053166786,0,1207,Degrading
10958,24,26.11281624244264,0,0,112389,1.9791720579471948,0,2785,Healthy
44304,90,33.23899164696367,48,10,425238,3.514197024749723,18,507,Critical
1290,0,29.822698561541294,0,7,9052,1.2613988574143684,0,3640,Healthy
23101,44,45.76459900496616,0,5,243806,2.508376009675932,0,1964,Healthy
52297,99,30.842471584236023,92,20,504925,3.5575608873247626,40,0,Critical
32730,64,34.84390438423765,18,7,324483,2.694054800087844,7,1383,Degrading
22529,43,38.250643952844655,0,3,201546,1.882744817568311,4,2118,Healthy
4023,4,35.31769679661503,8,0,42675,1.2112084417408793,0,3318,Healthy
23774,46,34.989699659967386,12,5,237975,2.441154194544183,1,1971,Healthy
22871,40,36.43049491418324,5,0,201434,2.3866094955291373,0,2118,Healthy
13415,29,26.903112843529463,0,0,152251,1.793400017117174,0,2543,Healthy
11270,20,35.06698627628885,0,1,134181,1.8520051578753147,0,2737,Healthy
18997,36,22.14465675906771,0,2,193859,2.3256206980487497,3,2207,Healthy
11155,19,35.938816422893986,18,0,112828,1.3089440952334082,0,2859,Healthy
49033,94,46.13916091451657,97,11,496565,3.4875732242395183,42,86,Critical
21939,40,37.37474899026928,0,0,229030,2.248504441353267,0,2005,Healthy
3619,9,39.69021969803002,9,0,40985,1.7155247763134365,0,3370,Healthy
32244,58,27.948725524947957,0,5,319715,2.599644086100475,0,1448,Degrading
8457,21,35.6544993368742,3,0,99607,1.8463228580429298,0,2941,Healthy
39207,74,38.01340526464537,32,1,369852,3.074920616016473,8,910,Degrading
15778,33,38.91452535384262,0,0,184948,1.9763221378890097,0,2426,Healthy
30610,58,36.82234473971874,4,12,313175,2.5458909079063217,0,1425,Degrading
29865,56,37.004635497661916,9,4,297557,2.682582593646971,5,1506,Healthy
46936,99,40.291772667929095,83,12,493744,3.8047598181142277,30,150,Critical
32795,65,34.32585411450305,9,10,347639,2.8925923357378256,6,1335,Degrading
45163,85,36.49114066590696,45,18,418436,3.206233235816408,13,488,Critical
28555,59,40.11913990146686,11,0,282575,2.7927508118646345,9,1478,Healthy
35842,74,34.307997736428646,27,7,381653,2.879082145885486,4,941,Degrading
7361,18,39.89078405340974,18,5,83577,1.3081154377362272,0,3138,Healthy
36887,75,34.570737852785356,11,12,379265,3.3017869014817016,11,896,Degrading
39826,76,31.04030229636623,28,8,411971,3.319815797315482,5,748,Degrading
15617,32,40.96903005722882,0,2,170617,2.09152754118758,0,2446,Healthy
20028,38,32.33060655027889,30,2,188679,2.1059250887690646,0,2293,Healthy
8219,18,28.019882367773718,0,3,88346,1.5994122679988056,13,3079,Healthy
26734,56,36.076637958963104,6,0,278895,2.741475934251049,3,1628,Healthy
2696,5,34.94471215402601,0,0,14908,1.2951103330837566,7,3502,Healthy
29622,56,31.578704106596827,0,7,288502,2.4167528241823315,3,1503,Healthy
18026,36,31.745349823801124,3,0,181682,2.1360962712032214,11,2315,Healthy
31963,65,33.84681838304325,6,0,305208,2.875824533400401,9,1351,Degrading
42383,82,38.537034721258294,28,7,433056,3.3227460802092237,23,555,Critical
37716,71,45.060404419820536,0,14,366555,3.0092287898769774,7,964,Degrading
2505,0,26.791469085671192,0,0,14370,1.1323406638058324,1,3639,Healthy
18466,40,33.84384319420918,0,5,194808,1.9446597540496942,11,2174,Healthy
12985,27,42.864762335975136,10,2,128154,2.1768851202671096,6,2705,Healthy
34691,66,33.86885423926359,18,2,348840,2.7715202025762222,6,1120,Degrading
33331,63,36.63372021149624,13,4,310188,2.6292509526869914,7,1288,Degrading
32227,59,33.74968288240614,19,10,293528,2.530132618925215,2,1349,Degrading
49315,98,56.47557080910176,99,20,478587,3.9495211045944885,35,64,Critical
8441,16,35.58641590452948,2,0,78621,1.697253303728287,0,2997,Healthy
28869,61,33.81889208058872,8,14,274451,2.659140176518528,6,1452,Healthy
31823,64,32.513634090056954,10,0,337105,2.987994540157885,10,1317,Degrading
27304,56,33.332139589400526,17,7,271197,2.5979163362082436,0,1682,Healthy
30415,55,34.121929195540716,3,5,288820,2.4384590692219805,0,1525,Healthy
1524,2,27.97938408976026,0,0,35023,1.3900816402301677,0,3521,Healthy
14857,26,25.264113277326267,23,6,157221,1.8157128113948129,0,2558,Healthy
28922,60,35.031188174545996,11,2,300710,2.721346131825297,4,1458,Healthy
23127,46,35.05489918139601,0,0,218758,2.4523134629962176,4,1954,Healthy
41226,82,46.73068164915725,26,2,403319,3.0072937203203534,11,642,Degrading
29122,62,31.312270661946947,14,1,302288,2.5798929934143393,5,1467,Healthy
17681,36,33.785569710285934,0,0,193705,2.0308424104964846,0,2282,Healthy
13097,26,33.39659367615324,0,0,123038,1.775643318883339,2,2761,Healthy
24403,44,30.310206321869124,0,0,242502,2.7710646169313087,1,1926,Healthy
32459,60,40.705309811361474,22,0,311542,2.693591804146432,8,1291,Degrading
24104,52,33.69115881499448,10,0,243314,2.5718852426384897,0,1838,Healthy
26371,54,31.34165799511469,0,0,277955,2.781445294892681,12,1621,Healthy
37595,77,32.62601879668106,8,7,378646,2.712493759702871,12,894,Degrading
18381,33,33.25970701315775,0,6,158086,1.7575073413948326,5,2413,Healthy
21136,41,35.76805046851247,6,1,195985,1.9384117822801121,0,2094,Healthy
5905,13,35.66151082112375,0,0,54123,1.7006621534844795,0,3203,Healthy
9179,20,26.994012017122202,0,0,101201,1.6096950360125066,0,2934,Healthy
13424,28,35.77191615404588,0,5,122563,2.0913003089193034,11,2775,Healthy
46747,93,37.40332279287594,77,6,468832,3.752556175618746,23,286,Critical
40101,83,28.77518948360023,39,11,389390,3.4119865790382575,6,584,Degrading
16726,35,38.527212453195716,10,4,164842,2.1490732450661105,0,2394,Healthy
1888,2,29.44834884174853,2,4,7542,1.313009412048371,0,3507,Healthy
16854,32,34.30903953017206,4,3,142305,2.1866312979860365,2,2454,Healthy
30926,60,34.854322929486976,18,2,315459,2.8404835166420956,6,1406,Degrading
18756,40,29.202360709857878,0,0,189786,2.112141713552135,2,2238,Healthy
0,1,38.39439279066969,0,2,6559,1.5182792906897957,0,3632,Healthy
30238,59,43.539714322857904,13,0,289534,2.761949290514757,4,1458,Degrading
37907,77,34.21174297766598,7,7,374202,3.187635033837558,11,888,Degrading
47683,93,50.964474244642645,84,16,488486,3.6537769127254616,24,95,Critical
39336,74,37.391207799618726,41,8,366316,3.0838825338049056,10,876,Degrading
11673,26,32.14891170811661,0,1,116543,1.6927472485149875,3,2819,Healthy
39934,80,28.472892998120237,22,7,404999,3.114664326519829,11,645,Degrading
26054,50,31.112527290908538,0,1,245914,2.1463943359113276,3,1841,Healthy
14562,26,36.81297128247819,0,2,127616,2.047049033333374,0,2649,Healthy
36781,73,39.18673408624736,16,0,377886,2.9889285339201717,6,1041,Degrading
702,5,28.645825818091083,0,0,36626,1.7649617066732592,0,3570,Healthy
40344,75,37.45453172238298,26,9,379220,2.703033227501679,12,841,Degrading
31106,60,42.256176509701845,10,3,283118,2.552219657780564,13,1417,Degrading
18607,37,38.22530329710678,4,0,179193,1.8828127370700931,0,2315,Healthy
20774,42,36.609106925438425,3,0,209478,2.272686775262182,4,2090,Healthy
24562,49,26.64139482697311,4,0,259781,2.476463925913274,0,1784,Healthy
29560,56,42.73154239121172,23,1,287247,2.9886339990858013,6,1516,Healthy
32801,64,36.622804833878334,0,1,319887,2.936562018320415,0,1352,Degrading
6309,19,38.695371033137135,0,0,70060,1.3553252893002279,0,3081,Healthy
38121,80,31.148986410990684,28,5,391990,3.1458077471163737,11,724,Degrading
35648,73,27.721611010333106,16,4,366714,3.6289009950257474,4,1008,Degrading
8023,20,32.900336511186396,7,0,86330,1.8079538203927326,5,2987,Healthy
48145,92,37.20260776905407,82,13,463826,3.67498726976519,34,184,Critical
2865,4,28.494791755108107,9,0,15679,1.8124358081025276,1,3490,Healthy
41075,80,37.2555710929504,27,10,411814,2.733854464793907,33,623,Degrading
8622,27,27.81615134932016,5,6,115159,1.761345500687976,0,2789,Healthy
18436,39,25.904616291753236,7,0,190465,2.3324198738170185,0,2320,Healthy
27144,53,37.91551458983985,10,0,269650,2.8665864228457925,0,1772,Healthy
1224,3,29.04226776983566,12,0,19365,1.2831097009100878,2,3541,Healthy
14135,25,31.93243930032564,0,0,137153,1.8436134968321511,5,2618,Healthy
28685,59,36.523700310473075,16,1,307749,2.7837195387968254,1,1456,Degrading
48500,94,36.53419251522456,101,16,472728,3.375645674795531,29,141,Critical
28239,58,41.9849231699356,0,3,264240,2.3968128998246168,6,1615,Healthy
45081,91,34.32368748938318,58,6,459893,3.5056461832279897,23,397,Critical
35355,75,46.24907009479754,21,5,362163,2.6843299780084307,7,1033,Degrading
14130,28,32.59338493695202,7,0,143332,1.9472150430628516,0,2647,Healthy
7359,13,28.502153630770945,6,0,67065,1.2193170421274542,0,3255,Healthy
12157,22,28.980434731835246,0,1,115754,1.9853568110043518,6,2710,Healthy
10299,23,26.545900037555715,2,0,112068,2.012511839859589,0,2791,Healthy
12370,23,25.460992166612673,0,0,137402,1.7540357798243817,0,2718,Healthy
10920,19,37.79741870843441,3,0,99896,1.560098392345059,7,2890,Healthy
34142,71,34.36376322075946,23,6,360580,3.3740662088651137,4,925,Degrading
43673,93,31.171294886446262,52,8,457944,3.51240729583851,14,414,Critical
7578,18,37.84463004148598,0,1,71827,1.6381762451629764,0,3018,Healthy
11958,27,34.79303932841,9,5,122715,1.8824374118777092,10,2640,Healthy
22100,45,42.332732456854714,0,0,243464,2.235045920732616,0,1916,Healthy
16330,34,31.19696257067978,0,0,181811,2.1430211123785523,5,2370,Healthy
28238,58,35.3249619664846,2,2,274336,2.6761626055234857,10,1576,Healthy
23671,49,37.78515117799824,5,0,241409,2.71118191388699,2,1872,Healthy
22509,47,33.8834687813333,0,0,243155,2.5936169994285767,0,1798,Healthy
16253,31,38.3138007440221,11,0,162457,1.6075683023473522,0,2550,Healthy
28494,53,36.23766466601172,0,0,286123,2.4967123868775745,0,1698,Healthy
21390,39,35.87820962510716,0,0,205758,2.356732640044977,0,2114,Healthy
11846,22,32.43475089180015,20,0,112081,1.9366849032319302,0,2710,Healthy
5489,11,33.57595176402076,6,0,56782,1.7434966301763621,0,3217,Healthy
3178,1,30.64578144285457,16,0,33271,1.501038113179545,3,3450,Healthy
38140,76,30.8589723200814,11,8,357469,3.143790687076576,8,922,Degrading
5910,15,29.374087137432873,0,0,69073,1.4855147556528818,0,3143,Healthy
14462,25,32.98871318200885,0,0,116761,1.561631211857508,3,2716,Healthy
13570,25,38.1990856562142,0,0,116573,1.7213940257049276,0,2737,Healthy
5555,14,37.831996924158105,0,1,63146,1.3230057937512554,4,3185,Healthy
39056,76,39.14584555665966,18,10,376299,3.207467734570482,10,818,Degrading
13801,27,30.90661025979123,14,2,121468,1.8305187620029943,0,2680,Healthy
38557,78,42.47768752314448,26,5,410152,3.293872917836975,9,829,Degrading
38910,77,37.83825696784415,33,5,393246,2.8503081358570794,10,731,Degrading
28842,57,27.35930731763397,9,0,276562,2.3008307303336273,4,1606,Healthy
33464,62,34.22443230653367,3,12,315883,2.7283938967392167,12,1322,Degrading
13412,29,38.93315545129305,0,0,150663,1.8499533327797493,0,2656,Healthy
12106,22,32.939712570436,0,0,118106,1.5743665180960116,4,2772,Healthy
20391,40,39.6499794730683,1,1,210475,2.5053551234518188,0,2169,Healthy
10694,23,31.58383437118493,19,0,127831,1.920114361950756,17,2727,Healthy
39975,80,36.935874881210225,36,11,393007,3.080876474840614,9,723,Degrading
50449,98,35.31569415841754,108,17,486812,3.4154457623417183,43,24,Critical
11775,22,26.49534377338828,0,0,127324,1.9978930984648016,0,2811,Healthy
42240,84,32.70169412582876,33,1,404254,3.350029940871703,19,612,Degrading
25886,54,34.00255543679717,0,3,247025,2.491516111665557,7,1702,Healthy
1672,3,27.77424968643168,0,0,27574,1.7365258145121603,1,3507,Healthy
39350,74,40.82544507756572,14,4,392078,3.004162240611843,2,838,Degrading
10640,22,38.25919691895014,2,0,121076,1.6092587237918414,0,2902,Healthy
8837,16,34.540169975883536,3,2,77461,1.208071913499959,1,3075,Healthy
50239,97,36.80752962586984,109,13,493342,4.174635460354245,38,0,Critical
21963,43,35.39784945614349,0,0,217541,2.4740609004492633,1,2030,Healthy
36334,68,37.1813843224383,34,0,346519,3.1496543225327525,3,1041,Degrading
48270,96,38.74869665500646,77,23,492727,3.701614820379428,42,141,Critical
40252,81,36.35924490805785,29,7,413014,2.9223363258586024,19,654,Degrading
27420,55,38.93295566957064,0,0,263062,2.5554537310706045,2,1662,Healthy
39168,79,33.47757954496277,3,13,386682,3.23200511351511,13,816,Degrading
38879,76,51.42475246826102,14,12,364855,2.900488855929362,1,852,Degrading
3089,13,37.45668999461911,0,1,48217,1.4078304215719313,0,3318,Healthy
13082,28,25.724000867998743,4,6,132836,1.8998048521248225,3,2779,Healthy
25050,49,33.398798746832455,26,5,238008,2.429621974073983,4,1874,Healthy
15035,34,26.23697916070566,6,7,136418,2.057700716355281,0,2582,Healthy
6511,13,28.352605287227046,0,0,86455,1.698266670083836,6,3164,Healthy
27116,50,29.229046689183416,0,0,240545,2.592991283519483,0,1767,Healthy
23271,45,38.353733653562244,15,0,214219,2.4812730400783076,0,2011,Healthy
50500,98,46.075715762380696,93,24,507915,3.6207947225066035,42,10,Critical
4322,9,33.16082615120015,2,1,58097,1.7120496522520483,0,3281,Healthy
50465,100,43.63155028188526,106,17,496591,3.591807955502102,38,36,Critical
39684,81,34.11345822169209,22,2,371020,3.307518909135787,3,863,Degrading
41326,84,34.857907874203605,24,0,414930,3.6606806390156605,6,716,Degrading
14378,24,37.18261854995682,0,0,127544,1.7206703987198184,7,2724,Healthy
41792,89,43.79131843969642,43,12,443295,3.849476480620318,23,436,Critical
29633,60,37.406369274551885,8,0,294905,2.6122992003918974,6,1567,Healthy
15856,37,40.04570171952787,0,0,191455,2.354336184000454,4,2355,Healthy
21069,41,39.88414486751995,1,0,218946,2.1084656801063906,9,2091,Healthy
43999,84,43.72361587339829,45,5,430816,3.4655280473821124,18,530,Critical
15412,33,27.02671094497187,0,0,153871,1.947539164055003,6,2453,Healthy
19522,41,28.21445275241768,0,2,213671,2.392416745759532,6,2134,Healthy
40474,83,33.8631321783502,29,0,403030,2.9965708346454387,10,667,Degrading
33156,68,36.90271909938548,22,4,342739,2.4743799201343615,5,1178,Degrading
38581,75,32.629928933655485,34,14,390682,3.177614899007459,14,806,Degrading
29850,59,31.300627956516813,30,0,289109,2.5840759655784935,7,1444,Healthy
12410,23,34.18134687501048,1,0,112879,1.5693558293457635,9,2776,Healthy
39254,79,47.32276959064147,17,10,398085,3.126490916486625,7,799,Degrading
31929,61,37.82758544369725,2,12,303121,3.013140562285209,0,1394,Degrading
27618,53,42.56392249544378,0,4,281988,2.3075843644717353,7,1610,Healthy
11182,18,33.87803950729576,5,0,103787,1.8145607017629577,3,2931,Healthy
36651,73,32.56262232756921,17,8,372491,3.2295059066242473,2,1074,Degrading
20145,36,31.90844181345127,0,4,189937,1.8905352919563931,1,2329,Healthy
37920,81,44.13845154645985,26,6,401026,3.0805125731447833,24,710,Degrading
17411,32,36.80588910525675,4,0,163384,2.2101740273892667,3,2430,Healthy
13093,28,32.299330053948,0,0,129376,2.2210299769725688,7,2522,Healthy
48044,92,36.95104255111358,91,16,473985,3.830935431674496,34,187,Critical
2913,11,29.440273202025764,0,2,45816,1.3056318053896785,5,3319,Healthy
18523,37,32.52992414878023,0,1,205569,2.158916816000034,3,2200,Healthy
910,3,22.36094916946997,3,0,17532,1.2476343446136735,0,3535,Healthy
25082,47,47.00551542328046,0,0,233325,2.1854296041554315,0,2009,Healthy
40639,76,38.66288938704801,24,10,405388,3.257623172491868,14,723,Degrading
18134,30,37.26591362434763,0,4,175705,1.8578580687231554,0,2383,Healthy
40771,80,38.172203438296584,31,12,406305,2.7028457280794984,11,749,Degrading
38686,77,41.57539549704616,16,14,378843,2.990374150101565,11,938,Degrading
47753,96,31.164904301638572,91,13,461542,3.6198197319959777,43,64,Critical
26750,52,31.017277245722383,0,7,268447,2.464233627668527,7,1694,Healthy
47642,99,35.98259330056768,80,16,504240,3.381367038086703,38,103,Critical
38875,80,32.218921637371935,27,2,395671,3.0348734453589348,17,723,Degrading
11478,21,26.599027217346688,10,7,117920,1.835327129526295,0,2844,Healthy
36554,71,40.91194135175247,11,0,345640,2.9099431968560427,15,1057,Degrading
9921,15,36.97456614244702,2,8,97197,1.6722229616263256,0,2998,Healthy
15478,27,34.81280978490374,0,1,129404,1.5280482734372758,5,2618,Healthy
3510,2,32.70989362866263,2,1,18151,1.124400321094741,5,3368,Healthy
9648,27,33.097143115901304,1,0,111465,1.8399996675910848,4,2797,Healthy
26748,51,34.886335935413236,0,6,275378,2.58400142611169,0,1777,Healthy
35877,69,34.25461884606266,14,2,341593,2.860382539353092,6,1112,Degrading
12713,25,29.853447150926538,0,0,130455,1.5174851738709534,0,2718,Healthy
32887,69,36.63030996016568,11,0,334412,2.8487826182108016,0,1221,Degrading
11558,27,29.517360781930122,10,2,148237,1.707207535825619,1,2660,Healthy
32383,64,38.055071116293796,10,5,325908,2.862597691231071,5,1265,Degrading
27676,53,44.0665621817717,12,4,277195,2.687838056566769,7,1613,Healthy
47046,95,37.29413489308329,85,18,478748,3.926429027681674,39,200,Critical
25834,50,36.16079740549583,0,0,233245,1.9024119872019145,0,1803,Healthy
47005,93,42.167297541292115,78,14,464756,3.6362379186226694,22,120,Critical
38973,78,38.0573511275997,28,5,411069,3.013327803656034,17,718,Degrading
41048,82,32.64916015054007,23,5,414496,2.76987635508861,10,705,Degrading
22506,42,29.000193563015365,1,2,229193,2.4564702212587335,0,1966,Healthy
3228,6,37.093195934189794,0,0,39915,1.319948049585007,0,3353,Healthy
37895,79,35.59768475672233,14,4,376320,2.9671180346453583,2,919,Degrading
30818,62,38.04458425772772,2,0,280194,2.7207813024522873,1,1419,Degrading
47807,93,35.299755594568936,90,25,480983,3.7696445284190694,32,82,Critical
23063,50,36.79662979690375,18,6,231360,2.266170798040039,0,1937,Healthy
45116,89,37.65227153661107,66,9,457177,3.3727782073007258,26,317,Critical
13466,31,41.25107760873168,0,4,156830,1.9929373686646612,6,2608,Healthy
5419,10,32.464684946964944,0,0,66270,1.6654639667792115,2,3173,Healthy
23516,44,39.3502996941545,13,8,219010,2.2863958256308337,0,1987,Healthy
23734,50,33.274656598304915,0,0,238743,2.3357881443890376,0,1873,Healthy
6264,11,33.687709003572785,8,11,56599,1.6239823883947329,0,3234,Healthy
7421,13,29.24915012794817,0,0,61380,1.9505123208245134,0,3093,Healthy
37838,73,35.20344387274382,15,0,364462,3.1162955208358247,9,964,Degrading
10162,17,41.86042202908451,0,0,82593,1.848145547950216,1,2991,Healthy
28248,60,33.58660260085685,17,0,318195,2.491486645558337,10,1503,Healthy
31156,63,35.483079951264855,32,2,321018,3.0034757866063564,0,1378,Degrading
43842,87,45.62646104550125,22,0,446985,3.080819358746223,12,503,Critical
5195,8,28.037326726616524,0,3,60545,1.527033128287885,0,3306,Healthy
24504,49,28.584446775758856,0,0,251670,2.2858487982930775,0,1911,Healthy
41419,85,45.29195208321223,18,8,412385,3.1821569974107633,21,573,Degrading
23999,44,32.624196625516475,0,4,218218,2.497091594456238,4,1940,Healthy
34671,70,38.994351742422694,0,2,344790,2.644157981535179,7,1117,Degrading
43390,86,42.23852610518706,60,4,428214,3.348249684449304,13,515,Critical
2115,1,30.261781908118923,6,0,16516,1.2309816794626727,3,3473,Healthy
13141,20,32.381993284103984,3,0,118061,1.5218830274199855,0,2818,Healthy
36774,71,39.227202936613466,16,4,356182,3.27756185892127,10,1043,Degrading
44017,90,43.424465783558844,30,7,435061,3.364351347016571,21,526,Critical
31140,63,41.50781059913289,14,0,319162,2.5581813103625635,0,1251,Degrading
16638,33,36.718293404818255,6,6,180206,1.9436124203788974,0,2408,Healthy
21249,44,36.503615072073664,0,1,235741,2.3916583597198358,0,2056,Healthy
676,2,29.318414338942297,12,0,0,1.2939617387476468,0,3645,Healthy
36557,75,43.18540968953842,25,3,372916,2.891636245711566,0,1001,Degrading
28535,60,37.92635062017422,7,0,282811,2.589416633937711,0,1546,Healthy
29357,57,43.16481519406186,0,0,280201,2.7233595046762376,4,1581,Healthy
47323,95,33.923188066009764,71,7,487397,3.8396818893328515,23,203,Critical
48253,91,44.07417263174002,58,21,466735,3.2400832500657994,33,319,Critical
29964,63,27.450132633213723,20,6,300629,2.7915660752829914,2,1446,Degrading
41207,87,40.567450883801214,27,0,431038,3.3200446828123917,16,526,Critical
38252,77,42.9309467563587,31,4,374634,3.315822559093086,11,803,Degrading
42569,84,43.86898668017502,26,8,433448,3.475757250759427,15,584,Degrading
38120,78,42.959824393235664,12,3,389266,3.0181920510036546,14,798,Degrading
17633,38,39.14447110897397,2,6,172004,1.8473390297490748,0,2383,Healthy
20811,48,41.435414106558994,3,5,234652,2.32850220018819,6,1829,Healthy
0,2,33.218747252957044,5,0,29578,1.3518841585807149,0,3540,Healthy
44435,89,44.3508489519709,60,4,442681,3.5775555539822075,19,362,Critical
25324,55,39.58948525045511,0,0,247969,2.3854345674823842,0,1798,Healthy
22730,43,36.40861616579127,0,2,216188,2.0293633072603114,2,2052,Healthy
4175,8,31.093599383218116,0,8,22909,1.2231847385061365,4,3413,Healthy
9964,19,31.84833713827358,6,1,112348,1.6414032641019876,1,2924,Healthy
39393,82,34.00441133505552,51,6,408413,3.5556738783043045,19,647,Degrading
47039,95,44.38784578920175,76,14,476944,3.829610421746949,36,98,Critical
34077,63,40.499855352779235,16,9,323368,2.659710664491578,0,1289,Degrading
46465,91,36.80186574644723,46,16,453816,3.8910953778535693,26,302,Critical
29792,55,30.211497504125248,22,5,271396,2.6712548148385293,9,1577,Healthy
30324,60,42.479014970922755,15,0,296810,2.5128276353202144,16,1457,Degrading
10436,17,35.623418253113144,5,0,101175,1.765469836696416,4,2970,Healthy
45378,93,43.23922293385136,81,9,470507,3.6708666984014275,26,264,Critical
33546,65,44.34324896569889,25,7,317088,2.6302733624593295,0,1247,Degrading
6066,9,29.91844298488094,0,1,53802,1.6761085338583235,0,3264,Healthy
30985,57,34.889983826016,14,7,302921,2.6337662114920923,2,1367,Degrading
33896,66,41.60546634772388,18,8,337107,3.0632989828520767,2,1179,Degrading
26740,52,33.06813575267146,0,0,281177,2.5617347915146036,11,1751,Healthy
2458,2,27.043504110761518,0,0,5040,1.1820515759478671,1,3530,Healthy
24456,56,42.764589992956054,2,0,247485,2.3231574326439057,0,1741,Healthy
37618,74,44.18432033842127,11,7,384112,2.866471151119608,4,933,Degrading
23845,46,38.33630732914318,4,0,240452,2.73054472977116,0,1915,Healthy
15943,28,34.06400217282413,0,7,169979,1.9090890204082331,0,2472,Healthy
23585,46,30.252792824469676,10,0,226673,2.7810026761117137,3,1943,Healthy
43318,85,31.200398810605826,40,7,428160,3.299358687409037,20,592,Degrading
25802,43,37.67947411713823,0,3,251565,2.280312258260758,1,1825,Healthy
45007,86,40.67243019771754,60,13,440884,3.9262654878313965,15,450,Critical
39132,76,34.117186550538925,0,4,383270,3.382864463659215,11,830,Degrading
26167,55,34.981192099690794,5,0,264481,2.8953935500513763,8,1621,Healthy
8321,13,39.31508904649507,0,0,72271,1.397497590704903,0,3049,Healthy
7402,15,26.40852264654645,9,6,56277,1.3592437900099723,3,3223,Healthy
2481,3,24.509354997020452,1,2,24033,1.154722019177106,10,3463,Healthy
21274,42,50.884300235964005,0,2,201684,1.9795590930681148,3,2138,Healthy
28924,50,37.569670314322444,0,3,276300,2.39113727541893,11,1735,Healthy
6929,10,28.138127118881886,4,4,74169,1.4685277374342276,2,3208,Healthy
5716,7,27.605645587094067,0,6,34674,0.801155339779673,0,3325,Healthy
45777,93,30.11323319005364,61,7,451463,3.427195197491508,21,244,Critical
33802,64,31.251697110303432,17,4,326411,2.9520783463274065,5,1311,Degrading
46669,91,51.37602979897906,65,9,452342,3.2545847139650355,35,390,Critical
30897,65,38.52976774590885,18,0,332907,3.1067770967705424,9,1306,Degrading
0,3,37.10065138326324,22,2,6325,1.0236305568609794,0,3581,Healthy
18962,32,33.02596564710032,13,0,146231,1.8187243992435729,7,2478,Healthy
12693,28,31.185121930276306,0,0,134733,1.998244158306251,0,2554,Healthy
31901,65,46.258562515262184,13,3,298291,3.07052140875893,4,1358,Degrading
2409,4,28.35631044415173,0,0,34745,1.1608940462329194,0,3490,Healthy
36554,74,39.47242991560312,32,14,372294,3.5081904684372294,8,932,Degrading
33958,67,48.18397502740121,5,0,323037,3.199455882652398,12,1226,Degrading
156,4,22.513275576513355,0,0,0,0.9790407288902134,0,3613,Healthy
41774,77,40.50818499187852,22,4,399591,3.0282681934086386,3,742,Degrading
14803,29,27.5700442707142,1,0,142498,1.8039366689892038,0,2597,Healthy
44757,89,40.24932464170345,45,0,427451,3.073906805590374,22,472,Critical
29621,62,41.02452001516422,0,0,288444,2.7638253776254613,4,1459,Degrading
41226,82,37.906225394782275,29,9,418665,3.079389785127704,13,697,Degrading
46663,97,37.85219187421144,78,10,471076,3.0339960263084906,28,148,Critical
15115,29,28.366294731236017,7,1,157874,2.1355162450255536,3,2552,Healthy
48994,97,34.700349910933866,68,4,471660,3.5453591342659623,35,246,Critical
2796,9,34.57999136599902,6,0,57779,1.5427609269277858,1,3370,Healthy
21557,44,35.58730576845418,0,0,217052,2.109653649631704,3,2046,Healthy
29470,60,33.33945027411837,0,1,298186,2.4311969463757848,0,1503,Healthy
20416,44,31.086605114760744,0,5,211828,2.6910303629968952,0,1971,Healthy
32961,65,39.897030286576424,20,1,328769,2.8966923388473798,12,1197,Degrading
26240,50,36.38788245235899,9,5,271412,2.5554195772673114,0,1690,Healthy
9797,19,34.31058339549072,0,0,100829,1.581471229443086,1,2892,Healthy
28727,60,35.47008105973146,20,0,298933,2.8108308725043027,0,1477,Healthy
29719,64,40.85003031348519,6,13,306709,2.690628011671672,14,1489,Healthy
11263,28,24.427835799822265,12,6,130147,1.9550965073126394,0,2631,Healthy
21074,40,36.57333496834492,2,9,231243,2.132734404828919,0,2186,Healthy
11265,23,26.459043429260245,3,4,108367,2.1610427099762455,0,2828,Healthy
12600,28,25.35601594724736,0,0,147346,1.8140117906198727,0,2618,Healthy
31585,62,41.52641292391127,2,3,309418,2.68911146948326,0,1308,Degrading
25089,50,38.86669236284281,0,0,274078,2.348117798967473,0,1741,Healthy
29078,62,39.950678915989265,0,0,300818,2.665938390495904,13,1445,Healthy
13510,23,46.75006632629676,14,0,146426,1.952201479434071,2,2685,Healthy
23036,45,35.46739564041446,4,7,230814,2.4398816806445733,0,1930,Healthy
3254,5,31.37749915905784,4,1,35238,1.1332303213463522,0,3414,Healthy
45945,93,39.89758921602342,57,14,458797,3.6184361169270725,32,318,Critical
13396,28,30.09789568535659,16,0,140966,2.104744252417612,0,2518,Healthy
16364,35,34.458182698403874,7,0,157534,1.7158969637262451,0,2429,Healthy
48547,98,35.10522297803893,93,16,479695,3.340976732238459,51,78,Critical
30208,59,37.46533314633288,11,2,293575,2.326558834529402,3,1535,Healthy
33597,64,39.12262273292614,23,0,325400,3.0950635032943126,3,1192,Degrading
35655,71,27.137789972744343,39,4,365192,2.644563267071769,16,1057,Degrading
15939,34,29.5768829432629,12,0,183721,2.136854022736401,0,2322,Healthy
21407,42,29.1238311089444,19,0,243964,2.135079629688149,0,1989,Healthy
49967,97,46.11056779320401,99,11,484243,3.983682296547703,39,49,Critical
12856,26,27.763149833737437,0,5,137224,2.1690264140707503,7,2674,Healthy
48094,92,39.287209657010514,62,12,481458,3.221721823331185,21,253,Critical
13930,30,28.739013797967353,0,0,137776,1.8669121881131052,2,2516,Healthy
299,0,27.521431283514453,0,2,25197,1.394858608801428,2,3638,Healthy
36005,74,38.80330073971476,22,5,369941,2.9932291484086706,10,869,Degrading
33048,63,32.61689095640049,5,0,335442,2.80784869438183,0,1300,Degrading
1014,8,27.208538822372105,6,0,43902,1.0995117726630088,1,3471,Healthy
2000,4,31.10202210563285,0,7,31584,1.2370753017807707,4,3547,Healthy
47134,91,40.25489667294408,87,10,467231,3.830655794397897,39,165,Critical
45173,87,41.768244356037464,38,18,418834,3.4518576268434358,21,530,Critical
47348,94,34.47891139155444,71,16,463907,3.6139943855475387,29,228,Critical
15633,37,34.6946865146791,0,4,158086,1.6091283252629027,2,2416,Healthy
46880,97,41.88330793911717,85,4,486982,3.6853719851617543,34,160,Critical
12731,19,36.46941247262924,4,0,101220,1.6208422952486232,4,2840,Healthy
46547,93,38.96695181154245,42,9,468058,3.3882388002550483,23,292,Critical
36848,74,38.358821702011625,10,6,379129,2.8589346142955105,11,1045,Degrading
20159,36,31.73367609072148,0,0,207149,2.780573215995055,1,2262,Healthy
11242,20,36.326201663987504,7,0,81370,1.7931477210159779,0,2976,Healthy
13478,26,30.373980516043282,0,3,130807,1.7268744908569262,0,2654,Healthy
35286,65,35.339369293249426,2,0,361627,2.8205908519277627,17,1122,Degrading
30398,59,36.44682303843308,11,1,290028,2.675057303016479,0,1493,Healthy
3112,9,32.009691196659524,4,0,35861,1.4950965367237699,0,3354,Healthy
7021,19,28.412236166828073,11,0,74714,1.6301730212413645,1,3025,Healthy
594,0,36.34788719538188,9,0,16018,1.4453223123736951,2,3554,Healthy
7716,14,36.69897652133704,7,0,71486,1.400592195678264,0,3126,Healthy
16380,34,34.523495309016184,0,7,178297,2.0421913550104525,0,2437,Healthy
13370,26,38.672962482233004,0,3,151704,2.0745514367529347,12,2635,Healthy
2876,4,30.03599150084758,0,5,5661,1.048916515455533,3,3577,Healthy
31725,66,40.00012703113556,5,0,348055,2.7735913031155843,4,1293,Degrading
14197,29,36.846243723120246,4,0,146930,1.7230780729802415,0,2577,Healthy
27918,52,34.19932492535003,8,0,261887,2.7962494799628406,0,1606,Healthy
24510,50,31.41825196221359,0,5,239587,2.381256332590006,10,1824,Healthy
44155,87,39.25805618918007,40,4,418936,3.3317903990581565,12,517,Critical
23663,46,42.022391958708745,5,4,240135,2.02928361708891,0,1919,Healthy
33174,63,36.10890266860268,8,2,341332,3.193699178682249,10,1226,Degrading
19212,35,37.59306490209477,0,8,185744,2.292884847035282,3,2248,Healthy
17655,31,28.900992624068255,21,4,155409,2.0877151639086153,0,2420,Healthy
19808,39,32.23071638157394,6,0,205590,2.047850491174124,0,2157,Healthy
35282,71,39.20185346557468,31,8,378812,2.589948238618169,3,944,Degrading
22953,48,34.36982124350402,4,11,217116,2.4508449710372893,0,2024,Healthy
4081,13,33.879988542810956,12,0,80931,1.5487692125997734,0,3222,Healthy
16067,35,40.03328963503853,0,2,175905,2.2725995258191745,2,2384,Healthy
8405,17,42.00807180826317,6,0,99825,1.474968487000586,0,3007,Healthy
13005,28,31.593727820278083,0,0,128367,1.6054780656145893,0,2745,Healthy
41422,83,43.769448239226364,37,7,419683,3.06940547766468,23,543,Degrading
40516,80,39.022959219167284,29,4,412644,3.0116792222626994,5,717,Degrading
47038,94,36.89599195704845,48,3,461159,3.41075750595169,24,250,Critical
21937,41,35.04744090447355,3,5,225302,2.100565421097334,0,1959,Healthy
0,1,21.524698427344276,1,3,0,1.0446588484207884,0,3662,Healthy
23087,37,25.07294410434399,19,0,201348,2.3995771493845504,4,2057,Healthy
42379,80,37.816571846501006,26,14,416058,3.239289161930841,9,594,Degrading
37810,74,43.44203827646381,27,5,388410,3.3526262843841157,12,826,Degrading
42809,86,45.62198528742706,37,12,431917,3.0092018650122876,11,518,Critical
35705,71,27.890810087254515,22,0,363507,2.947169108336228,5,1003,Degrading
45190,84,42.77779418104786,52,12,434645,2.9791070111697473,22,545,Critical
48267,95,38.192308863184905,95,11,489990,3.5073999279147032,34,115,Critical
20859,41,36.681503334229724,1,3,204889,2.197873009451881,2,2145,Healthy
49016,95,33.35389548882607,82,16,479067,3.6702625580465957,36,127,Critical
47086,91,31.28762635065619,56,0,467575,3.502481969515257,31,291,Critical
49447,97,43.753151544566435,108,15,507483,3.7885789123481666,42,0,Critical
11717,23,31.204081546465243,1,0,122084,1.8446963379158288,2,2723,Healthy
40830,78,36.472777113855415,36,10,400701,3.052890487379758,7,689,Degrading
40081,78,41.10985956650161,50,12,390512,3.2547308324904765,11,781,Degrading
18872,37,35.63177228860972,25,0,206198,2.159937603072395,4,2168,Healthy
21230,41,36.1250909551831,0,0,208141,1.9546330388056543,2,2099,Healthy
4885,7,35.87024981949632,11,0,43522,1.5503042344580502,0,3394,Healthy
13981,27,31.999010627106898,0,0,147037,2.261553399269703,5,2711,Healthy
14594,25,33.37564272458394,3,1,131650,1.8010251786821256,1,2605,Healthy
5728,11,35.60014236843646,3,4,43300,1.7691872017116475,0,3318,Healthy
14898,30,38.076702952176085,6,0,150140,2.273068135548176,11,2517,Healthy
9746,18,28.38504615488282,8,0,95748,1.8993977219086893,8,2885,Healthy
46220,91,24.421746962817394,59,11,431565,3.533390913879613,26,306,Critical
31244,60,27.856037597342798,1,3,314026,2.7982561828791397,5,1436,Degrading
28392,55,20.145528784989768,0,0,270772,2.595412663043348,2,1628,Healthy
45414,94,35.55458494180832,74,13,459583,3.3165465065028394,24,291,Critical
25223,48,36.79255652360224,0,0,255819,2.426190572358985,1,1893,Healthy
23562,51,31.735010834807582,0,0,254312,2.338283598973977,9,1852,Healthy
24769,52,33.5921813635115,13,0,238366,2.469375650717852,0,1826,Healthy
7189,14,35.06370047070282,5,0,80205,1.3336613949498806,3,3138,Healthy
2320,5,35.722423832686545,0,6,4706,1.522150895547313,7,3511,Healthy
45951,87,46.877006614688426,57,19,446297,3.2917461730304307,23,330,Critical
33087,67,31.93613169591446,0,4,350533,2.7701162071295315,16,1179,Degrading
41844,86,49.77537374834243,35,0,412848,3.3280548539004613,15,602,Degrading
2835,4,27.70890999810681,0,3,47442,1.3366228537146998,1,3412,Healthy
23237,44,36.49820750770246,0,1,216271,2.276549280380846,5,2055,Healthy
50677,96,39.712209746979276,82,13,485334,3.5487555987336745,37,140,Critical
42367,83,28.937727967743662,25,14,415123,3.2409615062765074,18,631,Degrading
2263,4,37.81367171798196,0,0,38524,1.222538208656822,0,3501,Healthy
40758,85,47.08305153118606,43,7,413286,3.0435202513077773,10,597,Degrading
8339,18,27.24535346765031,0,1,88556,1.5619017751233715,0,3002,Healthy
16257,35,31.901429475677457,0,0,157208,1.3075548511682689,0,2488,Healthy
9156,23,27.455890293472468,0,9,123848,1.6900378921537211,11,2766,Healthy
22325,42,30.365176536890868,0,0,221660,2.4351556016162603,0,2036,Healthy
47150,94,33.45449362796584,62,25,461326,3.913860469388585,27,207,Critical
41728,82,44.7768485306084,41,2,419201,3.0538560169833087,30,562,Degrading
15801,33,29.35531690311,0,8,163281,2.0167536639682058,0,2326,Healthy
26736,57,33.54987656392532,0,0,265925,2.581930410462836,3,1715,Healthy
12096,26,26.83064977996994,0,0,133980,1.735664751122093,11,2736,Healthy
6243,13,31.587611606727005,0,12,93815,1.4699826243895273,0,3186,Healthy
21651,39,34.98905149249832,0,0,217896,2.2112924053150884,3,2045,Healthy
8521,19,34.79615140185591,0,1,88640,1.6292309462332686,4,3048,Healthy
5537,7,28.36567744935593,0,0,52317,1.4832755661305186,0,3302,Healthy
8180,17,36.40240824464622,0,3,85272,1.6077492314552566,4,2990,Healthy
49968,100,36.369300959522256,91,13,496675,3.4901808222642545,38,21,Critical
11360,19,28.80061719371446,0,7,115167,1.8458760659983828,0,2924,Healthy
26853,49,29.275684314402135,0,1,275416,2.6231980808420623,0,1736,Healthy
9768,19,29.401489055576945,0,0,106419,1.2275077389115956,0,2900,Healthy
40875,83,43.23924530263497,41,8,414722,3.2962035910266634,13,562,Degrading
31239,63,30.55336861435974,0,2,299304,2.693991299522512,8,1422,Degrading
3550,9,26.70944588669986,13,0,18921,1.4092083241634812,0,3429,Healthy
10202,15,33.655541835745254,0,3,72735,1.3629724357034216,0,3115,Healthy
20867,36,31.848091405047835,0,0,202963,2.1678852321950446,0,2269,Healthy
8745,21,28.51062518263484,0,0,95147,1.6467996207740738,7,2952,Healthy
23340,46,24.945655420873457,0,0,209309,2.0860017460900115,3,2029,Healthy
22871,37,42.149817526025615,18,0,201476,2.357306148555082,0,2157,Healthy
33160,64,33.41893201740828,0,2,330489,2.77349493442781,0,1302,Degrading
36768,74,34.11982868248257,13,4,389488,3.0301604617204383,12,886,Degrading
3140,5,34.58295267960164,4,0,22723,1.2675188137918916,0,3404,Healthy
25357,51,29.935136512081954,1,5,233768,2.1911061174093667,0,1837,Healthy
9861,14,29.125762631417487,11,0,102725,1.727519187177497,0,2921,Healthy
7058,13,32.109556557671176,0,0,62197,1.5686990812876058,11,3199,Healthy
38869,75,40.05071444688505,16,0,392582,3.356543510718938,8,800,Degrading
38595,80,43.86173330089811,14,1,387588,3.306212628439239,13,769,Degrading
29578,62,43.67007939931613,8,0,296108,2.665520010749945,8,1397,Degrading
44119,86,43.87969987180143,35,13,441204,3.394393263752872,17,440,Critical
41303,84,42.48532092531613,33,12,414254,3.030062019510529,15,457,Critical
14814,26,33.588496897574984,0,0,137714,1.8232260409856074,1,2700,Healthy
45707,94,41.019570119587925,64,16,459332,3.875820746741389,24,345,Critical
17034,33,34.21853764279565,0,1,160849,2.0584304060568805,1,2400,Healthy
23102,47,41.98683138574167,18,3,256899,2.289633754680429,0,1868,Healthy
30548,55,36.92731810631531,5,0,291268,2.802643485945564,4,1518,Healthy
36709,76,36.96224476915425,49,6,360880,3.3325952444947897,7,873,Degrading
32487,65,35.98804340356408,2,10,289820,2.5799527796505135,8,1415,Degrading
45808,92,44.151524363511214,90,22,452408,3.4072310698745634,19,257,Critical
46758,93,37.44259472824413,61,6,484721,3.292197959368142,32,123,Critical
43969,82,27.97908810489471,28,9,428844,3.2234616219364707,21,516,Degrading
4973,5,35.692615791898845,0,0,64181,1.3029911139784596,0,3240,Healthy
13857,28,32.721391947837574,13,2,148688,2.026733169762548,4,2678,Healthy
26374,55,29.61355274033229,0,1,247260,2.2944906395640867,0,1821,Healthy
5649,8,34.90980060295857,5,14,44087,1.3820100340629167,0,3292,Healthy
13930,29,28.085258197398673,5,0,119983,1.7579407212369953,0,2708,Healthy
36510,74,36.49989149901942,19,4,362792,2.681653152893772,4,927,Degrading
39558,75,49.59124611477931,17,9,375468,3.1734107682343544,17,813,Degrading
5839,15,25.786151299397826,11,0,90957,1.559974525527008,8,3180,Healthy
11001,22,26.896456526785627,23,0,121577,1.518118642400114,0,2841,Healthy
38619,75,42.437332139578416,18,0,398174,2.9289140063075987,12,868,Degrading
41541,84,46.67227844964039,21,4,420745,3.0541906963235403,7,633,Degrading
39022,78,31.133824203240295,14,0,391946,3.370699337908959,12,820,Degrading
46326,99,45.977161230604864,79,16,479511,3.4289581111078884,38,201,Critical
39210,77,38.79283972245923,35,17,394436,3.2316180114520923,6,766,Degrading
44548,83,33.780934598918044,39,7,419180,3.605587380021006,11,558,Degrading
42992,85,16.25297571007133,33,10,420055,3.3822739883164723,27,560,Critical
39412,77,39.3518789629477,22,6,392707,3.0067693626089067,19,741,Degrading
33258,68,38.87044124431655,16,5,346673,2.777222199090457,0,1138,Degrading
11195,24,32.131995448120044,1,0,119076,1.7016360567782074,0,2735,Healthy
1235,6,26.823615114814178,0,0,25477,0.9357050416212631,4,3458,Healthy
49259,96,39.75158067255781,96,25,488022,4.013260710933407,42,26,Critical
8524,18,35.6081258403683,6,0,97824,1.579535493990006,4,3005,Healthy
4895,8,28.11094075574926,9,0,59687,1.4542007295928499,0,3294,Healthy
46613,94,35.53309284349577,76,7,503208,3.8151420484753076,33,217,Critical
1917,6,26.817720893565216,0,6,24478,1.278029756459072,0,3428,Healthy
37853,77,39.90866206804328,23,18,389395,2.853678822812354,11,865,Degrading
48152,98,44.66818960308849,84,21,494513,3.778406915450212,33,73,Critical
45409,89,33.03364079047843,66,4,432231,3.2501176505476375,16,578,Critical
43078,84,46.6542780405988,29,8,433059,3.154443115687066,17,526,Degrading
25894,56,37.41558380561483,3,6,255750,2.2836368186162694,1,1734,Healthy
30275,67,46.91818029593932,7,0,304205,2.848464460385098,13,1339,Degrading
37575,71,38.015541121215165,39,10,375508,3.1294742988424873,5,910,Degrading
42346,85,39.25427070518278,36,4,432187,3.0889177960143344,21,510,Critical
24854,52,42.247177247439225,10,0,253215,2.662133973247472,3,1743,Healthy
26628,53,42.44272034352829,17,0,275560,3.0187606533747324,6,1608,Healthy
33427,66,29.21278860001842,23,7,338891,3.0363562624223017,3,1258,Degrading
16934,28,24.852678676948244,0,3,149184,1.7512272776355464,6,2564,Healthy
31722,62,36.15258057894125,24,1,326098,3.062488154122373,9,1277,Degrading
45470,91,42.105222520437586,63,16,431972,3.1747398317464777,25,333,Critical
4990,9,28.568265059977154,7,2,41964,1.814416526783533,0,3182,Healthy
17048,33,33.76368121923669,0,8,165539,1.820675657114645,0,2346,Healthy
9032,16,29.0155720824646,0,9,72774,1.2057236838064591,4,3100,Healthy
28279,53,35.221641448543565,0,0,289022,2.7609089030791036,11,1648,Healthy
34460,71,34.28151485528465,20,6,333081,3.2327442883511464,12,1085,Degrading
6087,15,31.22575659711272,23,8,66841,1.2556074548757212,3,3138,Healthy
45897,92,37.11966586723304,76,9,466254,3.723354880208208,30,196,Critical
8636,20,28.86930404242647,5,0,96467,1.8041226801793002,2,2852,Healthy
24602,49,35.59855378093063,3,0,238183,2.1619778899980338,3,1884,Healthy
10980,22,34.45618895748992,6,0,142576,2.0119724497033955,0,2723,Healthy
8835,20,38.765394253621736,1,2,105580,1.7805964541518922,0,2825,Healthy
47795,96,38.25533901327793,67,15,480159,3.6284992067890514,29,119,Critical
38213,72,42.1484840659716,22,3,353115,3.260074758507649,20,932,Degrading
20408,42,35.24289974994759,0,0,187260,2.410309412482715,2,2181,Healthy
43689,86,35.94852778756516,42,0,430659,3.076367574135205,14,577,Degrading
32046,60,25.716171124383393,4,0,307952,2.4439812083249697,3,1372,Degrading
14602,26,34.8519347189158,16,0,107701,2.0700834897528964,1,2737,Healthy
38320,75,30.75751316785557,18,4,374463,3.2982471474586372,5,925,Degrading
34103,71,38.617444308018854,12,2,340383,2.971112352875188,12,1137,Degrading
2634,4,32.77752066036853,0,7,11830,1.279759600295994,0,3509,Healthy
27943,56,28.226665760180033,6,0,255552,2.592562899770586,5,1628,Healthy
27810,58,34.90024057630221,8,7,302391,2.8055035146488274,4,1592,Healthy
29078,59,32.25274745089164,1,6,279996,2.0965629719992225,7,1474,Healthy
5935,17,34.09977090812559,0,0,95747,1.7904782250313902,2,2993,Healthy
6656,13,27.30830262279734,3,2,74921,1.4400148605922063,0,3167,Healthy
29243,59,39.7722198362907,12,1,295170,3.1175131660326225,8,1515,Healthy
49043,98,29.156735179641643,94,24,498835,3.3354226566035288,40,174,Critical
11280,20,33.95602941063604,6,0,107255,1.515649908990308,0,2884,Healthy
39218,77,45.45949041755567,4,9,381367,3.0810340038258195,12,827,Degrading
9170,18,23.299626845986307,0,0,98393,1.7571767456154979,5,2955,Healthy
45139,89,34.088245516008286,61,16,452126,3.348269922488341,21,451,Critical
30795,60,34.816617019851286,10,0,303101,2.6478933127767674,0,1433,Degrading
16484,31,48.1190455458039,0,0,179337,1.8795896343436724,2,2572,Healthy
18610,36,37.56166746687975,0,0,176543,2.3322653877028983,5,2269,Healthy
43773,88,41.03353977707759,62,10,447041,3.650122825802028,22,417,Critical
11089,20,35.44007329344616,0,0,131997,1.6371002252775324,0,2827,Healthy
20370,43,36.18813532063727,0,0,208535,2.423821095921043,0,2221,Healthy
41095,81,39.518881477770435,32,13,404848,3.1755524526067,18,719,Degrading
10248,23,35.624595031995995,7,2,118180,1.2779052579945414,4,2932,Healthy
9124,17,35.8183114674192,15,4,86820,1.7289836422048352,0,2904,Healthy
1425,5,27.620466868239284,0,4,6871,1.1998907962961383,0,3572,Healthy
22210,45,33.49920499142979,8,0,236554,2.432820172465395,9,1915,Healthy
34422,65,35.060055930317475,21,11,335045,3.191755194695053,0,1178,Degrading
37708,76,31.41949743357659,28,3,377119,2.976288969862417,9,873,Degrading
15645,31,35.96784931535967,0,2,136596,2.0140209919332723,6,2591,Healthy
24124,49,31.726144132752395,18,0,230181,2.2976076372420975,0,1989,Healthy
16224,27,36.2224209545269,0,1,172609,1.9589048453676061,3,2505,Healthy
1777,4,31.245624185223512,15,0,20223,1.3697103200818914,0,3419,Healthy
24447,50,25.952240978433412,22,0,239883,2.386071822405506,4,1862,Healthy
12742,18,34.791005094230755,0,3,109745,2.107701670900958,8,2830,Healthy
38694,77,39.89222090222376,26,11,382888,3.0760053620627144,3,872,Degrading
44858,89,35.12940869961875,73,11,448737,3.4238996681695872,15,443,Critical
14263,29,35.72219401877788,14,2,153201,1.9457820769347525,7,2664,Healthy
1650,1,31.539469639116096,15,8,27829,1.3315236750911985,0,3620,Healthy
27643,54,41.13979168085504,0,0,277601,2.910329599525447,0,1594,Healthy
33515,70,31.44002674440598,15,0,331021,3.1021700087554853,0,1266,Degrading
23794,48,32.87354869016547,0,0,259615,2.5676627266742544,6,1858,Healthy
16165,33,33.10542142739502,0,6,154411,2.334198074718575,4,2525,Healthy
44011,88,38.589196779024384,50,4,443212,3.166079203339623,16,338,Critical
4911,10,37.828884248651825,16,6,41788,1.4746725244664536,0,3324,Healthy
33209,64,27.61234423780202,2,4,353275,2.6625879432534214,4,1191,Degrading
19172,27,31.12990182906132,3,0,143929,2.1514448057288225,1,2524,Healthy
9362,14,28.010974862059975,12,9,72580,1.7043000581219303,0,3071,Healthy
25238,45,36.49502016379637,4,0,230181,2.1545197267207783,5,1950,Healthy
29272,58,32.5890423709152,2,13,307085,2.8220308160243754,4,1494,Healthy
45677,91,34.579478941099325,54,8,439680,3.0706335303694274,24,270,Critical
41992,85,37.14309969448291,31,10,421521,3.4509328522729534,23,652,Degrading
3341,3,35.74657859576095,0,0,20596,1.2212044123866805,0,3491,Healthy
12450,27,28.587687124550662,0,9,134482,1.9696458311036793,0,2613,Healthy
32855,67,35.207018949138345,25,0,337855,2.5172781778805913,11,1135,Degrading
4895,3,28.604067249316135,9,0,14768,1.50845232576577,1,3483,Healthy
19463,41,33.689744002576134,3,0,208646,2.6290306117471802,3,2080,Healthy
47385,91,39.641167339910766,85,5,480815,3.337445176049958,30,250,Critical
30449,64,27.372763595266697,5,4,317809,3.1591241641212977,2,1281,Degrading
2370,3,27.03229650731836,8,0,27303,1.2829940436080884,0,3552,Healthy
32525,67,40.854611277909164,20,8,343869,2.9736110989345077,8,1224,Degrading
18679,37,28.717449584030568,5,3,223469,2.2726880819564133,0,2176,Healthy
28285,55,32.23188836732438,1,0,262433,2.626659755310315,13,1668,Healthy
39914,84,42.150029668781144,36,10,424799,2.905294771338773,16,541,Degrading
33248,65,34.63037991901724,18,1,334573,3.1479950863283515,8,1205,Degrading
22167,49,40.08462865363673,9,1,251604,2.6267107600219353,9,1955,Healthy
8045,16,29.23571900914188,0,0,64497,1.4827920990391288,2,3139,Healthy
8371,15,25.568518197150127,10,0,65654,1.2579961546907832,0,3163,Healthy
11790,19,29.461862533492937,0,0,92607,1.5603709712745915,0,2906,Healthy
13510,25,36.608423114967714,13,0,139582,1.756074666371818,5,2688,Healthy
45285,85,35.98887793216564,38,8,454648,3.8339327873278095,24,443,Critical
32462,60,39.014659577150354,5,5,312714,2.595679737825667,15,1273,Degrading
30299,60,45.516381756122534,0,0,271931,2.326835649972919,0,1527,Healthy
25201,46,37.37635862136035,3,3,254674,2.655623250861272,1,1833,Healthy
12800,23,33.39506176430677,0,0,126407,2.016557565749697,5,2755,Healthy
39462,87,40.622135871220635,22,6,416436,3.2991886052223074,21,581,Degrading
31500,61,37.04865157005455,0,0,307990,2.850282421015947,8,1369,Degrading
48597,95,28.909193810101787,86,0,466777,3.2368537176274694,27,208,Critical
24736,44,40.20731937752039,2,0,208952,2.0601452924231474,2,2043,Healthy
19676,41,38.06220539797391,1,0,212685,2.4800369224755747,2,2161,Healthy
3391,4,33.0702127368354,0,1,44532,1.7148213500149192,0,3438,Healthy
34145,66,37.55633741748491,13,10,353099,3.2321863164890474,8,1103,Degrading
40848,78,33.39949867911327,16,0,377188,3.010740164385781,12,825,Degrading
20752,38,24.295328471693928,0,0,199603,2.4390314014840238,5,2275,Healthy
42556,81,41.584724498175916,48,1,405384,3.352636701321516,9,647,Degrading
18598,31,39.56808001592821,0,0,171063,1.9098014979341094,0,2494,Healthy
44095,85,37.07895152969406,51,15,423588,3.3472352253974913,9,368,Critical
6618,10,25.38249300819028,0,5,54280,1.7191130954319664,1,3230,Healthy
33724,66,42.57652872247002,0,7,334420,2.6011954496030416,0,1219,Degrading
23800,48,27.93978270812137,0,6,231938,2.708421296477735,4,1874,Healthy
15288,35,36.556704676230225,0,0,171481,1.7759283112585478,0,2496,Healthy
4594,5,25.48794644871637,0,1,60689,1.565698891808414,0,3327,Healthy
38679,75,40.14583417882701,38,0,390931,3.2099255507687428,4,779,Degrading
11113,26,36.934745883128556,22,0,122695,1.3927995221860328,0,2653,Healthy
15207,30,34.40010548352549,9,0,160722,2.299638561996656,0,2527,Healthy
31303,60,38.06293893583393,8,2,286723,2.7603254149956404,0,1544,Healthy
31307,59,33.5819400468172,21,3,325804,2.6411690957915948,2,1375,Degrading
30149,60,28.0530439233301,6,6,308203,2.6878662734003216,0,1404,Degrading
15413,31,35.30339087896636,13,0,143026,2.003078773389188,0,2659,Healthy
1141,1,28.31737145153863,0,8,20939,1.1172725692500391,0,3594,Healthy
14481,27,37.08178017635011,0,0,143818,1.8199693800894585,6,2652,Healthy
16704,31,24.662713513112806,5,0,170985,2.092612227864659,4,2358,Healthy
24055,51,35.31624760788421,0,1,261735,2.683653853815794,3,1843,Healthy
38269,75,36.29068247403272,8,0,402868,2.8704891421963623,6,856,Degrading
49907,97,42.36701606523136,82,20,490428,3.4980891622660377,36,77,Critical
12476,20,32.09661444680644,0,0,112406,1.4356177174949827,6,2784,Healthy
46116,92,41.70134036638177,71,18,448959,3.2206893063024467,26,314,Critical
34761,71,53.79564557220806,11,0,345939,2.9248782579199886,14,1045,Degrading
7970,17,32.717937620086566,0,0,84172,1.6375153296884293,0,3091,Healthy
25971,50,25.189140293167316,1,6,267267,2.2999011282288544,2,1650,Healthy
14541,30,27.35338771053522,15,2,145581,1.9264376460639332,8,2508,Healthy
15786,34,31.283423260886508,0,0,172688,2.1806017931169834,11,2410,Healthy
43871,90,34.88427769497915,39,7,452634,3.237699555917254,17,435,Critical
48797,98,39.375686339403366,101,15,494120,3.5442452775545092,32,67,Critical
46976,95,35.394638730705765,67,4,480761,3.9957277130722497,27,249,Critical
32865,62,30.575684658090857,0,1,338137,2.7609906078578925,6,1288,Degrading
31053,56,38.924732075100046,13,0,294291,2.736966317025376,0,1561,Healthy
9472,21,18.39144256876378,4,3,75287,1.7182243544682756,0,2987,Healthy
2951,8,32.76701790238928,3,0,49874,1.4897020998754968,14,3280,Healthy
2559,4,29.235439601285343,21,2,32952,1.453901922779782,2,3377,Healthy
24782,49,32.096750748215825,4,0,233276,2.3485221607338724,0,1964,Healthy
25851,50,35.4067653836613,0,4,251229,2.689418889839222,6,1767,Healthy
39765,81,38.68413657895826,22,10,401292,3.0059501833167737,3,750,Degrading
13540,26,36.127837222698375,1,6,135289,2.1555654546081016,0,2666,Healthy
36821,73,31.207983048440994,26,2,362099,3.9136778617310344,2,940,Degrading
19066,41,36.98360392725431,0,8,222152,1.9658948381571821,0,2136,Healthy
23006,48,30.872953187741963,13,1,250804,2.2306420153587276,1,1927,Healthy
15464,31,34.11193838125865,0,1,159880,2.068713106469848,0,2550,Healthy
10133,19,33.65836499097771,8,6,81331,1.7353348077537383,5,2988,Healthy
41601,85,36.83323792738229,29,7,412824,3.7304122745305874,13,569,Degrading
19996,43,32.9630981626563,3,3,208259,2.1054854427174616,0,2150,Healthy
24313,52,29.428660664584825,0,0,246132,2.1126148858144043,0,1822,Healthy
46742,92,41.08051438396679,56,18,476724,3.7882985865578096,30,196,Critical
12703,21,29.448839759992993,0,1,122346,1.7405580043764501,0,2766,Healthy
38292,74,43.01669103778689,12,5,381302,2.9693734441384025,0,893,Degrading
21671,39,29.01468747270311,19,0,223411,2.1362685829794725,2,2120,Healthy
45477,89,31.498116425228588,59,9,444873,3.5360686997062345,26,326,Critical
47991,97,31.653748570200126,76,16,474976,3.6029498020365662,34,149,Critical
6166,14,27.734556617381152,0,0,78846,1.6807341610050073,5,3115,Healthy
9069,17,29.789572683076784,3,0,93098,1.826693119761514,0,2930,Healthy
32186,59,33.105998389527755,13,4,306041,2.582791712355257,0,1405,Degrading
18334,33,36.99627991876025,0,2,181487,2.2452560770154837,2,2289,Healthy
9189,18,30.68333183671511,9,0,84865,1.517636313598067,0,3009,Healthy
0,0,29.386146698610982,0,3,0,1.10807511427274,0,3660,Healthy
39625,75,42.83630371008806,23,0,384743,3.216897541385485,12,848,Degrading
36138,67,38.65865046296924,0,9,325182,2.626886176228134,4,1162,Degrading
23054,49,26.852783702455476,0,0,234139,2.2499868446514224,0,1987,Healthy
4519,14,33.60252763643403,0,3,72465,1.8024414617816893,0,3175,Healthy
10264,23,28.880429719724063,8,0,95228,1.7917273341955036,6,2882,Healthy
24230,48,30.840323464381065,0,13,243185,2.2548075250865285,11,1879,Healthy
12145,21,27.91339159285952,9,8,112430,1.5781842247189337,0,2815,Healthy
5600,8,30.770752562562482,14,6,41305,1.6994236542542782,3,3312,Healthy
8445,15,28.693995625443534,0,0,72365,1.527121673138592,2,3076,Healthy
5132,6,30.742607133846743,0,0,49266,1.1815574497148464,0,3360,Healthy
25472,53,35.71449600083489,28,7,262997,2.7447815234782817,0,1696,Healthy
39956,83,32.99811385053715,41,5,407968,3.1918119400659886,3,724,Degrading
20029,41,33.194082132432264,0,0,203298,2.2563389187494827,0,2108,Healthy
5577,10,31.438391961601454,0,0,58365,1.253488970319373,4,3197,Healthy
39758,79,41.04832505225444,27,11,376236,3.3522173945801406,0,729,Degrading
10607,19,32.3596344078029,0,0,82516,2.160277554045275,1,2942,Healthy
6879,12,34.52678888105313,15,0,75063,1.8014277462675559,2,3180,Healthy
0,0,34.79822125139434,0,0,1211,1.237282270865695,0,3535,Healthy
22935,47,32.43422694636477,3,0,212850,2.3790165284654035,0,1912,Healthy
5811,11,33.1868998417654,0,0,64623,1.1886587132333015,3,3227,Healthy
36731,71,41.025789768925314,13,0,373359,3.2966398547868896,11,1048,Degrading
7035,17,26.60508631835687,0,0,81892,1.3347918360666848,0,3122,Healthy
4078,11,31.539131759193666,1,9,65201,1.2547216290147536,0,3226,Healthy
33581,61,47.961736031377015,1,0,311639,2.8186984609712757,8,1255,Degrading
15816,32,36.99756655450669,0,2,155950,1.4557224665433346,0,2503,Healthy
45477,93,46.820107832743126,62,8,442724,3.943604765724243,19,379,Critical
31662,67,29.433973147332978,8,11,333054,2.8679855524560565,3,1264,Degrading
38474,74,36.9501357708229,21,14,368943,2.9568552804010824,7,852,Degrading
25488,44,37.926516633001185,0,0,227762,2.3701139401851914,0,2020,Healthy
46171,89,40.72916066930917,48,8,455022,3.1598667842413244,28,402,Critical
18498,36,31.34247274470001,0,0,207830,2.150239429768074,0,2247,Healthy
50252,99,40.10089681174281,93,14,495478,3.9215557263460044,39,27,Critical
3218,6,36.41619338750981,0,0,34942,1.2389875253200107,0,3295,Healthy
46425,92,38.43653057810143,59,13,464255,3.370656768793749,32,190,Critical
41194,77,32.33555093503281,21,11,374925,3.202652287808453,9,778,Degrading
5558,10,37.32748550993869,0,1,54484,1.5213548941390642,0,3244,Healthy
34919,70,43.247017440804555,31,4,372425,3.4024016655284726,18,975,Degrading
12215,25,28.492458421815655,19,0,116165,1.9572052869117553,0,2757,Healthy
46077,91,34.575396397046696,40,4,414331,3.7068039541694144,17,455,Critical
43571,87,43.17033488451683,69,16,443362,3.2922707696327613,32,306,Critical
15572,29,28.21680188605506,0,0,142126,2.0694368954772084,0,2596,Healthy
29796,55,33.5615452303844,24,8,300963,2.6420603508585736,8,1512,Healthy
32151,60,38.71985959118317,0,0,307161,2.4108758523147586,0,1320,Degrading
25228,48,48.83731645911001,4,5,249398,2.2614883614160046,0,1810,Healthy
43291,88,37.093994449200295,53,5,437027,3.422111306319974,21,499,Critical
19909,39,31.625766802081344,2,0,207547,1.948718439615861,0,2232,Healthy
28923,58,27.963632287556244,23,2,309358,3.1087465012978437,3,1519,Healthy
23638,48,36.12865439414497,5,0,251814,2.4399785317296425,4,1873,Healthy
16365,34,37.20957183892565,2,2,147399,2.2501398156386307,0,2486,Healthy
7461,14,24.045784499625768,0,0,80985,1.6508013089298603,2,3083,Healthy
20480,40,35.97549262944098,0,0,194514,2.449650530119904,6,2184,Healthy
24373,48,34.46440948399026,8,4,235793,2.2038939366851324,0,1818,Healthy
0,5,29.29562963965423,0,5,7783,1.5718197231876787,0,3563,Healthy
816,1,21.76676553601844,1,2,0,1.1932982027085672,0,3612,Healthy
37198,76,27.994049306638715,15,14,393811,3.1451584498524605,7,804,Degrading
27176,47,33.75252931158024,8,0,266459,2.699367478865528,5,1750,Healthy
1769,3,25.48895993599628,1,9,17857,1.397759413517165,0,3533,Healthy
41849,84,37.75669173762582,42,13,427079,3.08693544073308,15,534,Critical
33061,64,38.44920296266157,25,0,319924,2.372480381817951,0,1254,Degrading
38526,73,41.20291759794682,5,7,371764,3.1653033420260277,2,935,Degrading
2154,1,33.669691466396635,0,8,10574,0.898947506834889,0,3505,Healthy
30826,62,38.82428292771419,0,4,319151,2.484506070068446,8,1294,Degrading
48016,93,35.085481402291784,77,22,489513,3.6928397185267974,43,176,Critical
5873,11,37.2052789194743,0,0,48298,1.7730346283587586,0,3289,Healthy
5793,12,35.052956174529385,8,0,72010,1.5307427407307062,5,3138,Healthy
8506,19,20.146464823890156,14,0,95599,1.7940597185231348,6,2914,Healthy
27824,52,36.36365681722159,13,0,251856,1.9625173194962882,3,1707,Healthy
20621,44,34.02304326052055,5,2,206454,2.059395727561696,5,2065,Healthy
30322,58,36.60156911737299,0,0,302963,2.7785970852610498,1,1459,Degrading
2838,7,29.07082030955248,3,0,26530,1.4934345784303105,0,3358,Healthy
29552,56,31.38014891793366,14,0,286199,2.881336786061397,8,1580,Healthy
29175,61,35.918573482316354,4,0,300788,2.899133361820713,12,1410,Degrading
33240,65,42.32687079398063,0,12,340159,2.613316293293,8,1200,Degrading
10762,26,40.54202054004157,3,0,110311,1.7823931201390766,1,2722,Healthy
16903,36,37.18382165614773,4,0,165058,2.1559127775835942,0,2457,Healthy
34889,67,33.97833672198466,8,0,340812,3.0870861608496014,11,1186,Degrading
10543,19,33.21742120739581,0,5,106487,1.54022170206569,5,2833,Healthy
14898,31,26.41187184850503,0,0,159567,2.136078754563445,3,2515,Healthy
46629,96,39.80370472187041,67,10,480665,3.782231951289594,33,202,Critical
40699,78,37.0461939807832,24,6,407342,3.3878555461150524,15,829,Degrading
25101,48,24.47508880378021,2,3,246141,2.1531963977250523,0,1896,Healthy
28087,51,34.70480455787923,7,1,283455,2.2751809090030957,0,1663,Healthy
30260,57,40.03527494570974,11,0,304749,2.432773397657639,3,1551,Healthy
27239,50,35.23778113378289,0,0,274548,2.451519708432603,5,1707,Healthy
7890,11,29.93979211362525,8,2,56175,1.4881256592994483,0,3186,Healthy
19612,37,40.90235189969267,11,0,205410,2.4303498485342803,3,2217,Healthy
33401,69,36.28595215995555,20,5,336770,2.687434859500165,3,1162,Degrading
42494,90,34.35097066691228,37,14,420317,3.6294830418213166,12,506,Critical
48902,96,43.47283644322554,78,8,482375,3.4995587110883335,35,60,Critical
39363,75,37.59746843335642,10,7,395536,3.244414818938276,13,768,Degrading
14494,27,31.603077207604276,16,0,134538,1.546020343453024,0,2560,Healthy
40529,81,32.61189810599046,43,4,398902,3.324121322949617,7,720,Degrading
5727,11,35.38638977164634,0,1,45110,1.1603355151901946,0,3246,Healthy
19976,37,36.70883977879697,0,9,172133,2.146311810413651,1,2386,Healthy
46836,96,36.08455733964154,80,15,495236,3.6559622452243294,33,179,Critical
46384,91,41.20470744859392,76,15,462161,3.7707641582784137,33,163,Critical
23392,48,33.062687504586755,0,4,227292,2.695706716361471,0,1867,Healthy
46563,93,45.43994915823247,60,14,451793,3.468869878049424,28,200,Critical
29514,60,39.95048074953245,19,0,306847,2.853123469066748,0,1411,Degrading
2694,4,34.71175715836999,0,2,28846,1.2566181369652312,2,3445,Healthy
22319,38,29.837758971889482,0,4,199914,2.2823540770027853,0,2100,Healthy
24852,48,41.185129227935235,0,6,248172,2.561452494739293,10,1796,Healthy
22763,47,35.64741745227886,0,7,234725,2.323713604240835,4,1977,Healthy
42808,89,31.160356740149716,47,4,433566,3.198949658098737,18,341,Critical
38489,72,43.41514675503307,13,2,371484,3.188812919587238,9,920,Degrading
40065,81,37.384956482513,20,6,404855,3.577303668109072,12,719,Degrading
7085,19,36.16200197942071,0,4,80418,1.6144004656445043,5,3103,Healthy
15952,36,24.97265111945091,11,9,179002,2.12633779175255,8,2304,Healthy
30695,59,33.95866978879612,13,1,298605,2.593195267550923,0,1455,Degrading
14398,28,36.94920940091276,0,0,156088,1.9502806967742656,6,2442,Healthy
26733,50,33.42896137759787,0,0,265452,2.432061102542823,3,1677,Healthy
50273,96,33.12463742559525,110,16,505955,3.570494787118558,48,1,Critical
26195,54,41.58330511457384,10,0,262085,2.1460761846615415,0,1673,Healthy
40105,80,35.29795268094499,44,6,408453,3.108500605275421,12,653,Degrading
6860,17,34.93796267287631,12,6,85364,1.2607796253577144,0,3060,Healthy
30178,61,36.90262765831702,8,1,301911,2.4581626143007056,2,1412,Degrading
7849,15,27.64367757752688,0,0,91620,1.5735534186597078,0,3036,Healthy
20855,43,35.981097071140795,0,3,199003,2.1685330919604664,0,2175,Healthy
24117,48,36.12646253541901,17,0,245342,2.4692182144251085,3,1885,Healthy
14548,27,32.52513455897596,6,0,138559,1.9069750144288125,1,2644,Healthy
3234,8,25.365920352060307,0,0,21344,1.3811404695805956,0,3416,Healthy
33428,64,34.305239242852025,16,0,325262,3.2197889721835145,5,1297,Degrading
22691,40,34.25430540101029,0,1,197081,2.0353679169953236,3,2056,Healthy
51104,100,45.3550649828816,107,19,479211,3.337224049826516,42,55,Critical
18486,38,28.036073857248066,0,0,175184,2.1919990254919113,0,2387,Healthy
19652,37,39.054928411512776,14,0,193250,2.056335865873894,5,2283,Healthy
10260,20,25.839584111105594,19,0,106557,2.0072021927078185,0,2884,Healthy
37737,77,36.80664476581477,29,16,394733,3.004208728139067,9,862,Degrading
20272,37,27.960234669518456,7,2,196889,2.043662743327042,0,2258,Healthy
33664,61,34.975921306669925,15,0,285817,2.7102750457180775,13,1472,Degrading
39370,77,40.39118544107693,16,6,389267,2.9607264597497336,18,763,Degrading
44808,90,33.8784168793384,44,12,442866,3.9116647674929825,21,342,Critical
12997,23,33.56456753760936,3,1,109691,1.583500952434838,12,2812,Healthy
3408,4,31.191050486250344,0,3,34995,1.4427829272798425,0,3410,Healthy
34200,69,37.4087840933936,0,7,348858,2.606365947002545,6,1182,Degrading
16793,36,31.41723217854449,0,5,155376,1.981270801816208,3,2371,Healthy
17990,32,29.873491837391946,0,7,149738,2.05060141458183,7,2459,Healthy
5303,13,27.234425225229963,7,4,66481,1.6020232356160653,0,3224,Healthy
5840,9,24.690996993653748,3,0,71675,1.6510179529615807,5,3282,Healthy
43889,89,31.04139981505579,30,8,450463,3.7714972693688456,14,470,Critical
44815,93,33.656892884320044,77,2,464301,3.6063124946281007,20,279,Critical
19968,39,45.201481768249096,10,7,194046,2.579368317412858,0,2152,Healthy
31195,63,31.97833756096776,3,0,316007,2.7382860214802593,1,1439,Degrading
6682,11,29.339266752126054,5,9,69574,1.8467978227905704,4,3134,Healthy
0,3,25.59848515955674,0,0,21516,1.4132197041888217,0,3587,Healthy
14717,29,24.498338174508067,3,0,134463,2.0096948971420314,0,2550,Healthy
24273,42,31.876601548569894,0,2,228175,2.1299094652581534,3,2046,Healthy
49524,100,38.83054758779259,107,5,503369,3.4032595812399706,34,35,Critical
3903,7,26.679384419439216,6,2,37708,1.5357051153282575,1,3356,Healthy
27442,54,37.160166763120756,0,10,268748,2.4751609888119512,4,1684,Healthy
27895,49,37.065588316125485,11,1,258802,2.7955554550282855,3,1691,Healthy
8712,13,35.380895368982046,7,0,81272,1.861266961451971,0,3094,Healthy
13693,26,31.19567691177479,0,5,131839,1.8125822893179449,0,2710,Healthy
20823,39,32.88844357688691,2,0,205354,2.2852410363812306,3,2097,Healthy
17036,31,34.79037685836013,0,0,150943,1.8522093033289488,0,2485,Healthy
19326,39,34.1357150997336,5,2,192750,2.1490677253775936,3,2303,Healthy
25809,49,33.90945143241021,0,3,264007,2.6883242739808573,3,1771,Healthy
18688,41,33.2864229423924,0,0,200570,2.3388071348886013,5,2243,Healthy
22077,44,38.438766942234835,16,9,240233,2.4982310070312583,5,1960,Healthy
12397,24,32.94953423767059,0,1,140761,1.717972333385962,1,2674,Healthy
47710,94,36.049201682666215,71,4,469563,3.361962292283858,24,315,Critical
44183,83,33.32087653304669,56,13,429440,3.182750463388224,7,497,Critical
34284,70,41.56828562612575,25,3,378252,3.5290817387752105,8,1072,Degrading
38803,80,37.418831197567116,36,8,397493,3.3527706454707085,14,824,Degrading
26203,55,32.86651617556337,13,0,277563,2.6726346432518335,8,1628,Healthy
13038,18,23.408164497953535,0,3,110029,1.7432137419220692,0,2905,Healthy
20498,36,39.02924951389931,0,0,198075,2.223298303774958,0,2275,Healthy
29535,64,35.54685562233926,0,0,312428,2.7083628774964756,1,1336,Degrading
33092,60,38.766850076931284,4,6,296441,2.723633613712354,6,1394,Degrading
17618,29,32.17386060307038,0,1,181391,1.7747274582379766,12,2406,Healthy
8258,17,36.487086004340384,2,7,92431,2.114087163961972,0,3003,Healthy
34425,68,36.26531094637365,26,0,363956,2.845983519529784,2,1074,Degrading
19105,37,43.52116451809359,10,2,200196,1.8391056129631576,3,2296,Healthy
42230,87,27.4217364169016,33,0,430973,3.1731589679038854,31,536,Degrading
625,4,23.715739942047726,0,0,15705,1.245952352572548,5,3560,Healthy
31847,63,37.24383329654123,3,8,295577,2.7716032051425574,3,1407,Degrading
46343,92,38.18034260872435,42,17,445370,3.4747255793153906,17,353,Critical
48071,94,41.170552239694125,67,12,476551,3.915169288365925,36,181,Critical
2962,5,33.71953904803856,0,0,35145,1.6244976315317343,0,3387,Healthy
43098,83,32.93173389194339,39,11,431586,3.5515401950189815,23,511,Degrading
39498,81,38.40839391764951,51,14,408505,2.954747215364783,14,601,Degrading
30002,59,35.02645526586545,7,0,294603,2.8812764279499627,0,1406,Degrading
4518,4,25.518912831570372,0,4,24537,0.9476646917625329,0,3564,Healthy
29340,59,32.32165417223495,5,6,311080,2.423902931040339,3,1418,Healthy
33917,68,43.43545875470877,5,2,344246,2.6854673586922586,0,1192,Degrading
3697,7,36.1440411320284,0,6,25491,1.1533678622838512,0,3513,Healthy
25230,55,33.5723324905581,20,0,257184,2.5560440425205693,0,1771,Healthy
11189,21,34.011295691375935,5,5,109235,1.542600370597369,0,2853,Healthy
46170,93,46.421557416111305,75,8,447188,3.100879591054738,29,271,Critical
33269,64,30.310746429851285,0,0,337281,3.0719802447227025,8,1299,Degrading
42102,88,39.04887978007058,38,4,416603,3.0754774426722045,19,602,Degrading
23237,41,32.27578419520393,14,0,218256,2.3621227179177007,0,2119,Healthy
36629,72,36.17507718982551,16,7,343213,3.019958689045868,3,984,Degrading
33501,67,37.43965427467088,9,5,314419,2.8427864112849974,0,1223,Degrading
33913,65,30.89271256923005,0,4,322497,2.987765489735623,14,1249,Degrading
28445,61,30.49980116787186,6,0,291757,2.479910147089184,0,1461,Degrading
484,0,33.15247718073328,0,0,0,1.4951290608115437,4,3605,Healthy
42269,83,48.47197717327482,23,0,430550,3.242484528858457,13,642,Degrading
23384,47,33.65242939813916,0,0,231168,2.0193401706486904,0,1911,Healthy
2300,3,27.770083685388872,10,0,22363,1.3565434834803365,0,3516,Healthy
38741,79,35.307425766760616,24,0,383814,3.078736726998896,13,820,Degrading
6636,14,33.62179032804506,0,0,76623,1.6211295509604708,0,3188,Healthy
27088,52,32.914149677917806,8,0,273369,2.323197012314664,0,1687,Healthy
19792,43,31.674554906334585,1,0,226250,1.8834636443186437,3,2027,Healthy
22753,41,38.72031771902258,0,10,240220,2.7912367377796903,0,1987,Healthy
321,2,33.312549814365525,8,2,3239,1.199496976488187,0,3558,Healthy
43294,89,35.54846012720349,39,14,439868,3.0698372483832923,22,388,Critical
2407,3,32.18125269723931,12,0,10237,1.0768636247961787,1,3499,Healthy
47285,97,35.04877093564646,81,6,479757,3.4487521403034447,30,165,Critical
27799,62,32.705906038694636,29,3,308546,2.5826706010459706,8,1468,Degrading
7120,15,29.142745012297603,0,0,89395,1.835862310878451,0,3065,Healthy
29906,63,42.99157598170054,0,0,310945,2.4281494055758324,0,1417,Degrading
40813,79,45.03303355912325,39,5,400340,3.040353021216465,3,765,Degrading
26423,58,44.55318685613037,19,1,277645,2.6415530547651356,1,1582,Healthy
1011,3,25.27036981342936,1,0,13837,1.0494729817737187,0,3617,Healthy
8526,17,34.693873383840064,0,0,97957,1.5374267406005582,2,2947,Healthy
22212,47,36.555355735149014,0,0,220949,2.0639115705350393,0,1957,Healthy
44002,87,36.96234497639065,72,0,428481,3.1882948563708076,29,408,Critical
4622,8,27.366279349384786,6,0,33434,1.1875622841409186,1,3368,Healthy
47347,94,51.44395510599786,75,14,453829,3.6825565471975987,33,246,Critical
30095,56,33.398659584096336,6,0,299193,2.7136788771237708,2,1613,Healthy
2599,7,35.58567529836434,0,0,34421,1.4670939823184934,4,3355,Healthy
45528,94,43.44248837955126,78,13,456074,3.395191830992681,32,205,Critical
15239,30,25.504229275733096,0,0,162819,1.7952528385269373,0,2538,Healthy
48344,98,32.936823537258476,78,15,496260,3.5362170146560024,36,220,Critical
2508,7,33.03514878206107,0,2,30661,1.235641854839056,1,3507,Healthy
12095,28,38.419952893842144,7,0,144212,1.88480798906289,0,2642,Healthy
21499,40,40.25098257994686,3,0,223518,2.4707341762655433,0,2148,Healthy
28936,55,28.42892568789301,10,2,290679,2.5022749298911755,2,1538,Healthy
19939,36,25.523038042439943,6,0,169444,1.9531454142860802,8,2347,Healthy
35608,70,39.260715451407705,22,0,372603,2.902104142319112,13,950,Degrading
5336,11,30.97788486663472,17,0,60207,1.1399572498081898,11,3167,Healthy
41730,80,26.657158225425725,48,7,413740,3.3146384246438956,15,624,Degrading
1645,5,28.630880238815234,0,4,11449,1.1213707610379127,3,3452,Healthy
46346,94,39.418259054862745,73,15,449074,3.3237770481494198,21,296,Critical
18920,35,35.78992555958603,0,3,186040,1.8973254774355575,0,2311,Healthy
45870,93,27.763328434115696,91,12,483460,3.830674380213581,28,203,Critical
24179,46,37.858779494844,0,0,243612,2.1757845201576895,9,1911,Healthy
44333,85,45.67936448455052,30,7,443018,3.286185947592119,31,483,Critical
39465,78,32.45750360773765,12,16,369622,2.9045575190563624,10,842,Degrading
40850,78,39.16173704418617,33,6,408591,3.4332381754678463,12,627,Degrading
25936,47,39.435159383868864,0,4,240873,2.422882225997314,0,1825,Healthy
30846,62,40.37123481125456,13,7,320619,3.024605416374619,0,1353,Degrading
21592,42,42.652805506602235,0,5,206697,2.1798378451024236,0,2084,Healthy
39596,80,38.97142444398019,45,7,392644,3.0441759510654594,20,724,Degrading
47139,94,48.32904308561137,73,19,459340,3.3836620695430786,27,249,Critical
16329,32,34.956347835939106,0,0,146646,1.6149322006894475,4,2526,Healthy
29144,60,41.59716565474691,20,2,293305,2.9649493619492,0,1468,Healthy
6425,12,25.93152554957856,0,0,76891,1.6775317886450671,1,3161,Healthy
15854,31,37.7735447333952,3,0,163913,2.1536105336986475,1,2515,Healthy
15485,29,30.88624191776129,0,0,138959,1.8460525830881986,2,2630,Healthy
15260,26,28.704315874762234,0,6,140217,1.9589903437078102,3,2640,Healthy
13478,31,37.29292130551162,0,0,156345,1.8886642885718536,0,2567,Healthy
33843,69,39.86313956859586,0,1,315260,3.060343278010297,15,1131,Degrading
27365,51,49.02054711857947,0,3,250243,2.102424864262471,3,1708,Healthy
24659,47,38.808086951965805,10,7,253423,2.4840354660843906,0,1819,Healthy
4890,9,22.185036824439994,0,0,43731,1.2241600912411603,0,3267,Healthy
12520,22,32.46325791501414,7,1,117103,2.018878566703003,0,2914,Healthy
27057,61,34.83585200500835,1,6,288317,2.682027913699988,3,1496,Healthy
7535,15,34.03756279588329,0,0,62231,1.4194676788025717,0,3130,Healthy
37606,78,34.163873316462016,23,6,379751,3.02559035454775,3,890,Degrading
32678,63,37.78048015436914,8,0,311385,2.7493131591931346,13,1313,Degrading
46959,92,37.85566095920314,58,15,446127,3.3972190616243645,15,308,Critical
12567,21,27.361305287652947,0,7,125627,1.6667073703023814,0,2780,Healthy
18150,37,32.69505272685872,19,6,176410,2.1211866333150935,0,2355,Healthy
5056,12,37.35267546771189,0,0,51627,1.3397147528609101,0,3274,Healthy
33204,68,45.045408500985275,12,7,330333,2.845423381310667,4,1102,Degrading
36459,74,37.215630905906906,15,15,391108,2.9843855914267228,7,811,Degrading
46405,92,30.568464825543867,74,21,465209,3.3665448551141584,27,245,Critical
17447,39,31.819883927495976,0,0,176160,2.1834825866706846,4,2436,Healthy
10001,16,36.5598798202957,0,2,103436,1.8611885129304482,0,3006,Healthy
14706,33,35.75842636435464,0,2,157545,1.6153348009258532,8,2498,Healthy
6243,10,27.822905255563953,9,4,70141,1.4799982729547385,0,3141,Healthy
30836,59,29.045482212811468,9,0,323193,2.9018730050826043,4,1388,Degrading
11999,23,35.56260414204495,7,0,127038,1.772247350972328,0,2750,Healthy
26721,51,25.577024554826124,0,8,287934,2.360611033933476,2,1649,Healthy
31776,65,35.62577982538086,9,2,345941,2.8477503445757586,0,1270,Degrading
49844,97,46.10628983891573,102,17,483518,3.6050333572760573,41,40,Critical
19689,37,47.7308204184232,0,0,187329,2.165807406582023,0,2274,Healthy
13936,27,27.606452645614052,0,2,130285,1.758960510363744,5,2678,Healthy
39426,83,47.44333800543516,27,5,404182,3.176439855397652,19,637,Degrading
39094,80,30.40222384793081,27,4,403814,2.9769032017156136,12,788,Degrading
2698,9,24.44748469694646,0,0,48206,1.693738884181491,0,3392,Healthy
36668,71,38.46677218362582,11,8,373903,2.916912348597829,13,966,Degrading
20768,35,31.380663831199158,0,4,204250,1.8081350705793489,0,2291,Healthy
35606,74,40.67216025875365,8,8,366980,2.949847119532078,8,1020,Degrading
19331,35,32.91013573037883,1,3,187525,2.06688535454856,0,2323,Healthy
7808,15,28.923166469407324,6,0,86721,1.7112497388658068,6,3135,Healthy
19506,41,30.743638421264627,4,0,214930,2.7107709242366536,5,2160,Healthy
22912,41,32.325204348655085,5,3,187520,2.2215862712830923,0,2130,Healthy
42953,84,31.364572687588577,35,0,434614,3.2972886559713968,23,474,Critical
33094,65,38.49999586201975,13,2,321489,2.656523236932469,1,1209,Degrading
2425,0,38.772120348896706,0,3,27899,1.2153579716528926,1,3601,Healthy
47795,88,39.671569401544,51,10,460556,3.2093198683287985,26,278,Critical
13975,30,28.42849757619835,0,0,147477,2.287858906350934,0,2608,Healthy
27529,55,33.04739947918069,0,0,279380,2.6018474246119343,9,1667,Healthy
21389,44,36.82242754008123,5,0,198963,2.3768107075396974,0,2198,Healthy
36844,70,36.085536040136056,12,3,361869,3.2836861073051598,9,975,Degrading
15454,27,31.93163105561365,0,2,148253,2.165930922379714,5,2623,Healthy
29495,62,37.68929437194367,0,0,300399,2.660438653514677,0,1352,Degrading
32780,65,35.82482184441197,9,5,318012,2.880931805492489,2,1332,Degrading
32768,61,33.123715734152476,19,5,321003,2.71645771945593,8,1238,Degrading
5778,12,29.585500229333803,0,0,68221,1.1063000585614748,0,3273,Healthy
5582,8,25.682096334363273,4,2,71849,1.2728457553959636,6,3189,Healthy
49846,99,37.271846775811824,106,16,499888,4.140540362679806,45,26,Critical
44052,86,41.383075194464965,61,2,423530,3.4430962433874415,18,456,Critical
8873,20,37.033084203716975,0,0,110546,1.702383820120936,5,2863,Healthy
27133,51,29.61786368828762,12,12,257759,2.4857910825579235,0,1710,Healthy
34236,68,30.229527711248554,21,0,345082,3.0511935112287483,1,1129,Degrading
4137,9,32.26046055277017,1,0,57262,1.737364645689496,0,3315,Healthy
40607,82,39.20584210921045,45,4,436313,2.994466962252593,13,592,Degrading
31253,61,38.11910242414604,6,0,298114,2.9511130357709168,2,1383,Degrading
5506,7,32.42034829700707,0,8,41315,1.7551000132365138,0,3350,Healthy
44639,90,35.9202656786106,64,7,454842,3.609506826250487,30,381,Critical
9260,19,31.880628897302188,0,2,88900,1.8486373127289861,0,3012,Healthy
38282,79,40.750352563353566,15,1,393300,3.45248872872404,12,841,Degrading
39406,79,39.24497736214214,33,0,395744,3.447053518834458,22,638,Degrading
48246,95,38.96372965424609,95,16,479847,3.9788281249180324,27,123,Critical
11745,26,34.26145860326142,6,0,143555,1.6621629318290976,0,2709,Healthy
8058,16,34.69175990214535,0,0,101315,1.9207078823882933,1,3004,Healthy
34065,68,41.13807520975244,22,1,341567,2.8151668553739815,1,1110,Degrading
14584,24,34.94165305255107,3,5,141282,1.817790048230826,0,2667,Healthy
8868,20,25.213298207077916,0,0,92298,1.8098371622976104,0,2939,Healthy
48427,93,41.56814413777698,64,26,471684,3.7938489314071027,33,176,Critical
34612,67,35.048446444903966,0,0,348465,2.7217537388484083,9,1215,Degrading
9212,14,38.664432360876916,2,4,98773,1.7203680718437713,0,3015,Healthy
8527,18,35.24615813375266,0,6,66725,1.6915316885148217,0,3173,Healthy
26072,47,39.645990599588124,10,0,256170,2.4414923949333014,3,1786,Healthy
15194,23,38.95165480515806,4,8,132643,1.9697503640230452,1,2587,Healthy
28476,59,37.43993885650949,9,2,309313,2.6450016990401033,3,1488,Healthy
10939,19,29.592963289979565,10,0,91518,1.5167969743142973,0,2916,Healthy
33189,63,43.70012772694909,0,4,317955,2.896408621772318,4,1284,Degrading
6786,17,28.59870534055802,0,0,63678,1.2504191307932535,0,3128,Healthy
48078,96,42.16292083395753,88,17,468162,3.7056961190353572,34,226,Critical
48529,98,41.60527245309104,94,23,494359,3.8295746815806977,45,54,Critical
16008,36,28.459086992804533,0,0,166852,2.0373916190413324,10,2425,Healthy
41671,85,40.28844086662333,34,10,410736,2.9768868751255786,13,564,Critical
33165,62,33.4616993498427,22,2,327416,2.829311656900407,8,1307,Degrading
18189,33,29.623509362434934,12,6,154892,2.017031098283207,4,2450,Healthy
33863,67,36.093278172073994,3,9,343273,2.7741024970785024,0,1118,Degrading
22973,49,34.08043361672152,0,1,236598,2.420020730022473,3,1876,Healthy
11063,21,27.065477247345413,3,4,109161,1.4133337711738703,0,2786,Healthy
5241,13,30.771505843015234,0,0,51539,1.5945194524735387,0,3277,Healthy
11942,24,32.08142174144859,2,3,123786,1.6124274363433393,4,2860,Healthy
35298,74,34.25099350846786,12,0,355159,2.9038826548441183,3,1084,Degrading
34188,70,36.91191085852158,11,6,338675,2.793127586936305,5,1060,Degrading
16214,35,28.911278837168872,11,9,182228,1.8564523304098097,3,2375,Healthy
27982,57,31.72366193556561,3,0,280096,2.981359859063618,6,1502,Healthy
36158,71,39.020998568954106,18,7,358582,3.033910590428046,12,981,Degrading
332,0,26.49924054388433,0,0,10525,1.252052934019069,1,3588,Healthy
36903,72,36.208475467958905,13,3,340426,2.943706027468967,9,986,Degrading
48011,92,37.47805044716074,72,17,461927,3.596819284537366,30,273,Critical
34043,66,31.330823125254497,7,10,328374,2.742066054437486,1,1239,Degrading
9416,15,22.298983654628575,0,0,87491,1.7559692728182326,0,2989,Healthy
25869,48,38.00671228522299,8,1,238959,2.210855230528238,1,1785,Healthy
6944,8,29.99496414686713,0,2,63374,1.5060497912778767,0,3195,Healthy
7445,13,32.00637637089602,8,10,88822,1.5521457824480605,5,3023,Healthy
1909,4,31.12855119367817,0,1,3426,1.4234300397197739,0,3465,Healthy
47873,95,38.43232591474321,67,9,444305,3.5348892790163506,24,181,Critical
40399,82,34.40162205853423,9,0,402987,3.2605933257168527,12,661,Degrading
22668,40,31.466801969933726,0,0,203641,2.4074153842942803,0,2122,Healthy
38918,78,38.724407727405485,22,9,375762,3.0441777884013805,3,889,Degrading
43232,85,45.839609834604374,40,8,403135,3.32064125888753,14,617,Degrading
36661,71,38.07454960965859,15,11,363018,3.288098284185036,1,1031,Degrading
38043,72,40.53046723636007,9,0,362176,3.158792583875793,10,950,Degrading
8031,13,26.39192271215834,0,0,67335,1.775441875193332,2,3029,Healthy
9132,19,31.350921845047736,3,0,108517,1.5498152004400092,0,2941,Healthy
19281,41,31.714202769739646,0,0,191474,2.3054470422980264,6,2273,Healthy
3121,3,39.075847227321155,0,1,24878,1.2759848561304996,3,3473,Healthy
14744,28,21.676482161793672,0,3,149025,1.6332745090371317,5,2617,Healthy
16402,29,28.36977809721092,0,0,166349,1.5360127004088757,1,2390,Healthy
28873,56,32.158618626834624,1,0,301761,2.3684896867899607,0,1622,Healthy
9539,18,28.936696184120706,0,4,85733,1.3249646214931667,0,2976,Healthy
3329,6,36.24717512257368,9,4,39504,1.0722155917523908,5,3371,Healthy
2013,1,27.58610863595403,0,0,19644,1.5283474895406142,0,3619,Healthy
16635,29,36.863611675576244,0,0,133220,2.133630895230368,0,2598,Healthy
9172,15,16.278485739105257,0,0,77265,1.0873893717940541,0,3099,Healthy
10061,21,24.34597718566158,0,0,124819,1.7848266193892162,0,2858,Healthy
41626,80,33.56754254599298,22,0,410458,3.6550608910766154,4,697,Degrading
46663,98,43.52690373541407,88,17,484267,3.813260431276932,36,78,Critical
47499,92,40.292150967722364,65,17,472220,3.5217498312857987,18,241,Critical
20646,37,30.769961672031204,0,0,199462,2.027278412739255,0,2191,Healthy
47016,93,41.585972564226246,62,12,451750,3.2847259364111814,31,402,Critical
17482,35,34.98163412726563,0,3,181256,2.0890288722402475,3,2318,Healthy
14043,29,27.10261155740195,0,1,148817,1.8406264293548096,0,2532,Healthy
35853,72,36.500301582506374,0,10,363121,3.077409247046569,3,1080,Degrading
18662,39,39.59935241357748,0,5,200572,2.2455740397582287,3,2158,Healthy
2865,6,27.18931632994558,14,0,34137,1.52692859352725,0,3404,Healthy
22379,46,31.37435115549367,0,13,229310,2.634280305980945,0,2056,Healthy
44053,85,40.53525861803639,56,12,433127,3.3228278976881476,20,484,Critical
7418,17,26.572097168721804,0,0,71714,1.4753169004402957,1,3081,Healthy
41550,82,39.70947154945846,13,0,403447,3.004326260111921,14,642,Degrading
26897,52,37.04494714451328,0,0,286025,2.818090553208361,5,1677,Healthy
35473,71,35.165544680314284,20,3,358953,2.976656949933286,7,938,Degrading
18374,34,43.82519876353881,0,0,167070,1.929184933201442,3,2373,Healthy
6692,12,36.21906789028161,8,0,68772,1.6433838207406486,0,3309,Healthy
40213,78,42.327378123723015,25,3,420038,3.1326482242305045,7,774,Degrading
23037,45,31.841609998891325,2,4,221548,2.4374337080109463,2,2027,Healthy
47441,98,41.07283574483729,90,22,475145,3.7108293805071346,46,134,Critical
48382,98,43.54691157054619,104,32,497962,3.1301252344315027,36,46,Critical
10655,19,35.02254369575847,3,2,119120,1.879420699450121,0,2830,Healthy
31388,61,38.23720462255047,2,1,323160,2.877265537127711,0,1339,Degrading
35671,69,40.07809251456552,18,6,363135,2.805271703948416,7,1032,Degrading
26960,54,43.49882275018917,0,3,262542,2.369986600585645,8,1678,Healthy
41641,80,46.232359576899135,14,0,423357,3.3356614883032205,11,625,Degrading
16356,34,35.49599757306743,4,1,157011,2.511587840206487,0,2452,Healthy
24816,49,42.38620170096816,2,3,259964,2.297857592618528,0,1863,Healthy
1477,3,30.153812497297054,6,3,25199,1.0148751882907119,11,3527,Healthy
22083,43,28.854823395226685,0,6,191252,1.9304961857887895,0,2094,Healthy
49977,97,34.70396150662094,110,19,493293,3.7273439565908086,38,25,Critical
912,4,26.4496586971904,1,7,28531,1.5684351218897041,1,3551,Healthy
18365,42,29.60059351981272,0,0,210890,2.142303262304816,0,2144,Healthy
44210,90,34.379222366305015,51,13,440231,3.5918097804043403,17,456,Critical
11302,19,28.438897276211932,0,0,119010,1.7588431738795398,0,2861,Healthy
24124,52,28.314794112218934,2,0,264713,2.299384452802197,5,1791,Healthy
5900,16,29.285840470097767,20,3,83365,1.064848234371556,4,3132,Healthy
3202,8,38.9152280442407,2,0,49228,1.0834927493004172,0,3343,Healthy
18560,40,40.8514318422691,9,1,184499,2.431439867039039,2,2201,Healthy
14576,27,32.94401358939827,0,0,126672,1.7848844883391999,0,2664,Healthy
3918,6,29.71055837356313,0,7,17234,1.0658325185797677,2,3393,Healthy
11938,19,23.937384780244656,16,1,102243,2.0542962008125496,6,2846,Healthy
34723,66,39.39267324284814,10,4,348328,3.05747583547212,0,1179,Degrading
13894,24,34.38848833041329,0,6,121619,2.059003160023821,0,2612,Healthy
32196,64,46.232458792921285,0,0,327849,2.763689688895016,1,1263,Degrading
21587,39,36.344908408213705,17,8,205071,2.0424714136289674,5,2075,Healthy
26415,51,31.525757570433353,11,7,264363,2.658543929894619,2,1708,Healthy
11715,24,37.0619728509125,0,0,129292,2.196336857416746,6,2737,Healthy
35342,68,40.46188360629785,23,0,342668,2.933364364761289,0,1155,Degrading
22594,45,41.05684883457073,5,0,219101,2.445719018486492,0,2024,Healthy
48852,96,47.907311107713596,92,17,484034,3.535148659138348,32,168,Critical
44713,97,40.1036320792529,76,11,461615,3.539952142586318,25,255,Critical
37687,73,38.08793599799119,41,9,353127,2.8158945443402374,0,1079,Degrading
34805,73,45.563401582300344,7,8,351885,3.4823920367597485,2,1142,Degrading
20888,42,28.945512510050474,0,0,218447,2.151710877694603,0,2109,Healthy
22624,48,30.774390073437115,0,9,241522,2.2648894956880787,1,1826,Healthy
35937,74,38.45870182973649,32,2,356131,3.053466609885373,5,1108,Degrading
21372,46,38.367660523465446,7,0,238857,2.5880058045566123,0,1989,Healthy
33170,64,37.87398252029868,16,9,328303,2.7965685305715193,4,1220,Degrading
5409,10,38.181839695423356,16,0,67733,1.1725113776923015,0,3226,Healthy
38302,79,44.20680657986067,35,5,386633,3.268215835306405,7,830,Degrading
30075,61,40.87622165974127,3,5,287416,3.023585891061214,2,1460,Healthy
11488,20,34.48262021883216,0,5,125395,1.8359561053475268,0,2782,Healthy
40288,82,44.13785104307672,54,0,407848,2.9296582123333867,11,599,Degrading
28921,57,40.925370793936565,2,2,296258,3.1099529862413724,0,1459,Degrading
22430,44,30.84715618653653,0,0,209803,2.2967298634637223,9,2087,Healthy
30116,60,35.87013621798588,0,15,285678,2.731471342565243,5,1523,Healthy
26343,51,39.58751832441723,3,5,250276,2.1323174034066543,10,1805,Healthy
22127,38,33.75870203543412,0,0,212071,2.4249166068545436,3,2138,Healthy
9070,20,22.80635782025803,3,1,107562,1.5443355173638935,7,2901,Healthy
13735,30,32.50614526169683,0,10,143039,2.1497976288363,0,2680,Healthy
16715,30,29.456285626876323,9,0,151833,1.6086492091672513,0,2489,Healthy
16114,37,31.750429166947015,0,0,177141,2.1760095365575745,0,2406,Healthy
25856,50,31.81515258116331,10,4,274192,2.5479376280671073,0,1686,Healthy
7721,18,32.984393457305934,0,0,74626,1.6562160798511607,7,3159,Healthy
19410,43,35.77756994212687,7,4,200290,2.313203703539868,0,2191,Healthy
2695,1,33.04905318738685,0,4,26469,1.3153994985036603,0,3509,Healthy
30145,56,44.23271302012529,3,0,297740,2.590243549787851,3,1546,Healthy
1084,4,27.57935503582901,0,0,46283,1.2504010779007668,0,3476,Healthy
30685,66,31.13185292128165,13,0,310260,2.5953597663898633,2,1425,Degrading
49872,97,35.47943793136536,98,4,483004,3.606294088066829,26,117,Critical
47617,93,39.850057907531856,82,19,479616,3.340690509170912,31,239,Critical
14755,25,39.015609559365004,0,0,118290,1.780634521028729,0,2676,Healthy
3838,0,24.11582771302806,24,4,26069,1.3141102659656567,0,3443,Healthy
12992,25,39.630111302025036,11,0,118440,2.0805039738693885,10,2724,Healthy
15811,35,28.32627468271554,0,9,190253,2.0907711886631346,0,2428,Healthy
40432,84,35.85659780489644,21,9,427678,3.7044586916387394,13,591,Degrading
21040,46,34.0551465447046,1,1,202279,2.304609998182424,1,2075,Healthy
20699,38,29.321881822819194,0,11,190506,2.335533582584891,0,2206,Healthy
18032,34,28.4669988395691,8,5,175772,2.08107395062484,1,2417,Healthy
40857,80,46.62696095604088,31,4,418440,3.2224565948488606,18,751,Degrading
16847,37,34.89898714202996,19,0,159391,2.1118230486336538,0,2387,Healthy
31421,58,35.238601424599196,1,4,320181,2.6327522125392266,11,1402,Degrading
38479,78,33.893139564067646,33,15,400725,3.0161614865165722,5,808,Degrading
34070,73,33.339611846227356,1,3,341893,2.844275227914119,8,1042,Degrading
43445,91,37.87360365444445,32,14,441348,3.4946237879814617,18,445,Critical
27570,55,35.962120370007156,0,0,283475,2.5455733218671965,9,1641,Healthy
22860,51,32.39017913405117,11,8,240748,2.2020494510554305,0,1841,Healthy
3751,10,29.836977024588293,0,5,66716,1.9526325178392792,0,3190,Healthy
30865,62,33.213299833231915,0,12,311189,2.751878422875815,0,1413,Degrading
12884,26,20.330555169701093,0,7,126077,1.6638145571870702,0,2776,Healthy
3008,5,39.92279813607588,2,3,9548,1.3346659064383442,1,3545,Healthy
20042,39,31.506994262256505,0,4,206320,2.2408945807425384,0,2149,Healthy
1918,1,29.576596241499413,13,7,22255,1.1783313927457888,0,3558,Healthy
12207,25,26.32286448308971,0,0,141876,1.7734350421614558,0,2667,Healthy
6532,12,34.04184075245807,0,8,67964,1.656810818900792,0,3167,Healthy
11130,25,35.97343471390184,0,0,111178,1.4728424445859396,1,2775,Healthy
36373,67,36.17787527065228,5,5,364749,2.878917118462024,16,1025,Degrading
28056,56,36.42344791620431,2,0,271758,2.623482777643913,0,1631,Healthy
9163,22,29.815378855921736,0,0,115412,1.4041943871405669,0,2868,Healthy
46054,94,32.66956850986908,76,15,464110,3.712330128339706,43,270,Critical
34875,64,33.97622359698221,10,9,315959,3.4729253884269946,5,1248,Degrading
34159,71,32.89629539625928,21,1,343264,2.9253789632203957,8,1171,Degrading
29919,58,39.58481141308348,0,4,313706,2.845580023740078,0,1513,Healthy
40579,84,38.95824550853608,33,10,410603,3.1190050936831355,16,613,Degrading
8047,18,29.064203884955173,0,5,84241,1.5663514299436767,1,2975,Healthy
44113,92,26.46500543682108,69,15,459146,3.6591725398668324,29,276,Critical
8119,10,36.74024449225426,9,3,65406,1.9288553708701217,6,3174,Healthy
34114,69,35.89830302959523,5,0,306379,3.0502468172749064,0,1136,Degrading
7152,17,38.595783111246455,22,8,79888,1.287626436198197,4,3065,Healthy
29773,57,35.49795411050266,0,6,292280,2.7539527959712307,3,1504,Healthy
593,1,20.24328423830524,0,0,18413,1.2727130790411887,4,3540,Healthy
28067,57,34.5695119350684,8,5,286237,2.84569398735792,5,1580,Healthy
700,0,36.31101578155041,0,2,5537,1.4957915109919573,0,3596,Healthy
38395,73,36.13851060516585,0,4,370469,3.149771356212848,7,866,Degrading
26343,54,34.46006396665798,5,9,270777,2.055836580587084,0,1741,Healthy
2163,0,28.603961100881126,1,0,31689,1.1005897654155712,0,3483,Healthy
10699,25,37.232123705765716,12,0,120931,1.8136412266752784,0,2772,Healthy
22913,43,35.59440949819186,11,0,211424,2.2755112059559424,1,2020,Healthy
27545,55,29.954669841223556,11,2,266201,2.6250568695885006,7,1704,Healthy
21925,47,31.510509336494188,0,4,218882,2.443387857887946,11,1904,Healthy
11449,25,25.222749655189343,0,0,128833,1.5859037325695102,1,2782,Healthy
18157,33,35.090531317927784,11,7,169871,1.9468357185220744,5,2411,Healthy
29301,58,37.903248624001925,23,0,308431,2.5865864863043186,8,1405,Degrading
16346,29,37.52913968814796,4,4,157927,2.200566513287034,0,2462,Healthy
18859,32,33.20272458891705,16,0,174633,2.3827252638820307,0,2395,Healthy
35884,70,34.3009724447867,26,5,330001,2.901554423692737,0,1092,Degrading
17312,31,33.232682777431286,1,0,167921,2.2199830332387327,0,2463,Healthy
33041,67,40.91056020335057,15,6,338607,2.669575645397605,0,1199,Degrading
46743,92,35.69278289155425,80,23,470545,3.545543156971706,23,182,Critical
13240,31,33.7568726635502,0,0,144300,1.9745815482385427,0,2599,Healthy
16169,33,44.69819293495085,14,1,175262,1.9773095156006102,1,2326,Healthy
7970,18,32.75264433972779,0,8,68659,1.3430707897668257,0,3062,Healthy
9708,25,32.75029902822148,0,0,112668,1.717043868443914,0,2820,Healthy
1048,0,33.681006450409974,0,1,20328,1.4318279451913851,2,3593,Healthy
20737,41,35.950166470605886,0,4,199558,2.4356039030166166,0,2165,Healthy
28810,56,33.61529178087706,1,8,265077,2.4157745918430558,3,1613,Healthy
15931,30,39.155774553336485,0,0,144966,1.8043719965920157,0,2584,Healthy
12092,27,40.95950994407314,4,0,123270,1.9379301887635345,1,2710,Healthy
48607,95,46.55233261401605,79,12,479043,3.4496296157676545,36,137,Critical
4833,9,28.93493668712582,8,0,39752,1.1476614892756494,2,3342,Healthy
30603,60,42.0147817171435,7,8,308762,2.5605763348285873,7,1416,Healthy
34222,63,22.360592334030343,14,0,325031,3.018578674519422,5,1220,Degrading
37545,77,41.48464235277713,10,2,390066,3.214599192986106,17,924,Degrading
45690,93,39.25586338444475,58,0,453941,3.631454055350101,29,291,Critical
44316,92,38.325685274289064,55,3,441896,3.3901134810463396,20,372,Critical
36684,76,32.60203482900134,11,0,365428,3.287680090536926,6,937,Degrading
17623,36,27.629295692202135,0,0,180124,2.472876102111961,0,2338,Healthy
38532,76,32.329940194646184,20,0,385740,3.1015358242749405,10,881,Degrading
10239,18,31.393732577426942,0,0,85605,1.6445011745549576,2,2982,Healthy
27790,54,49.58841645714057,17,0,289240,2.537651038156246,3,1697,Healthy
15956,35,37.26909170907696,0,0,181916,2.1743544888036404,0,2311,Healthy
6204,11,26.981170858821837,2,3,57971,1.4006540071940738,0,3252,Healthy
15718,28,37.09813341634517,0,0,173693,1.8818161506705475,1,2523,Healthy
32955,63,33.20405002581009,0,0,296518,2.4859606752357553,13,1311,Degrading
14978,26,40.15818129502923,20,1,154223,1.9675436638306816,0,2500,Healthy
46812,99,37.84621437269528,80,13,489710,3.757504351715741,35,122,Critical
6202,13,27.956746808745663,2,1,68699,1.302301850209602,6,3088,Healthy
6865,16,37.32854376297963,0,6,81740,1.512345013570182,0,3185,Healthy
51849,99,41.09061719057252,129,26,503492,3.3965481534944444,55,0,Critical
5543,10,25.999085647308334,3,4,45108,1.6997437915552784,0,3235,Healthy
17564,36,29.69201106015753,0,0,170292,1.6567303669994777,0,2461,Healthy
30143,59,41.11844750686632,3,0,289581,2.8212674188868894,7,1538,Healthy
10871,23,34.430085822250156,6,3,123832,1.8611738785619436,2,2750,Healthy
31981,59,33.45397649068196,5,0,311453,2.4603026885813164,8,1341,Degrading
49066,98,39.485589815650826,96,9,490648,3.8968589202655086,40,57,Critical
30741,59,38.99567529196765,12,3,305348,2.7692091919430792,3,1406,Degrading
33271,67,40.31114325877352,7,0,349389,2.796943621095484,2,1268,Degrading
4918,10,26.161988603541772,0,0,47601,1.1739251577078216,4,3305,Healthy
25558,54,39.918341785580466,17,4,253858,2.6117964326691006,0,1753,Healthy
46537,90,38.51986023230986,52,5,454987,3.6947442941549618,18,373,Critical
29568,62,37.64264188180817,7,7,322661,2.476144091062076,8,1436,Degrading
42658,82,35.39813008278044,27,13,419461,3.233710340832441,15,604,Degrading
14656,23,35.92759495710025,4,0,152242,2.0892779985757977,6,2688,Healthy
8898,20,35.45158656141789,0,6,96638,1.8616970421179249,0,2906,Healthy
24613,47,37.68297603391793,10,0,238873,2.5080589027225666,6,1853,Healthy
27399,56,30.86669302316642,0,4,291678,2.634748458789168,0,1598,Healthy
37037,67,35.06544947177873,18,2,347359,2.9557575653226285,11,1148,Degrading
29029,57,32.517631046741116,18,8,288793,2.9882186585044774,2,1580,Healthy
26478,52,30.840988507150502,7,4,241776,2.5684139454713724,8,1809,Healthy
43951,89,37.56958191440121,56,8,434618,3.422324874820169,29,450,Critical
41122,85,49.00422876537903,27,5,421470,2.773803202683113,0,648,Degrading
5508,9,34.06541795263714,11,0,63472,1.3973657191858289,7,3257,Healthy
26078,53,36.64244690846374,3,5,270136,2.571634640753103,0,1699,Healthy
25896,51,31.358487597840334,4,8,278370,2.4660412793816335,0,1649,Healthy
4017,3,27.998119412799497,0,0,32126,1.3931330918299707,1,3401,Healthy
33937,68,43.800627934123966,16,3,327932,2.7043710952084723,9,1209,Degrading
18755,37,40.938079882542795,7,6,191338,2.280380495280979,0,2176,Healthy
44909,88,38.89826777436767,48,10,460905,3.159750564770343,25,374,Critical
30767,67,37.663599846015025,26,7,296726,2.9727989190614057,9,1332,Degrading
30769,61,35.83804301498603,0,2,323812,2.5442219616391806,6,1433,Degrading
42328,82,30.252898514086493,44,5,415326,3.3977459679565696,13,565,Degrading
10211,20,34.64100650871478,0,0,100475,1.4236601969695353,8,2846,Healthy
27879,55,32.5889295286294,5,8,267370,2.729842914767652,8,1795,Healthy
1549,6,30.21120879262458,0,5,37850,0.9602832383972315,0,3526,Healthy
24558,51,39.31372863316722,0,3,252840,2.6961145924903103,1,1795,Healthy
34514,70,42.02458631216995,4,4,368854,2.8826045507809273,11,1089,Degrading
19814,43,26.57014899111538,2,0,202602,2.050637506036337,0,2046,Healthy
11947,31,34.323542242729076,0,0,136126,1.8894723448148045,0,2738,Healthy
26084,50,38.62319779970865,8,0,240699,2.420864129326723,8,1858,Healthy
50852,97,41.17424679777096,82,7,486977,3.4694705971357616,41,92,Critical
42848,88,44.97032048970464,49,11,442795,3.373219312466882,33,455,Critical
27714,54,35.83122546914768,8,0,247909,2.62222702230344,2,1772,Healthy
2319,8,24.16452498127656,1,3,25570,1.4583389853994486,3,3472,Healthy
18224,37,31.758150972073558,0,0,185962,2.236683015459834,1,2325,Healthy
3301,5,35.889098870040065,0,0,43047,1.660483696803564,1,3387,Healthy
38713,75,40.95051350750652,26,6,369646,3.2671553988875726,13,915,Degrading
12853,21,29.19651127264868,0,1,105023,1.7191427492026137,0,2778,Healthy
29852,59,33.27387480788077,6,6,297315,2.672773287770945,8,1514,Healthy
31602,62,33.813725279027494,29,0,322610,3.1874983646443265,2,1290,Degrading
20617,43,44.881650327195544,0,0,200450,2.187222558117148,0,2117,Healthy
13985,25,34.04431874602834,0,0,136550,2.0851419722854705,5,2736,Healthy
20254,40,26.015262984206174,0,0,200117,2.4005404187744244,0,2182,Healthy
13163,24,32.623182519433826,3,0,122680,1.8507840974582428,11,2774,Healthy
37061,75,40.02289780112924,7,5,363526,3.168112390852276,2,1052,Degrading
47988,91,34.02847092057198,66,11,450230,3.321972007262509,26,299,Critical
46793,95,27.814503362868876,90,15,473200,3.6162196141701344,33,82,Critical
49445,96,43.606664358573674,79,24,471178,3.3540653302354473,32,161,Critical
21874,41,38.04067520040717,0,0,206715,2.3290997373182227,0,2059,Healthy
13199,29,26.48494636378981,11,6,159562,1.6090456108751083,0,2591,Healthy
32086,64,40.9890206992509,0,0,315247,2.677787725093055,10,1308,Degrading
44759,92,35.54244512513579,65,7,457243,3.4709821300735606,21,310,Critical
16298,32,39.12000240909303,16,0,175238,1.9343846213544422,0,2386,Healthy
36326,68,38.53351362292514,5,7,338120,2.754057808866543,5,1064,Degrading
7518,17,31.434464920137344,10,2,82607,1.6860523488921566,6,3068,Healthy
44904,92,45.4546413685746,49,7,458022,3.884258589182047,21,414,Critical
16248,35,34.16969230966137,0,0,166739,2.0723254086092364,2,2426,Healthy
38848,80,47.113368927328914,19,2,391860,3.222851882597654,5,763,Degrading
17144,30,42.049208269224856,1,0,147531,2.088815402966014,0,2497,Healthy
42983,86,34.6284323754238,54,7,437858,3.03495346153288,25,383,Critical
31833,62,37.33974532806835,7,6,311271,2.5935743691260527,2,1362,Degrading
28250,57,29.890234214362728,13,0,297215,2.5403302278239694,1,1567,Healthy
41907,84,41.217795234564456,34,4,402507,3.466990129469528,16,559,Degrading
15591,33,21.752011094646512,5,6,164578,2.0508571811277525,8,2465,Healthy
6704,16,26.45290038863671,0,5,93301,1.6683390907765987,3,3100,Healthy
47244,93,43.38613541129877,65,8,475637,3.528826681709937,25,267,Critical
41877,82,31.31148717656594,50,12,430049,3.0732930398983354,22,660,Degrading
32004,67,34.89167430191283,15,0,337030,3.004568963620885,6,1243,Degrading
6040,10,33.37348361096408,0,0,58395,1.6142013793327896,4,3271,Healthy
43488,85,33.287928569146985,21,14,417139,3.1501842154209916,18,515,Critical
12513,21,36.34053584485973,3,5,131744,1.5924211396130992,5,2864,Healthy
28858,56,35.38955475324532,5,0,288562,2.549862788948318,7,1643,Healthy
12869,25,40.458287213801086,5,0,121333,1.8947518777234904,6,2722,Healthy
4651,5,32.606411761534645,5,0,14041,1.2329615752981482,2,3452,Healthy
43177,84,34.782456098850595,56,10,415819,3.496088531885711,17,549,Degrading
21349,43,34.904027081779155,8,0,215365,2.3491006948316073,0,2073,Healthy
8140,19,39.07024641102503,4,0,97365,1.8884410127112272,4,2987,Healthy
5552,10,35.251760402796556,0,3,57765,1.3886753994339494,6,3303,Healthy
35702,70,27.88834079380578,14,9,352990,3.105807202184276,7,1061,Degrading
40733,83,39.48834978976565,51,7,427837,3.349510751907455,13,549,Degrading
44399,88,39.191364000359435,43,9,447127,3.306864590876013,20,436,Critical
27136,50,32.29301185736867,2,1,261920,2.368322938157572,1,1733,Healthy
24300,49,41.71672504630593,0,1,254697,2.369572851636455,1,1745,Healthy
35238,73,34.463770679064986,19,10,359236,2.867604800775759,11,1156,Degrading
39781,75,38.878576092589135,25,4,384227,2.823821143462697,6,826,Degrading
8749,14,32.03549119592978,11,0,109318,1.7271813236433458,4,2987,Healthy
40472,83,39.56014420236449,31,6,403632,3.2658678045749823,17,639,Degrading
46831,96,44.71044340017234,61,14,472005,3.4840512275610247,29,308,Critical
43756,85,52.59906287940066,35,15,432659,3.3867609392634237,18,487,Critical
25781,51,43.497801788108916,1,0,263348,2.2385085801589732,3,1713,Healthy
31078,61,43.06856808494383,1,0,300895,2.6217323812358346,0,1346,Degrading
14942,34,43.862930976119685,5,0,167531,2.2463492071523836,0,2494,Healthy
19805,35,42.11410916996111,6,6,191046,2.268085603857395,4,2316,Healthy
3910,9,39.66062420897302,0,0,44162,1.565111544554335,3,3324,Healthy
38975,83,27.48132228039798,16,2,383970,3.211220534754733,12,805,Degrading
6979,13,29.53494277971713,0,7,77040,1.5378372071852948,3,3104,Healthy
14102,30,38.0420322719432,5,0,136998,1.8367190791797587,0,2575,Healthy
21069,44,40.51623897753055,7,0,205516,2.5154062756303492,5,2099,Healthy
6844,8,26.550407070626207,6,0,60057,1.4612000469127195,2,3235,Healthy
27531,54,38.17249528365817,0,9,276455,2.4732192239536377,0,1572,Healthy
5392,12,24.05946916559337,0,0,53805,1.3062002031962578,6,3211,Healthy
25697,46,31.13523411053213,4,0,235910,2.4533785787076234,0,1828,Healthy
47244,98,34.40204913735906,102,13,506898,3.4178215527335634,43,10,Critical
24119,42,40.776037944883306,0,5,234458,2.301820073210222,0,1902,Healthy
19215,40,32.3919568480239,0,14,192529,2.2455502411472774,0,2249,Healthy
6659,16,35.741540631661884,2,7,63154,1.6664589337582025,0,3137,Healthy
42501,87,36.9565382231163,51,14,448901,3.5360606288840115,23,421,Critical
42441,81,33.43708199856465,42,9,410938,2.9223488510155597,20,714,Degrading
45337,90,38.058636489198655,70,0,439762,3.737785926111808,20,324,Critical
52,3,22.545293592820215,10,4,26928,1.3291076702007412,0,3615,Healthy
35002,75,38.820239361496725,24,0,366302,3.096247864566409,5,1079,Degrading
11581,25,38.39125628526534,5,0,132490,1.8321285009850181,1,2665,Healthy
47262,92,43.352314407968045,97,17,471471,3.5372466803479807,29,171,Critical
45103,97,38.810858839337584,70,14,478336,3.6803009188874025,29,202,Critical
48044,97,41.82071840268585,65,11,466643,3.3849725412928606,37,236,Critical
31032,58,30.593232143181595,14,0,290290,2.5334475286264597,4,1394,Degrading
35843,67,40.00286868127577,20,9,350615,2.9993284707545946,11,1083,Degrading
14044,23,42.74077781696947,0,3,151712,1.3649970853910318,1,2672,Healthy
34554,68,38.62555060082016,14,0,318675,3.0285700367885036,0,1167,Degrading
35891,71,41.80503542615183,11,0,370044,2.7546128314921074,8,1006,Degrading
27454,52,32.18080384672308,19,0,264807,2.4324369247719275,0,1736,Healthy
37039,66,30.998577088244836,5,4,349462,2.794250528056523,7,1136,Degrading
23676,46,29.310062108684303,8,2,228495,2.3344085072404757,0,1925,Healthy
13191,27,34.308173490827784,12,0,133180,2.0785082099691223,0,2657,Healthy
38611,76,35.95804937263353,24,0,383117,2.869399372203011,7,843,Degrading
40573,84,30.44906576858174,45,10,423384,3.1792972479356902,12,611,Degrading
6700,14,28.898155199387183,0,0,52103,1.2358712351826806,0,3251,Healthy
36623,78,46.32218295559004,14,10,380819,3.130487306111324,10,878,Degrading
2093,0,30.539340021807835,0,0,9542,1.0762309492434745,0,3482,Healthy
7925,19,28.71907897719629,14,0,89572,1.4236365407382612,8,3068,Healthy
28882,53,38.60235091403569,0,13,262429,2.303254351369072,0,1563,Healthy
34522,70,37.45791468742544,7,9,350097,2.983424268713372,18,1148,Degrading
8881,18,41.15517855644489,14,0,86713,1.3701532000838816,0,3068,Healthy
20685,42,38.01843969550808,4,0,199987,2.43054794756038,0,2200,Healthy
25070,52,42.35345233952425,0,3,267529,2.6524098111447008,0,1747,Healthy
18875,40,30.3715607157248,0,0,204395,2.0180574748728617,0,2234,Healthy
1100,1,28.53095409827528,5,1,11132,1.5749614064826216,1,3567,Healthy
3958,8,24.090873221777535,0,0,57949,1.4825197125049918,0,3235,Healthy
28747,56,40.05380252992336,10,6,285318,2.359309334456225,5,1557,Healthy
47833,96,32.84663282341049,93,21,481737,4.181452383681135,33,74,Critical
41924,80,43.27965534152453,23,10,428741,3.388430353827299,13,605,Degrading
45032,88,45.71682103802482,44,8,444328,3.147851146539896,19,436,Critical
46667,98,41.00764266459004,77,11,474010,3.63237317397171,32,113,Critical
26979,59,36.3469158043886,0,0,266196,2.404865606746091,7,1630,Healthy
19886,34,22.58104066030306,10,0,200716,2.2163191901821353,2,2259,Healthy
16948,31,39.36025747735907,0,0,174618,1.904868494286512,2,2426,Healthy
16843,31,34.122806457248245,0,5,155878,1.780050938300949,0,2421,Healthy
30694,61,41.12479768143088,1,2,294559,2.470141382937149,5,1477,Degrading
17108,32,32.447543158160244,0,2,175895,2.327114387031914,0,2468,Healthy
566,2,47.62645194158217,0,2,22074,1.3071165616156615,0,3527,Healthy
41288,87,33.25622829914072,36,7,404378,3.2057063464434936,7,685,Degrading
11134,20,38.43788160370291,15,0,128068,1.8489645925430835,0,2765,Healthy
5608,14,26.51512453526244,0,0,38043,1.549765241933715,0,3232,Healthy
42788,85,46.60680408398329,26,12,437959,3.1986704661542573,20,511,Critical
1369,3,38.30323585672026,0,12,0,1.135381567601493,0,3614,Healthy
29427,57,31.438314783414242,8,4,301610,2.4419717931098184,0,1638,Healthy
8665,19,34.18101659985181,5,0,89566,1.5771667328411214,0,2999,Healthy
30027,59,42.19099135162031,0,0,298436,2.3438124565754137,14,1401,Degrading
8340,15,30.09516563370304,0,4,92657,1.8024971548494946,0,2973,Healthy
40460,79,35.31295217666965,34,10,386671,3.033025020072402,12,750,Degrading
29166,56,36.57219493050132,9,0,284107,2.8947752539780915,1,1513,Healthy
30786,57,29.15420155268908,0,8,300891,3.0307919004593,4,1540,Healthy
28893,58,35.23036717729648,24,5,290159,2.747339082520688,0,1517,Healthy
0,4,27.622188117072344,6,0,0,0.7675539602202561,3,3631,Healthy
40452,85,33.66382774951183,32,5,422075,2.9925386751800716,22,548,Degrading
42990,90,41.496135613765496,57,13,450431,3.717960675303544,24,394,Critical
42221,81,42.232224753256354,27,9,401209,2.778152449481218,16,633,Degrading
40098,76,39.35794289711605,44,9,388569,2.822863215288206,4,805,Degrading
25621,50,43.808652785275115,0,0,243275,2.500828927335148,0,1788,Healthy
18665,38,27.098498869446853,0,4,194305,2.1141371918665346,1,2358,Healthy
38968,78,36.25114305560785,17,7,375640,2.793664836289556,9,869,Degrading
37015,70,33.87259148312639,20,5,393180,3.3603817105070997,12,894,Degrading
39411,81,41.715362642132476,15,1,387399,3.388323901732775,18,858,Degrading
29064,57,35.67962878990062,0,0,300793,2.521271939767219,7,1506,Healthy
18854,35,43.15966326301644,0,0,182505,1.968159275192544,0,2355,Healthy
16210,28,36.106438380509736,0,0,157098,1.7419186759838925,4,2563,Healthy
20755,43,29.45469091179977,0,3,216973,2.203727787028215,5,2142,Healthy
28305,60,40.03666490258253,14,1,278827,2.487645254098604,3,1618,Healthy
47475,94,41.6100090675131,67,12,488691,3.7169638548473705,20,129,Critical
26152,56,43.99398069687649,0,3,258944,2.2114059183429546,12,1643,Healthy
3013,6,28.18105226761029,0,2,40358,1.3533004994236575,2,3367,Healthy
2943,4,35.84404837518192,5,10,26641,1.48668781171558,7,3410,Healthy
32018,63,39.385546889659004,0,1,317218,2.66745817901185,2,1242,Degrading
18642,39,32.18449358326565,2,0,178225,2.38890008630304,4,2226,Healthy
17192,33,38.46881123065876,7,7,179088,2.2499212398758814,0,2338,Healthy
47701,99,38.41401211408676,92,9,485410,3.715348843842004,46,91,Critical
37266,74,30.780702581820652,9,6,376406,3.0900483909740046,17,854,Degrading
28162,54,38.51682889401894,0,0,261247,2.840499506754349,0,1665,Healthy
6248,14,29.44400480015854,0,0,72515,1.9444469206598387,0,3145,Healthy
41563,77,40.61979187889169,19,5,385651,3.4698333124596186,18,774,Degrading
26250,50,35.16924916000493,3,0,260498,2.585496222667306,1,1856,Healthy
13842,28,29.223361210003404,2,2,130592,1.9106999724731024,0,2659,Healthy
3980,8,28.983078445060944,3,0,31763,1.18933681127125,1,3429,Healthy
33646,69,30.01293872990021,2,0,328747,2.864781506205172,4,1139,Degrading
18945,39,38.56471342006312,9,0,233782,2.7776166762731798,7,2174,Healthy
18324,43,40.38362945843143,2,0,191525,2.3178089555922394,1,2185,Healthy
49257,96,37.59353803846041,93,21,479955,3.911415546361695,34,120,Critical
30987,65,35.97199788990004,0,5,325686,3.332657727587063,5,1369,Degrading
26151,49,33.61950263648465,10,0,258277,2.354679268663397,0,1760,Healthy
42818,85,38.81974893780757,46,6,430099,3.4282894541071167,24,487,Critical
14060,25,33.38742794342569,0,0,129929,1.7209449725858939,0,2604,Healthy
32666,64,39.73473603126337,13,12,318898,2.4170301258448217,3,1321,Degrading
15632,30,34.476916105751556,9,0,156468,1.9576724731701054,4,2396,Healthy
46744,95,40.934081061963624,72,10,466779,3.6921802959066903,29,220,Critical
4307,10,24.78438921548022,19,0,51837,1.2061616398268327,0,3313,Healthy
22482,47,34.8448157652633,0,0,245849,1.9897061860782128,9,1981,Healthy
23944,50,38.4745238610435,0,3,264233,2.4104260113753546,6,1891,Healthy
35687,70,41.31977001104476,4,6,353311,3.2085161373648248,0,1175,Degrading
6919,11,31.761669905188977,4,0,73360,1.5891679098151101,0,3196,Healthy
27890,59,39.268141288643776,0,0,293205,2.573467136778316,0,1567,Healthy
20412,40,30.023231266796284,2,0,193860,2.233506431863883,0,2235,Healthy
47265,96,39.427600149118625,62,7,458109,3.6076772463083056,39,166,Critical
12876,29,31.439767366685338,0,2,132513,1.9365829294547665,0,2619,Healthy
16173,37,35.52971729332633,3,0,169230,2.1430191418630935,0,2236,Healthy
29656,60,25.54536278800644,7,4,312085,2.620881340046948,0,1362,Degrading
33233,66,40.90646824292441,0,8,320362,2.8210866884377053,0,1227,Degrading
34746,73,31.752463213698892,5,3,367531,2.929436390189943,10,1072,Degrading
15469,27,40.27980932222886,0,5,133008,2.387215379649244,0,2576,Healthy
25504,46,39.194606237588324,7,0,218207,2.5512972415293156,10,1928,Healthy
5226,11,40.32936716318562,2,0,43378,1.4159222625577887,4,3262,Healthy
25276,48,29.89815612642744,6,0,256601,2.25977899901615,10,1889,Healthy
12310,27,37.762704841382316,0,0,134656,1.703542658224553,0,2639,Healthy
27966,57,37.86526719897059,0,0,286899,2.925079788011863,8,1533,Healthy
22282,45,31.46842755526598,0,0,222330,2.4900027570655143,0,2022,Healthy
33176,63,42.66783683695378,11,2,322130,2.9184160131830463,5,1281,Degrading
12254,29,28.44139693560436,14,0,110684,1.89978669293119,3,2638,Healthy
24595,46,41.51963489934945,8,8,224124,2.3270913235316066,0,1977,Healthy
36482,73,28.431518431374876,20,7,353953,3.1855948940868988,7,1107,Degrading
0,0,25.63860855836827,0,0,0,1.0132395328673842,0,3632,Healthy
17636,34,33.408580666086394,4,0,176286,1.9596186972675262,0,2413,Healthy
33029,70,36.39825206271314,13,5,326870,3.202260327169073,5,1096,Degrading
6725,16,30.086045986569303,9,3,88777,1.43237171314068,4,3074,Healthy
32895,66,32.31473994099186,0,8,337931,2.846184888723834,7,1268,Degrading
8772,15,36.16319262205912,22,0,73935,1.6266191507605514,2,3131,Healthy
17140,36,35.80437146568853,10,0,153784,1.9522055241109608,0,2451,Healthy
44577,90,40.093604262737166,43,16,461043,3.5075581779002842,25,378,Critical
28444,58,34.22656598652436,3,7,290282,2.641318391085738,12,1479,Healthy
39745,78,30.27264754748257,19,6,397835,3.0427604322454735,20,773,Degrading
4101,10,34.06913442350137,0,4,45252,1.5763739947856612,0,3276,Healthy
84,0,28.567209141591903,0,0,0,0.8923319215098662,4,3639,Healthy
34826,70,28.294247270324483,0,8,358043,3.0632920677611692,1,1105,Degrading
6572,14,32.50134974583792,5,0,77906,1.6220617341475096,0,3066,Healthy
41156,80,30.57227541150027,42,5,425492,3.558076425120719,12,676,Degrading
12079,23,38.04388175947389,4,0,129222,1.7140056213386907,4,2686,Healthy
5978,9,32.28443033971097,3,0,75241,1.1076030983645453,0,3242,Healthy
31043,56,36.07158973466219,3,11,302548,2.418121306249208,0,1542,Healthy
869,1,30.011768260700546,2,0,8520,1.0775390140089054,1,3600,Healthy
40015,78,37.00435068385044,12,10,393686,3.104677875319513,5,832,Degrading
22377,41,35.58070206554035,0,5,226324,2.2059281190786213,0,1970,Healthy
13981,31,30.95552115919568,0,1,160922,2.2055351119611775,12,2533,Healthy
14322,32,32.12644235802208,9,0,135547,2.0739409709079135,0,2639,Healthy
10363,19,36.427796219177914,19,0,94149,1.6537247539161852,0,2967,Healthy
37634,68,31.357444654793817,0,1,350565,3.063425896417174,7,1095,Degrading
27667,54,39.64246237386982,7,1,272090,2.696676970025583,4,1642,Healthy
38939,73,43.168897642869716,23,0,382037,3.442561388593661,5,885,Degrading
36434,70,44.613050131787354,12,0,359527,2.7464705528368816,3,1009,Degrading
25917,52,33.91524456829302,0,0,267294,2.7901045013858754,0,1709,Healthy
37463,75,32.884583096800924,24,5,352042,3.238810174579793,11,921,Degrading
23200,48,47.48460294829668,0,0,224655,2.367353878067323,0,1896,Healthy
492,2,32.02728347699464,0,0,17164,0.9387653430151159,2,3568,Healthy
9947,18,29.965272491171365,0,0,112975,1.4298041302319096,0,2958,Healthy
31244,60,43.66420947381842,6,6,307095,3.0941423203261746,1,1456,Degrading
49610,99,31.84901223048373,106,23,513471,3.486691402690386,34,35,Critical
10067,23,30.18974135304628,0,2,124330,1.7877954152555602,0,2858,Healthy
45105,92,35.56299702614419,46,6,459466,3.265920675615,23,288,Critical
41053,81,39.60502856268998,17,3,413664,3.4735772747533282,17,686,Degrading
43213,84,35.69664762390635,52,0,429227,3.316501281510312,15,544,Degrading
50509,93,38.57344331543728,83,23,490861,3.5460296714577737,38,137,Critical
2322,8,37.80647570426089,0,0,48413,1.2132096345749295,0,3321,Healthy
27168,50,37.620843674107356,19,6,257554,2.450728759239147,1,1743,Healthy
3711,10,38.89198930225761,7,0,38873,1.5602836477625577,4,3326,Healthy
44241,88,43.279056376819035,58,12,452294,3.5786776836591097,21,349,Critical
48844,100,49.27241860505539,84,15,487994,3.593450550675701,40,100,Critical
1015,1,23.245793551930188,0,0,14730,0.9103103734798095,0,3661,Healthy
44989,91,39.35422587157861,75,7,441885,3.6480403421680676,24,252,Critical
45828,94,28.150233212071576,77,21,461845,3.256377287803732,28,277,Critical
33000,74,37.732209314428886,15,10,344923,2.981488103405949,0,1173,Degrading
19676,38,37.95967204827588,2,6,199766,2.3711544401419236,0,2290,Healthy
1143,2,28.88436452826954,2,3,25081,1.3668499151741302,0,3543,Healthy
31949,65,38.702461963341044,6,0,306199,2.488904923565023,0,1390,Degrading
27174,54,42.80571271854173,7,2,265408,2.7594465047398176,8,1676,Healthy
39026,78,35.013754323859416,30,9,395174,3.4196878462196922,7,874,Degrading
37629,76,35.15528771931473,1,0,373998,3.3832499392889277,16,956,Degrading
32228,64,35.70296150860025,3,0,328487,2.719743928670714,5,1310,Degrading
11600,23,29.090905743807525,6,2,103865,1.765632140016334,10,2860,Healthy
8672,17,26.156510475815917,0,3,96333,1.2977847724319662,0,3113,Healthy
32109,66,43.48056109700559,34,0,307509,2.6788781331636162,1,1350,Degrading
2518,5,23.4267898401654,0,0,27750,1.2317255746001978,4,3389,Healthy
882,0,29.456971230997173,0,0,0,1.0892086499657874,0,3578,Healthy
12902,28,38.53141760897158,0,7,130306,1.5823592671757198,0,2665,Healthy
11011,19,22.204155791183812,13,5,72571,1.4921460266635833,0,2992,Healthy
3788,6,30.69050299469479,17,5,43392,1.3293939396370484,0,3382,Healthy
44168,91,39.94993657879822,34,5,450380,3.515036714767513,11,421,Critical
48040,95,41.343992197420775,88,24,467357,3.8185823158173235,31,130,Critical
40530,77,37.00431354549114,28,10,410915,3.3239455523050916,15,844,Degrading
43475,83,35.30624622813775,42,14,419494,3.227090628705202,8,550,Degrading
19136,38,37.53526281768344,16,10,194328,2.4316688114968503,2,2195,Healthy
40872,83,36.542540394573166,31,3,404192,3.4465094763800406,19,589,Degrading
6723,12,29.195715500805896,17,0,60537,1.1258913196424079,0,3155,Healthy
16675,30,30.914164690808548,0,0,173367,2.050812637497856,0,2340,Healthy
43024,84,38.14137525640545,39,3,405480,3.3773774035565616,20,523,Degrading
18579,35,26.761940596716695,0,2,173666,2.4385966189906036,5,2437,Healthy
12763,25,41.05565346339048,0,0,136552,2.1195052102622225,6,2690,Healthy
15470,33,32.91279279343814,11,7,154532,2.1936325038446136,0,2510,Healthy
24401,42,39.40924646047045,0,7,228146,2.431488844204926,0,1986,Healthy
43518,89,44.75723256606886,37,12,428629,3.264783633554016,13,560,Critical
9063,18,34.975963102465066,0,0,100315,1.889312282577459,0,2952,Healthy
25200,52,30.671592640587047,0,0,252641,2.211220039777841,1,1842,Healthy
30950,65,41.59925401289208,1,0,322639,2.7953621241985442,14,1268,Degrading
38833,80,35.16011729004733,22,8,400504,3.1369898717447255,9,823,Degrading
23934,51,32.028966294638565,0,0,255377,2.748114135828636,17,1721,Healthy
14604,25,40.86455902274193,13,4,146050,2.138965195166453,0,2648,Healthy
29960,59,34.309506203694696,0,5,294414,3.13403478737911,5,1504,Healthy
9837,12,29.86775826499985,3,0,80473,1.7117767637505108,7,3126,Healthy
23709,49,38.34511162811398,7,0,251610,2.0548279642908502,3,1920,Healthy
2535,6,23.096020906591413,0,4,27384,1.5693452978245146,3,3424,Healthy
36144,71,29.651569657682714,19,8,351267,3.0491504254749495,13,966,Degrading
30305,62,41.06741433618555,0,1,305564,2.7423198620956524,0,1371,Degrading
25239,54,34.39893646033433,3,7,264614,2.1782427275138794,0,1633,Healthy
25392,47,34.1923528661479,1,0,243303,2.8419121267382077,3,1747,Healthy
27861,57,34.990762467489915,11,0,270511,2.945389917812924,1,1619,Healthy
9873,20,29.178794763915597,0,1,123387,1.9814183439510191,6,2914,Healthy
36683,73,38.73266016529385,23,3,378373,3.2424623216312725,9,896,Degrading
1851,2,29.248568464686624,0,5,11379,1.5600930271922837,3,3613,Healthy
30217,63,30.54559310483899,18,10,301347,2.556589009156363,3,1413,Degrading
1409,4,30.075860386295474,4,3,45622,1.324761278385738,0,3443,Healthy
15981,31,22.838231902607955,14,4,158670,2.016641738175195,3,2575,Healthy
31543,64,35.158286101445114,0,5,305176,2.61387872203426,0,1280,Degrading
143,4,32.478054259806676,0,0,9299,1.201155312920323,0,3541,Healthy
12750,26,46.86611420596377,18,1,122248,1.8197227706204042,0,2726,Healthy
17056,30,34.29327950943424,0,0,174785,1.900811767073019,0,2406,Healthy
44800,89,32.7744308320883,48,20,467498,3.394436799758788,21,380,Critical
10290,20,33.01365520274994,11,3,96189,1.8343546736928096,5,2837,Healthy
21730,43,40.08888789811904,7,12,205074,2.278104452763826,0,2040,Healthy
35885,67,25.212999755089825,16,0,351712,2.828142287394813,16,1180,Degrading
45738,88,41.03453916274704,58,15,463728,3.3527123356121855,21,321,Critical
18279,39,26.639592368946936,0,1,192610,2.1246988301145597,4,2294,Healthy
15122,22,35.15019671551588,5,5,119089,2.1992946803830833,0,2761,Healthy
17580,35,41.96153478315526,2,0,177598,2.1043328513160526,0,2457,Healthy
18559,39,32.102707797362235,0,2,183394,2.409064727717263,1,2368,Healthy
30656,60,33.70993680597684,6,7,315704,2.2062150019930256,5,1352,Degrading
5295,13,32.202693781992885,0,0,50838,1.5473442168108094,0,3158,Healthy
2714,7,26.177680552572934,6,0,28826,1.2716844273998074,3,3463,Healthy
46330,89,40.92502360791481,62,20,443284,3.9135052878955103,30,351,Critical
34352,70,30.284390113535586,29,1,352054,3.388353034550008,0,1083,Degrading
12069,22,25.549541662575514,5,0,123621,1.9221108332423842,0,2810,Healthy
8169,16,13.53454035555449,0,0,93163,1.4421292647104604,3,2987,Healthy
42005,85,43.9574198477836,54,4,408135,3.378535614404284,7,568,Degrading
36363,73,37.12182010629565,6,17,358485,3.073268285188404,9,995,Degrading
45240,85,37.52892277941967,53,12,434716,3.337344024556597,16,445,Critical
7008,17,26.529218175296094,2,0,65220,1.4643517144247138,1,3110,Healthy
47499,92,39.27924635301215,97,14,472162,3.2513790774445073,33,196,Critical
8952,20,31.515494510448725,0,12,97533,1.226396526417442,4,2978,Healthy
33061,64,28.401797329528726,36,6,333364,3.0326955527983377,10,1301,Degrading
44560,91,35.979474040155885,53,14,464521,3.550774842244997,23,437,Critical
4443,10,31.327872413817573,10,0,65585,1.499107264059151,7,3190,Healthy
6104,8,29.881503497813544,5,0,66923,1.429866459271697,1,3169,Healthy
7123,13,27.172647429928872,8,0,50401,1.5076287830700172,0,3143,Healthy
44634,90,36.73207087912384,46,16,471532,3.112464311236228,18,327,Critical
39198,80,45.89671722570199,33,3,424894,3.2191091647614867,14,719,Degrading
44660,88,36.27142814506992,55,15,421125,3.1277405399629163,23,451,Critical
28995,59,39.03083263393846,11,4,298822,2.709365551343505,0,1478,Healthy
13767,32,27.51256465312823,0,3,139501,2.1566891143486124,3,2527,Healthy
16786,36,27.25885000105551,6,0,170214,1.995553715352605,3,2276,Healthy
13977,29,32.78913973750283,8,0,143957,2.0834217145463034,0,2540,Healthy
47694,98,29.27009339570195,93,11,457093,4.044378293192586,35,149,Critical
20698,43,32.558006483276245,5,1,211365,1.9026207409162579,0,2245,Healthy
23981,49,30.05776235052548,4,3,243382,2.4193372209903687,0,1942,Healthy
13686,31,26.03217900534891,6,0,155261,1.7047273583588682,0,2646,Healthy
9842,16,26.071239208308928,11,1,94462,1.6029275832679803,3,2911,Healthy
11235,21,38.67587146226871,6,0,110241,2.115848882680642,0,2804,Healthy
37542,74,42.43087798589347,23,2,370902,3.263599247351458,9,920,Degrading
26022,52,34.8763589525956,0,9,247433,2.4158073922495045,0,1807,Healthy
27078,52,33.14236820084497,21,2,271231,2.324341692954266,4,1810,Healthy
36406,69,46.604526448341346,0,5,331632,2.6184847918284957,11,1057,Degrading
19291,41,42.08379660331798,0,10,186083,2.054326508867738,8,2134,Healthy
28873,59,44.20234957704901,0,0,279331,2.6048292007512117,3,1525,Healthy
3977,8,30.403348795804906,0,0,38028,1.3630717442382398,0,3378,Healthy
17571,35,30.980639212657977,6,0,174006,2.2661798222058676,0,2433,Healthy
6768,15,27.737288263353044,0,0,82892,1.6396836085154125,0,3168,Healthy
38437,80,39.70812914781177,22,4,396808,3.3146809683989713,7,730,Degrading
7284,15,38.52973285162934,5,6,81553,1.5257166945790979,0,3105,Healthy
25624,49,41.56230296991967,2,0,249370,2.1561302043847252,0,1808,Healthy
43870,87,44.49695823005258,51,2,442785,3.710831607732468,18,415,Critical
13730,28,24.202102626525555,6,0,136583,2.052599305806124,0,2659,Healthy
24803,49,41.82865704104213,11,5,235537,2.1509931553977166,4,1867,Healthy
40369,80,38.16737621778512,27,0,394986,2.827202008405609,10,789,Degrading
28156,56,41.84639466459436,0,0,266447,2.8959775345692966,0,1605,Healthy
36591,68,47.109047026637754,11,11,319867,2.672313179913052,2,1178,Degrading
22534,46,23.185907476260937,17,4,229741,2.3598687602373185,4,2075,Healthy
1227,1,21.630729397744783,0,1,10990,1.4166051339452552,0,3506,Healthy
34056,72,38.33681111929241,22,19,365563,3.1893340235056917,4,1068,Degrading
19806,41,27.688371082142048,0,6,197162,2.0452631244838657,2,2197,Healthy
6865,13,25.08222484008523,16,0,74359,1.6441927466968278,2,3078,Healthy
44376,87,54.94255040382325,62,11,439577,3.2959130707404576,29,434,Critical
18859,38,34.95926925035425,0,0,204393,1.9685192380269105,0,2263,Healthy
0,0,33.587140485864545,0,5,12464,1.334717089347726,4,3561,Healthy
27858,56,30.628547605180323,0,0,304214,2.7568413264585723,6,1412,Degrading
31410,63,33.41833180053236,25,0,309778,2.4765869294314187,2,1345,Degrading
16926,35,32.89644869178115,6,6,151816,2.3671523092676816,0,2463,Healthy
25582,51,38.891964021944986,0,1,248655,2.4793266990645866,0,1856,Healthy
14491,33,40.68421903668448,4,5,162329,1.971125661638668,5,2547,Healthy
47965,95,41.06511908804263,73,13,486411,3.547915402477156,29,173,Critical
8665,17,23.290846105708113,0,4,66994,1.5721350573341784,0,3041,Healthy
13201,27,34.70158567534428,0,0,118812,1.87750905845597,1,2711,Healthy
12593,24,30.367323807339687,7,0,108077,1.8287789463879325,10,2804,Healthy
19607,40,31.85298443272231,0,7,190771,2.2046492923770846,0,2230,Healthy
33967,72,33.429724056056415,12,3,356752,2.3910596444632857,0,1035,Degrading
20079,36,28.7069372973277,3,1,180353,2.2470371402334135,0,2368,Healthy
19918,40,40.20057846471349,2,0,205536,2.516616656468105,1,2149,Healthy
27367,57,33.62491676257644,19,9,260658,2.598919015785441,0,1609,Healthy
11991,24,30.8303261276272,0,0,127422,2.0476608381463572,16,2771,Healthy
46978,91,39.5118452915136,76,7,433006,3.335124753832294,19,331,Critical
47242,88,44.78050012511716,58,2,473706,3.126251272237016,19,294,Critical
6196,7,28.022459871883854,11,3,44739,1.6052992299911,10,3302,Healthy
32424,64,35.43569582636318,25,0,292076,3.023361464465845,0,1385,Degrading
8712,21,35.53391502363899,0,5,105521,1.867445937037504,9,2934,Healthy
32593,62,36.78282425279243,0,2,323072,2.544480669782416,0,1304,Degrading
41462,82,31.398113180813077,34,16,420107,3.511956580250942,21,616,Degrading
5309,12,27.084087514574918,0,5,63394,1.5781924390225992,0,3194,Healthy
45491,90,34.59135320363215,53,10,434663,3.3431186906054235,30,312,Critical
12744,31,28.854311625677536,0,3,155849,1.723090313533304,0,2599,Healthy
22175,43,32.37951430429806,0,5,229074,2.516154449663729,9,1953,Healthy
14597,29,28.59151581148933,0,4,136498,1.8373573287579776,5,2555,Healthy
4568,11,31.827853709174967,0,0,39071,1.2488191831496673,0,3294,Healthy
25240,46,37.59758942402709,0,0,237602,2.797870975659124,0,1911,Healthy
49219,99,36.31256080827572,93,24,492802,3.839822900480863,40,93,Critical
4944,12,35.30837471582425,0,0,55728,1.6022740273984586,2,3148,Healthy
38909,78,40.10940774218123,28,12,391902,3.4388960084629487,9,827,Degrading
16416,34,38.52942379697406,4,0,159559,1.7898756987587734,2,2455,Healthy
28947,56,39.47224065350468,0,0,284119,2.8245735446974076,1,1562,Healthy
1576,0,27.84087602191413,0,0,0,1.1227291432331195,7,3682,Healthy
37887,75,31.27458564357269,19,10,368793,3.3190667397156064,1,831,Degrading
46935,91,40.57667156509161,72,14,454661,3.305664300141045,21,410,Critical
31459,61,36.02697813802196,14,4,315334,2.7060212881123626,8,1438,Degrading
2797,10,34.62945880311136,18,0,33524,1.716631048198558,0,3225,Healthy
36476,74,31.89435264697321,19,1,366710,3.1752421471461347,6,1040,Degrading
28851,59,43.8388195542716,21,6,307333,2.8384755411029565,0,1529,Healthy
40725,81,32.439431836204186,6,8,405576,3.1290147035338642,0,736,Degrading
24467,49,37.346933805369325,12,2,238041,2.673149766656819,5,1863,Healthy
38356,78,36.53268349088102,21,5,385940,3.5059785004035695,7,829,Degrading
28401,59,38.85764755968815,8,8,297172,2.9382413703748855,0,1529,Healthy
31597,65,34.32234890567558,11,0,304804,2.6960164889597427,0,1363,Degrading
12888,26,34.043709486423026,0,0,122197,1.6887147115554209,2,2696,Healthy
39068,80,43.94000198492407,47,8,395821,3.308063757259407,8,754,Degrading
19345,36,37.807292624847726,0,1,184245,1.8836735769073267,0,2229,Healthy
9559,18,22.40553518228699,0,0,96461,1.8144066391372848,1,2940,Healthy
36052,68,32.371094006778264,7,6,353862,2.8013059702603376,11,1056,Degrading
40680,85,46.84594732048701,36,11,401792,2.9937746449908773,13,603,Degrading
4487,11,33.17758778634846,7,1,57312,1.2792937496137837,0,3244,Healthy
44277,88,30.146680555603808,61,12,451380,3.220869008322631,22,396,Critical
45371,92,36.678871268401195,57,4,458417,3.9312417789494893,13,227,Critical
12992,26,33.39430745504193,0,3,132379,1.9478699871670575,2,2685,Healthy
12554,28,33.43077911277005,0,0,150966,1.8417259503423127,0,2573,Healthy
13573,26,30.150162601154097,2,0,131165,1.981932076212083,2,2708,Healthy
35476,68,33.734646601853306,9,3,340149,2.8090995305170403,5,1188,Degrading
48316,99,42.23279470371715,99,17,486227,3.857519309549594,37,110,Critical
33429,68,32.61871741013882,0,5,329513,2.7817616807964085,0,1278,Degrading
38876,78,39.101549284432735,22,9,393182,2.8348529078951454,9,776,Degrading
40752,82,40.54370215399366,28,10,405862,3.3023524406449587,7,704,Degrading
7040,14,29.09446297359816,4,0,80836,1.6511206620092727,0,3086,Healthy
14775,26,44.35027019646804,0,3,121994,1.683404738720851,0,2629,Healthy
43858,82,38.21992076205244,49,11,448445,3.3008698876485885,17,501,Critical
14119,26,39.097747880078394,0,2,149334,1.8294866421320939,0,2611,Healthy
47387,97,36.02477295401841,65,24,486334,3.7577830449714926,33,177,Critical
22526,46,40.202186446279285,7,6,248198,2.406433457291204,2,1904,Healthy
0,1,31.720433431493944,3,0,4635,1.3815612050465158,1,3643,Healthy
37224,72,35.49068278713122,13,0,381120,3.4098258397630627,12,864,Degrading
21839,40,37.041257331362715,3,1,210736,2.4895022147319263,4,2144,Healthy
3739,3,27.768655788614332,5,0,19619,1.3570208621888904,0,3522,Healthy
1835,1,29.8147181470918,0,13,15881,1.5319519288743946,5,3532,Healthy
46281,100,41.45160488151516,88,20,464175,3.689571512674546,30,119,Critical
16588,34,32.352141631187195,0,6,169533,1.797269392898582,13,2454,Healthy
34510,67,37.84997317170658,0,0,319453,2.8599641911193023,16,1275,Degrading
15286,30,37.066626438628354,0,0,185146,2.0518418030848116,5,2516,Healthy
20836,37,41.392833618973725,0,8,208905,2.6557053798885937,0,2183,Healthy
40052,82,34.57425468213075,37,5,399988,3.1522085062929532,20,710,Degrading
10116,16,34.42730384113008,3,1,108630,1.5984125885291272,0,2986,Healthy
25012,50,41.72702063953268,17,0,248835,2.741972072949802,2,1808,Healthy
15793,25,27.9841729667151,0,0,154470,1.8874528375774278,0,2531,Healthy
48160,96,36.727841875039104,89,19,484834,3.6003864529870975,28,203,Critical
30899,60,40.40473119303531,0,7,305441,2.3979708144778544,6,1501,Healthy
14940,31,32.904526810381,0,0,151563,1.7102989583121992,0,2553,Healthy
26695,52,34.76567706741012,16,8,245579,2.251883254317161,0,1767,Healthy
19683,40,33.80285652506916,3,3,203080,2.2796569098617248,6,2135,Healthy
10784,22,33.706730403304775,12,3,121097,1.5472680314300316,0,2817,Healthy
16596,33,35.15255654939956,7,0,167619,2.0528620574128293,1,2350,Healthy
21376,41,35.505214580785065,2,10,213652,2.3793178846953102,0,2048,Healthy
24839,52,30.61290369713516,1,4,244965,2.3673939043301515,7,1729,Healthy
20158,39,35.18954425353227,0,11,197202,1.9680487299880771,8,2293,Healthy
21767,41,35.00367252530265,0,0,198477,2.231375070032971,0,2180,Healthy
22484,49,36.8223633142281,0,3,241261,2.192052039846164,9,1959,Healthy
39789,83,33.35025144004304,37,2,404417,3.043393546548029,15,749,Degrading
37425,71,37.57588262732074,13,11,351272,3.0458723255417905,12,1100,Degrading
11688,24,38.227127475166114,5,0,129836,1.930988166851549,2,2717,Healthy
20876,39,35.98923502767576,0,3,219922,2.2234530735197913,1,2120,Healthy
24560,50,37.38439329524874,17,10,239974,2.436131450412945,1,1789,Healthy
9601,19,29.366446271331544,1,7,107761,2.05409049504543,0,2982,Healthy
24245,47,26.17375669144674,5,0,239404,2.6524123379477356,0,1894,Healthy
15608,31,30.26522777554767,9,0,137988,1.7781617182376206,0,2539,Healthy
15203,31,31.65465635943149,7,0,154738,2.0732780550563157,1,2491,Healthy
35761,73,41.234450049216626,24,7,384879,3.338142153538197,0,906,Degrading
2238,3,29.849150544248857,0,2,7372,1.3067711282604337,0,3549,Healthy
32157,66,46.723295324568525,25,4,340855,2.8861632374751003,6,1267,Degrading
43944,90,38.06431184303879,66,13,440772,3.2680644499688536,23,326,Critical
21932,45,31.069373534918657,0,0,233535,2.6533878881004767,2,1974,Healthy
40249,79,32.0425274515448,22,8,402440,3.079878687691085,15,704,Degrading
43475,88,41.02135614697694,33,7,432938,3.342771421384162,14,464,Critical
39225,76,34.73731215437603,21,5,383036,3.0972779156309462,10,891,Degrading
25342,52,35.88790103649605,1,4,281581,2.2752416913878606,8,1700,Healthy
8370,20,37.67581028964106,7,1,94101,1.6206417825863404,0,2900,Healthy
43938,89,42.405106645598124,48,2,443132,3.584252541342352,23,417,Critical
20816,37,33.517465501726306,0,0,193411,2.1996348020968584,0,2189,Healthy
8960,19,40.7758488977569,0,0,104343,1.7628764137779704,2,2967,Healthy
31633,63,29.859335121696663,31,0,308532,2.9441052019427274,0,1301,Degrading
6843,14,26.799155050227405,0,0,58617,1.4678346553523873,0,3256,Healthy
48107,98,40.607343375538775,107,22,482468,3.5293824804252734,45,28,Critical
41494,87,35.89691990893146,19,1,408194,3.226174128287071,22,527,Degrading
13817,23,30.979565461036994,0,0,118966,1.687877770034978,3,2766,Healthy
17268,34,30.839595278688385,11,2,171242,2.1690895271898865,5,2341,Healthy
37012,72,26.48568311547045,13,0,342068,3.4475032071704366,5,920,Degrading
37719,68,41.6007110971175,23,7,372855,2.806361022549064,4,903,Degrading
45541,93,34.60123609755452,48,11,459379,3.585400621988621,22,373,Critical
24772,51,33.52835325974233,0,0,267232,2.510129685740522,0,1886,Healthy
9800,24,28.138208830735252,1,0,119978,1.9153529819506812,0,2798,Healthy
287,0,31.964989956974993,23,0,13345,1.389528330351252,5,3582,Healthy
46936,90,29.69657210901061,62,15,454599,3.2019286210821356,31,252,Critical
25459,51,38.12234717349919,0,0,244122,2.411418174896031,3,1785,Healthy
34080,70,40.2557811024453,22,1,354582,3.1544994847711716,4,1102,Degrading
13563,28,33.36474075309889,0,0,137523,2.093801067853592,3,2651,Healthy
12967,25,34.600190912946225,8,0,144445,2.139616924751716,0,2669,Healthy
32998,63,34.276335086484245,10,0,317620,2.608185948082988,7,1226,Degrading
1641,3,29.317339944504326,0,0,22447,1.3136843902682647,0,3463,Healthy
26049,51,30.481092300740272,3,0,259027,2.2917177794187364,2,1692,Healthy
37814,78,37.31020539689944,29,0,361123,2.7741965305460328,21,852,Degrading
2899,8,33.514466207341194,2,3,36466,1.3626974700310466,0,3462,Healthy
6464,9,33.21646698616174,0,0,63372,1.51380990876849,3,3273,Healthy
11060,19,35.778579768386074,0,0,99443,1.8570354151132913,2,2832,Healthy
47311,97,42.58941650821674,77,8,471981,3.39360354993321,36,161,Critical
11877,23,34.15689056661691,8,6,121049,1.6610789885189825,0,2793,Healthy
13303,25,25.270887274016367,4,0,134138,2.386451223788952,2,2720,Healthy
5693,13,34.66859722191817,9,6,73503,1.8324388473078044,0,3091,Healthy
34495,70,43.07307954735952,12,9,343481,3.0923052210228725,20,1228,Degrading
46407,89,37.51317998016725,57,8,473741,3.575035162340304,27,317,Critical
223,6,27.201899038668678,6,0,4034,1.252520881869372,13,3572,Healthy
45727,93,36.02395902173304,72,18,438605,3.367165341705828,29,269,Critical
34415,65,45.619195735881625,9,0,315911,2.817567547879722,6,1257,Degrading
20539,39,38.704041350099914,0,9,208480,2.6507148631517037,4,2179,Healthy
9105,19,19.67267507183152,11,4,91539,1.7417208095600214,0,2918,Healthy
18802,40,39.09964033622046,1,5,208682,2.133219816288491,6,2190,Healthy
9413,16,32.36236812216344,0,2,82261,1.689514940366181,6,2948,Healthy
25008,46,35.63382433177718,0,5,248238,2.6699064353708835,3,1855,Healthy
19162,37,40.73351542382459,6,0,200983,2.261418148806591,4,2246,Healthy
37978,70,41.01435096923931,30,7,373130,3.21046875067048,0,945,Degrading
6203,12,36.971883971774744,0,4,74262,1.206249977576421,0,3086,Healthy
37698,78,37.652930297296955,19,1,404370,3.0393683988177282,3,788,Degrading
13509,28,34.05766066243025,1,0,125219,1.9578873325896753,1,2725,Healthy
26595,52,34.03764757472886,3,0,259209,2.817033510509766,4,1830,Healthy
5727,10,30.79401842961837,0,3,40991,1.5975986021401098,0,3217,Healthy
31989,64,35.12330263921249,1,0,310593,2.3948495359375097,4,1274,Degrading
14342,27,33.314443752625074,0,9,139778,1.8556405487044665,0,2673,Healthy
12927,30,16.811580700105598,0,0,135112,1.757409959162546,4,2551,Healthy
17296,34,36.261675322215936,1,0,159631,2.2540882840867136,0,2357,Healthy
16621,32,32.732029233191035,0,0,187115,1.9442867020187353,0,2404,Healthy
25469,53,32.55440222057757,10,6,269786,2.201195365542743,0,1828,Healthy
44003,90,27.39392962410116,40,12,437711,3.3198557856821473,28,463,Critical
14328,27,30.85771535075167,0,0,140589,2.2059316524317762,0,2686,Healthy
0,0,34.034621954052916,0,0,0,1.204543109009411,3,3632,Healthy
30626,66,39.13305509791591,13,2,330867,2.9594432923428786,2,1384,Degrading
17620,37,37.05933785052761,8,0,178407,2.1732744739381404,9,2393,Healthy
49555,97,49.13815215846958,77,20,478512,3.1912211802272945,26,172,Critical
34454,70,27.480822303722228,13,4,344373,3.329065237710924,4,1145,Degrading
10021,20,27.881379096226645,0,7,93390,1.7222914274011478,0,2964,Healthy
10699,18,22.855245347886715,0,1,81284,1.7062662210851034,6,2993,Healthy
525,4,31.504343956216083,0,0,25838,1.131285245230162,0,3533,Healthy
6712,14,30.92793297708252,0,0,76725,1.948130288528853,0,3065,Healthy
26746,55,32.75050699332476,20,3,261383,2.2276515560218164,0,1680,Healthy
19103,37,39.172411795840496,4,0,190065,2.2148669273388455,0,2284,Healthy
16095,34,38.19261021768132,19,0,174138,2.126828625560706,2,2441,Healthy
44783,89,41.516576698425176,43,7,449665,3.3514171391672214,21,325,Critical
31824,63,39.94982131636283,2,3,324160,2.69164969624324,10,1409,Degrading
11634,22,30.951196759664047,3,0,143724,1.5016263148869005,0,2830,Healthy
43855,88,42.25320287070952,45,7,449949,3.3962966103923944,19,478,Critical
15901,26,35.247573910903334,0,1,149966,1.9475766178759322,0,2586,Healthy
17732,34,39.47360407000171,0,4,159150,2.039593503646009,0,2316,Healthy
17422,35,24.92100663955314,17,4,188156,2.2580679436231668,10,2440,Healthy
17245,31,34.980844500170384,3,0,177486,2.176198111333876,0,2296,Healthy
3757,3,30.83383705096802,0,0,46251,1.3318657586994846,5,3302,Healthy
29063,59,36.11767507525723,0,0,302167,2.6519262267921184,0,1473,Healthy
33129,69,30.60227065531096,6,10,348683,2.924980599647713,2,1182,Degrading
27854,53,45.34685135955391,1,4,279652,2.489304753860731,0,1581,Healthy
22808,48,31.758740323654486,7,0,227648,2.1952188585022796,0,1972,Healthy
48813,99,32.33578355040424,96,11,484670,3.3770529470066584,35,61,Critical
28192,59,33.21598692342025,5,0,284045,2.8553971763808628,0,1557,Healthy
25647,48,37.30502233214381,1,9,257313,2.7328407445837377,4,1770,Healthy
41353,85,44.76213275666265,26,3,411710,3.2110873990649718,19,637,Degrading
43589,89,44.443716084175996,53,7,431923,3.521773468486862,17,395,Critical
45519,90,37.07599459558191,65,4,436808,3.289601005239821,28,331,Critical
47936,94,40.27380835490466,76,12,468185,3.6652685494353108,24,180,Critical
18643,33,23.959890289259192,0,0,161690,1.872847378462071,8,2455,Healthy
30667,63,47.96423714617836,0,4,317837,2.887356060786228,8,1435,Healthy
30886,62,33.92853118827966,26,0,303176,2.723051612256527,1,1377,Degrading
3598,2,33.109788664158984,2,0,40226,1.1694455938358552,6,3463,Healthy
3300,2,31.343499025907985,1,3,47171,1.0989644542404844,2,3431,Healthy
21790,37,30.455725443306417,0,3,186008,2.3401246361007355,0,2247,Healthy
25607,45,31.41464822609607,18,9,252577,2.179963750659455,0,1782,Healthy
27131,57,29.497746278688105,15,11,266662,2.532704999222571,0,1709,Healthy
20670,41,33.7561823539692,16,0,198960,2.0682260524266134,2,2062,Healthy
1769,4,34.79587589433327,0,2,12877,0.9155704343899296,2,3574,Healthy
27483,52,35.70699045155064,17,0,262554,2.466839527594817,4,1651,Healthy
19096,38,31.645532196664675,5,3,197506,2.092169047458535,0,2320,Healthy
2653,9,25.270456642800557,0,0,22495,1.6533228064660033,0,3393,Healthy
5098,9,32.58458416751778,0,1,53965,1.6017709463381418,3,3237,Healthy
6803,17,32.946727378138185,2,5,58305,1.9752855508549165,0,3162,Healthy
744,9,25.69856560863291,5,1,29523,1.264226850595769,0,3479,Healthy
16845,37,34.475370428230626,0,0,201307,2.168672423916283,0,2289,Healthy
3595,7,39.721319676837396,0,0,23202,1.624424826642914,9,3430,Healthy
7844,17,36.97494577615011,0,0,77206,1.3855444567822857,2,3071,Healthy
26620,56,33.76011405022197,6,0,283072,2.057821630766208,0,1697,Healthy
12323,30,34.01871796950026,0,0,141094,2.1066235128929303,3,2649,Healthy
27415,53,40.03533117301332,22,5,254300,2.7475946600790357,0,1723,Healthy
37402,71,42.759134850776185,30,0,369496,3.237489121430216,5,1016,Degrading
21696,46,35.17580125286589,0,5,216798,2.4077452383949045,0,1982,Healthy
8127,22,37.6641819994631,0,2,101886,2.081481598559539,0,2996,Healthy
16079,31,29.45915936157057,0,0,146389,1.7387858109816352,5,2527,Healthy
32571,68,29.924043902868213,12,8,335134,2.8422700404796113,16,1144,Degrading
47976,100,31.98685022280963,89,17,499792,3.754528870082766,42,97,Critical
37922,73,36.75440454308478,26,0,343935,2.9297740354303947,6,970,Degrading
26672,55,38.67331329657547,0,0,278531,2.5792429816655265,4,1686,Healthy
36931,76,40.66559961215875,4,10,375202,2.937402567643095,8,881,Degrading
13654,25,33.87057971634308,6,1,118080,1.9371457405744978,4,2736,Healthy
39322,80,39.03328049890687,13,9,400652,2.8193356351430032,10,737,Degrading
8093,18,37.181750107503646,0,5,94660,2.1325011362505486,8,3051,Healthy
12777,23,38.43175782782338,1,0,128687,2.0131706120240915,1,2729,Healthy
48456,99,35.860441682193525,93,11,491209,3.2733074194103784,38,57,Critical
20416,40,37.00936075793631,0,3,189366,2.1018693136341797,0,2143,Healthy
12976,30,33.66994465562724,2,0,147498,1.7190287289928057,0,2554,Healthy
34253,64,32.58585276940587,4,0,348218,2.7805218945512427,8,1159,Degrading
24545,48,34.638132842491935,2,7,257560,2.5514494190092387,0,1825,Healthy
0,0,30.03572123734756,0,0,2346,1.539930768004513,5,3592,Healthy
20264,39,34.54751261383345,9,0,225673,2.1665804834230697,3,2104,Healthy
28104,58,28.320192915267526,10,5,282766,2.3494595079359324,4,1610,Healthy
2829,2,29.66732229391153,0,0,30510,1.3570306915582924,4,3500,Healthy
21452,37,37.21248556032685,19,0,192118,2.1690295652599594,0,2147,Healthy
38598,75,31.2264438846502,7,0,389684,2.748909139176796,16,879,Degrading
24596,45,33.855076556966665,9,2,237914,2.5891055163792474,0,1886,Healthy
43850,86,38.01260648417652,34,5,432089,3.556675135985144,20,523,Critical
32936,62,40.07425956227848,11,0,334885,2.6114843358448216,1,1275,Degrading
1340,8,30.062856947180787,5,0,23086,1.3259689790293405,3,3457,Healthy
5523,7,35.943028236239364,0,6,44256,1.2746815757888261,0,3252,Healthy
39430,83,40.99438071189443,43,1,414605,3.076653557067898,0,720,Degrading
47267,89,39.04296219115675,56,8,462158,3.4224663252221017,25,295,Critical
49976,100,46.763580838105014,106,17,502330,4.040974019636612,45,17,Critical
9074,15,29.618250604389978,16,0,75973,1.568646688963129,0,3068,Healthy
23772,43,32.16015131811623,12,0,205874,2.371385054780922,5,1989,Healthy
8735,14,31.33844712552054,1,1,64195,1.6077947486147222,2,3053,Healthy
31181,60,40.44837645469804,5,0,297650,2.2613592061655234,2,1416,Degrading
41738,82,33.74591680215214,46,11,402188,3.3560640994431563,13,648,Degrading
40406,84,32.34792889325275,36,1,417892,3.2187353049604965,12,603,Degrading
36402,71,45.77591977390332,14,7,345191,2.934837760879597,6,1146,Degrading
2546,6,23.07453488987771,7,3,38937,1.151205490714646,0,3502,Healthy
15911,29,28.092341855448176,0,0,153417,1.9040352881972402,0,2521,Healthy
25947,52,40.323677970604194,9,3,244019,2.1865761839154123,5,1797,Healthy
42993,90,46.86391814177975,48,7,453181,3.6477326359901268,16,423,Critical
22992,41,34.57342579252237,3,0,216656,2.1130212702900226,4,2145,Healthy
44755,89,43.05641459250141,48,2,453240,3.5161279682268862,33,352,Critical
22977,48,35.77227525520118,23,0,266360,2.5631288471635933,3,1895,Healthy
45638,86,33.364824764156786,35,12,438533,3.1770874567903666,19,505,Critical
40223,79,35.23759174057862,33,7,389351,3.450231466000372,13,764,Degrading
41599,82,30.87568824149213,14,3,413574,3.140418894170644,16,644,Degrading
4362,11,35.546826656754405,1,0,63877,1.1142166427442213,0,3192,Healthy
42557,82,47.29587408571821,30,8,419167,3.4201622972901773,16,524,Critical
25925,51,42.56634502102857,0,0,253426,2.4664955353591433,5,1835,Healthy
11981,28,36.741373653761855,0,2,146120,1.75522441676475,6,2674,Healthy
12109,24,38.68125391517658,6,9,132186,1.9201552727745026,0,2704,Healthy
43935,82,39.801361162159225,31,13,430091,3.268352408741174,13,476,Critical
46251,97,37.01198998844876,67,20,467314,3.4722865068685436,32,206,Critical
6399,7,32.02008558570317,0,0,54084,1.5569442471722619,0,3295,Healthy
5104,6,30.651693688637117,7,6,40353,1.457271188773872,6,3330,Healthy
35332,72,34.733301051262565,0,0,358231,3.2879983222330282,2,1022,Degrading
49585,97,53.68154214036123,112,19,507851,3.5359109475157053,39,66,Critical
10998,20,31.069009628559062,0,1,131087,1.678362860936297,6,2784,Healthy
35612,66,33.59863651857845,8,2,317525,2.7589140506577934,2,1210,Degrading
49530,97,38.94431081651592,85,12,473869,3.5265668974071818,30,85,Critical
14520,29,37.57189141762196,11,1,156527,1.8378986939060231,0,2527,Healthy
3846,12,37.302039883142555,0,0,54544,1.4651212186071834,0,3253,Healthy
33132,67,43.49564419310833,15,3,347055,3.04939523421125,7,1147,Degrading
44066,88,39.96989738864768,46,2,407701,3.0840049581661138,14,682,Degrading
37910,69,35.15901673455898,22,0,383313,2.6894921920266426,11,1035,Degrading
51098,98,42.660516195739,102,29,486838,3.814481090026965,42,0,Critical
27858,56,41.07472194860779,9,0,267334,2.708953819971039,11,1615,Healthy
34562,68,38.743187428590424,23,9,345735,3.0312058187886093,6,1238,Degrading
0,3,32.68149735950301,0,0,11940,1.6841101943887624,2,3447,Healthy
47831,96,45.38854389982041,91,11,482304,3.9098199650087992,34,135,Critical
9063,21,28.78213073943347,14,0,69018,1.5538569439174033,1,2932,Healthy
12261,22,26.625528593511298,0,1,119485,1.7900712818762206,6,2770,Healthy
22516,42,25.23814644115791,6,0,217991,2.2645732143952433,0,2172,Healthy
19166,37,34.766920053761744,0,12,186872,1.9546549479299409,0,2302,Healthy
9268,18,28.91690006040867,0,0,102237,1.6719170271601214,0,2959,Healthy
36590,70,37.77014446022688,5,6,361398,2.6019089583984125,2,1054,Degrading
21384,38,38.42888942131378,10,2,194594,2.654255438978898,1,2216,Healthy
50379,100,32.34723136664228,106,15,504236,3.632349912357968,47,0,Critical
23609,45,40.158330256019546,11,8,226127,2.2036918518130633,0,1941,Healthy
35028,71,35.82437797630454,3,3,361368,3.160217797399125,20,1067,Degrading
24013,47,36.87688556729697,10,2,261720,2.3271813779716335,5,1836,Healthy
19329,41,30.68747238387135,0,0,196283,1.9967949138490617,0,2182,Healthy
21569,42,36.28006744855611,0,0,209118,2.48294405056154,7,2060,Healthy
12297,25,30.15604016626588,0,6,128790,1.6004822148168736,0,2667,Healthy
19002,42,35.42123417276537,19,0,184030,2.3970247647004017,0,2163,Healthy
3067,8,27.10154481060694,9,0,38459,1.3622335170078812,0,3436,Healthy
26383,47,24.38549037701232,0,0,274590,2.484194641449629,2,1736,Healthy
34015,61,35.11529676143887,28,7,325972,2.8783439051088555,9,1261,Degrading
45390,89,32.397643022552494,58,17,460299,3.212719034188828,17,261,Critical
4589,9,35.23046888589096,10,3,62674,1.3597252192546945,0,3240,Healthy
8956,16,35.714543598735126,9,2,88842,1.5138238280847185,1,2989,Healthy
28607,54,33.02778678539771,11,0,272935,2.6047445836103065,2,1682,Healthy
36600,73,33.05934678759391,10,8,363108,2.7400208542671094,12,1038,Degrading
21427,44,26.614805304040328,0,0,236512,2.4567076242954564,6,2022,Healthy
28300,59,44.56530874121498,13,2,295826,2.1379857575369154,0,1509,Healthy
23115,48,25.302514281054016,15,5,232583,2.365544204249146,3,1950,Healthy
5874,4,26.407491881730365,6,0,55295,1.052592790930987,0,3356,Healthy
9190,15,28.237556700331695,0,1,77875,1.5924792807827803,0,3109,Healthy
37886,74,33.51319009681944,20,0,376811,3.0326290035571772,13,892,Degrading
38940,75,39.03632617739972,37,4,381182,3.1279887347046897,8,915,Degrading
33904,70,35.78443945751215,31,2,338531,2.9840181457277373,8,1120,Degrading
3354,4,34.733619440607626,1,5,13141,1.2149935795196405,0,3463,Healthy
39736,79,33.57837632375684,22,6,406016,3.041002646563127,9,729,Degrading
47081,92,39.22075333549324,76,5,459490,3.421648612421561,31,282,Critical
14425,24,30.80951512182642,9,0,118121,1.6740734677941824,0,2755,Healthy
44816,83,40.34763081311791,50,9,440482,3.4040692056650577,23,455,Critical
44078,91,38.56033385296552,65,8,450270,3.432852895971157,23,378,Critical
21492,36,29.54728964525266,0,0,195181,2.392670600722709,3,2216,Healthy
30018,52,38.59949087108001,15,0,269947,2.6823490456894103,11,1560,Healthy
13196,29,32.09541663737341,0,0,155788,2.099618079693938,6,2578,Healthy
44178,91,48.63698514678481,52,8,444556,3.5017460184177795,22,404,Critical
13243,23,30.19579723122649,0,0,146854,1.4692448937080484,1,2739,Healthy
23003,48,27.97288457548118,2,0,241271,2.235370343307787,0,1875,Healthy
36692,78,36.86701562685299,22,4,375384,2.9886335657764094,0,947,Degrading
45243,93,37.827222597703624,51,7,454013,3.3106416744647706,17,339,Critical
13249,26,31.07830539440535,0,4,152061,1.8590174409011464,3,2627,Healthy
7517,13,35.341338733734645,7,5,84504,1.798055712300809,2,3148,Healthy
32465,68,34.494033540850886,0,9,336056,2.5974569506288545,2,1242,Degrading
39326,77,42.23725406054347,30,0,368892,3.5772544600256273,5,890,Degrading
22099,43,37.43945777422414,0,4,221292,2.5365915596483197,0,2087,Healthy
11514,21,42.54912975842683,3,1,126649,1.6907543565290553,6,2747,Healthy
9256,15,28.05452306029871,0,9,66292,1.6146545166869382,0,2918,Healthy
45566,89,37.21823161461562,55,12,453957,3.4899783242390865,19,253,Critical
41636,82,38.763389786865424,20,3,409588,3.0193313224589917,9,631,Degrading
28130,56,39.63484751709868,0,0,280773,2.977602102689785,6,1615,Healthy
13583,26,35.27284409488721,3,0,131139,1.6637105223504876,0,2624,Healthy
13867,29,35.28157476915267,0,0,127267,1.9477620788611223,2,2669,Healthy
27055,51,36.69615885539919,0,0,259327,2.53060640381942,5,1692,Healthy
17014,32,31.56837113972652,0,2,166224,1.8370962778659923,3,2503,Healthy
14264,27,36.52843458172717,0,0,136037,1.463282258499624,13,2647,Healthy
31746,66,32.9278196333123,6,3,341531,2.9671305752423898,9,1255,Degrading
18149,40,34.052231520575205,0,0,188220,1.9855444649529703,0,2238,Healthy
12053,21,36.40411477140067,0,1,110069,1.896327186884014,0,2779,Healthy
40606,77,36.788045428312444,33,6,395220,3.3253980725763106,8,652,Degrading
36315,70,36.391600365330206,26,0,361607,2.766726556028063,6,1047,Degrading
22513,42,24.543177222642115,0,3,205589,2.495007915245171,0,2050,Healthy
22580,43,29.912206607481437,8,0,238968,2.4363991050522498,0,1935,Healthy
16549,35,25.99114214819048,0,1,163475,1.9256353150107355,0,2422,Healthy
21848,39,34.35580470917074,0,0,198179,2.024520114843768,0,2176,Healthy
24566,47,29.511382701518762,0,0,251400,2.8736474301380346,3,1809,Healthy
6355,12,32.8387977760089,0,0,55977,1.343065492164858,0,3173,Healthy
21368,39,37.31489121575762,0,0,214012,2.34803322305747,3,2093,Healthy
23237,42,39.19227599996953,0,0,212686,2.264347241603023,0,1995,Healthy
12825,23,30.619665386853825,9,0,118113,1.8560427374084394,5,2729,Healthy
7013,16,25.806788124733263,18,0,50546,1.662033284573287,0,3117,Healthy
2016,3,21.742129703635385,0,0,14454,1.5467905045538906,0,3537,Healthy
44042,89,38.03373999571473,42,5,413963,3.444340003498854,15,421,Critical
6558,9,31.516812940255235,0,4,57478,1.8295860907509376,3,3183,Healthy
49285,95,35.37462054247099,92,20,486440,3.5872024762356887,42,0,Critical
39594,79,44.67621876706262,19,0,395510,3.272839594420669,8,785,Degrading
40095,83,35.423758220381565,19,5,412108,3.214948801029884,13,756,Degrading
19955,39,40.22283375942126,19,0,172313,2.093830763388865,5,2271,Healthy
38835,78,35.41060877585446,30,2,392758,3.1236697198916223,0,814,Degrading
17783,37,31.81305056635314,21,0,179268,1.7387264392805624,8,2323,Healthy
18021,40,34.0325782593503,0,5,201179,2.245372592400049,5,2164,Healthy
19507,40,19.91662212009049,0,0,191938,2.430389644829055,5,2237,Healthy
37703,74,31.193602554192733,21,13,391179,3.2118119144191932,5,858,Degrading
31619,58,36.02452851875085,8,0,296780,2.5458118125691107,0,1405,Degrading
31136,56,31.57883866764828,0,1,299426,2.6200716308735243,5,1436,Degrading
16891,32,29.990032656063097,0,5,178728,1.7902693574635455,0,2346,Healthy
28190,59,30.155178238120197,11,15,318768,2.8709329456294017,0,1452,Degrading
3196,7,34.68232455796154,10,0,35848,1.3495723604872814,3,3426,Healthy
40116,84,36.71005543482416,43,4,410226,3.285617135287838,21,696,Degrading
13169,24,32.52246530759687,0,1,139935,1.6287161485049901,8,2643,Healthy
20977,40,36.0996299062565,1,0,228879,2.2015041354362714,0,2095,Healthy
21836,43,35.743105353671126,0,2,205933,2.448499259737923,3,1970,Healthy
41675,87,36.36307944609164,25,7,435111,3.341894605559339,10,540,Degrading
30579,56,40.288272416511774,19,6,279292,2.856901050647132,3,1505,Healthy
31641,65,40.39363470904,2,3,338403,2.6900243090331397,7,1300,Degrading
40137,80,35.32644411247284,16,9,408497,3.535649613739271,8,652,Degrading
42315,85,37.150534486187325,17,14,438282,3.3428985338885524,10,503,Critical
49059,98,50.5780938344417,106,24,485409,3.7546931610154632,46,15,Critical
30638,65,30.966568300943123,0,0,338604,3.087692789602264,4,1299,Degrading
26733,50,37.50681362602262,0,8,268724,2.1677181576210023,0,1725,Healthy
0,0,28.47471004762335,7,5,0,1.300745618264482,6,3669,Healthy
0,0,24.777640568638027,6,0,0,1.1025413261662638,0,3645,Healthy
45298,92,29.96695750201789,61,9,480130,3.2363442995975995,24,314,Critical
30208,60,38.554795051392794,10,4,328905,2.3229375193592126,0,1297,Degrading
30048,63,36.24097320234828,11,0,282472,2.7593846174026306,12,1488,Healthy
45655,92,37.82807918866315,44,14,453882,3.3905410779341043,18,369,Critical
41402,81,42.621477024966154,36,1,420294,3.296378625717896,19,691,Degrading
45939,91,34.991878708082076,80,11,453044,3.4589849209974486,29,416,Critical
37087,68,33.6015822919076,12,0,360323,2.7471438420295238,2,998,Degrading
19723,45,31.10011719553933,0,0,212403,2.3774031658371544,0,2099,Healthy
1054,4,38.34227641869447,0,0,38986,1.2717941360420584,3,3480,Healthy
13629,26,32.102005576994905,0,1,125805,2.0327027460410627,1,2698,Healthy
7465,15,30.208078851216662,15,0,79613,1.772711028316338,8,3078,Healthy
30435,62,42.44576805160893,0,11,310883,2.9019124499268956,0,1345,Degrading
19604,37,31.7332169080809,8,0,193343,2.129650855130604,5,2176,Healthy
42617,89,36.782447565569726,56,4,448846,3.6273178824079038,23,359,Critical
52132,99,43.25127670497072,126,22,491711,3.6419517205325644,37,0,Critical
24473,43,32.18535771063463,0,0,218360,2.577739099309218,0,1870,Healthy
42596,89,38.67741366129604,45,12,426245,3.254812119671478,18,460,Critical
25135,53,36.55198233939399,0,11,258036,2.77722174794716,0,1784,Healthy
2714,2,35.2574038738658,4,0,8659,1.2659606136314971,0,3592,Healthy
37362,75,29.69212993183848,32,0,378436,3.367596751717858,11,882,Degrading
0,3,29.323600944413208,0,0,0,1.3056700199271536,3,3571,Healthy
13840,30,26.89592738817447,10,0,144595,2.2207076463909017,0,2582,Healthy
29604,57,36.253749428562216,0,0,301472,2.896674283623882,1,1555,Healthy
16683,32,37.39865261942523,0,4,173606,1.7936031127831085,0,2479,Healthy
46010,88,37.635978911389344,61,10,476033,3.5612842030398086,20,252,Critical
47050,91,36.12219659910561,91,11,466312,3.444135784790991,21,228,Critical
19313,39,27.289536111925788,5,0,207323,2.073879545290867,2,2211,Healthy
20318,36,30.781338701629604,12,0,197782,2.0316538368814907,5,2293,Healthy
39454,82,47.20738133565965,35,5,410417,3.5645625797860943,8,683,Degrading
22859,45,34.04775209126999,5,0,207827,2.2790439730430836,7,2068,Healthy
31681,65,38.920282159568835,5,6,339320,2.9789835095556074,3,1290,Degrading
25878,52,36.605599043004524,13,6,248843,2.1361658290423216,0,1784,Healthy
10237,22,18.278039599963613,0,3,98607,1.8157069557572387,0,2883,Healthy
12706,26,32.327991367704406,0,0,129400,1.6245560123244907,0,2626,Healthy
12400,20,28.01023504783268,0,0,103868,1.5574678166706466,9,2869,Healthy
14871,32,36.664605220158364,0,0,150593,2.049729574559273,0,2520,Healthy
17342,34,26.821668462518268,0,0,157222,1.89451297689777,0,2376,Healthy
30364,59,35.171213192093646,16,0,303855,2.8518901599353343,4,1400,Degrading
27857,56,35.45540955051739,0,0,307174,2.4608038469660096,0,1468,Healthy
15392,34,35.57968865961868,0,0,159727,2.1453442156206726,6,2404,Healthy
42678,82,36.42968150106114,31,5,426537,3.3347145657045587,19,443,Critical
22282,43,27.72423337938657,0,0,233205,2.084810710770032,0,1984,Healthy
46633,89,40.81759201633478,61,18,470939,3.7785024544643027,22,310,Critical
46152,94,39.89767008005463,69,16,477627,3.3638533489875773,26,182,Critical
19246,35,38.057618786501386,0,0,209332,2.058172230845873,4,2300,Healthy
1492,4,34.49256481103466,0,0,5506,1.247857299150546,0,3606,Healthy
44964,87,39.77168836705017,55,16,455465,3.681539953324759,17,349,Critical
41192,84,43.63586700249954,14,4,397254,2.621078611627354,15,547,Degrading
15051,29,27.404546851490473,0,0,158421,2.1528574907723073,0,2654,Healthy
49182,97,37.49114391724296,88,20,483174,3.692376752012562,39,80,Critical
12277,21,25.332947511992096,0,2,119199,1.9969758688624906,0,2771,Healthy
43683,88,39.13662754420129,46,12,443293,3.4958196384434683,25,460,Critical
37014,72,30.165090036360375,23,3,362801,3.303070692979582,10,1057,Degrading
2989,6,25.777048172712743,0,0,26367,1.3899347662651533,0,3437,Healthy
27898,59,34.933837766734136,0,6,281266,2.57278367253481,1,1590,Healthy
28641,56,37.105980880757,16,6,297906,2.6760620755442908,7,1588,Healthy
43527,85,40.51414638871203,64,10,446055,3.6050427705884363,21,536,Critical
20697,42,39.88061724324259,11,9,229712,2.158734285725409,1,2006,Healthy
24863,50,30.290193230057806,0,0,249113,2.340182887732177,7,1826,Healthy
5591,15,26.026872770150696,0,0,79296,1.3120815277846418,9,3180,Healthy
27440,52,34.015391673085446,0,5,269785,2.560609656671943,1,1636,Healthy
43764,88,47.09254856352551,75,13,429850,3.8929739533409493,12,424,Critical
44872,88,34.7853273822217,61,16,450030,3.0195663783127404,17,391,Critical
11688,20,37.1332624775804,0,0,118892,1.904174255311795,0,2776,Healthy
32275,64,29.252762266797287,10,0,312966,2.9484789306292853,0,1286,Degrading
43934,86,41.41099804629367,42,4,436046,3.5690426746224624,23,361,Critical
30912,65,42.51968156545319,10,1,310567,2.529679709829762,5,1337,Degrading
40347,84,38.45034960664476,38,0,423021,3.5981014699064224,15,686,Degrading
24494,48,36.19745567508987,0,8,227927,2.2682954663156427,0,1952,Healthy
25067,51,31.555707214262135,0,0,250090,2.5270273058154045,0,1760,Healthy
34822,68,36.04267061202784,7,4,349345,3.07651456620255,2,1003,Degrading
23170,47,30.647851716756858,0,0,228866,2.382481909526359,0,1969,Healthy
17669,32,30.044696777494412,6,0,174748,1.6355358860336602,3,2414,Healthy
1185,7,39.48483535741242,15,0,27114,0.8044099239058369,5,3498,Healthy
45778,96,32.20336851472706,78,20,490526,3.329244167378203,30,164,Critical
41482,79,46.060285112041434,36,8,418573,2.904763613273553,19,596,Degrading
12276,21,27.115096898661132,0,0,120342,1.4477707427941766,0,2692,Healthy
46075,89,35.32270899948241,57,5,438500,3.7444302891071493,22,301,Critical
8608,13,27.798769195159437,5,0,100187,1.860875783946969,0,3029,Healthy
27586,54,32.37387571051974,23,3,260691,2.624015083854753,1,1633,Healthy
6848,11,38.526702019674914,13,0,65756,1.474610630704663,0,3125,Healthy
11209,24,26.712892558587157,0,1,94710,1.5626067107105865,4,2890,Healthy
35932,72,31.077730239618013,21,7,364911,2.822562362168911,8,972,Degrading
34789,72,33.57246215206334,13,7,367905,2.40090797792622,4,1008,Degrading
18369,36,32.45458015523181,11,0,192318,1.62511169183677,0,2281,Healthy
24928,50,41.20217034262112,0,2,245797,2.521607943987223,6,1752,Healthy
18708,39,43.05119371184244,0,7,180515,2.2462013899404916,3,2274,Healthy
30036,59,33.863764253986055,0,0,284115,3.185853453474971,3,1618,Healthy
9296,17,34.46388366485493,0,6,104672,1.8840336350040074,0,2977,Healthy
13164,26,30.927091741138536,2,1,161709,1.8190259762988408,0,2593,Healthy
28830,60,36.38267682240962,16,0,295216,2.7101328420250823,0,1424,Healthy
42412,81,37.704679576716316,22,7,420999,2.7970239420548237,15,680,Degrading
21717,43,33.958452414591555,0,0,246637,1.9717034158139795,0,2080,Healthy
45305,94,42.61867338052685,62,17,442559,3.4487555691545686,24,320,Critical
13050,26,39.02124998873037,0,0,144882,1.740283418219067,0,2661,Healthy
19194,37,29.457261035134167,0,3,195613,1.9549193129698874,0,2215,Healthy
38117,77,33.85789780456156,39,2,380929,2.6506293699904573,3,790,Degrading
17872,39,27.76239935598801,3,0,189158,1.9901552284451534,0,2305,Healthy
47823,96,41.267394051039616,69,12,474498,3.6336683242347245,35,159,Critical
49978,99,46.9608368580802,108,19,519904,3.7400195544143062,43,0,Critical
26481,53,36.88567836657821,2,0,263242,2.850987761805719,3,1833,Healthy
12719,25,31.626365628996755,0,0,117929,1.823332920707183,3,2789,Healthy
29705,61,32.51781336908029,27,0,297499,2.826378529585296,17,1462,Degrading
14321,23,28.575033988751233,0,0,146594,2.2712438547497342,2,2627,Healthy
17208,34,39.144053023208556,23,0,204502,2.101908159137941,0,2328,Healthy
40939,76,41.023842659643634,44,7,379535,3.3513596312517673,8,776,Degrading
21112,45,39.215015396199334,3,0,227656,2.1532472942923055,3,2028,Healthy
46419,90,40.087861475638604,65,18,469102,3.9704517391048197,26,265,Critical
45968,91,38.602799258248965,70,9,473996,3.3835777763390738,31,300,Critical
41391,84,38.17042153446009,28,9,408109,3.4226432217818354,22,649,Degrading
21479,45,27.460758094970892,4,2,212736,2.2593416580670436,0,2063,Healthy
18098,37,38.35093488830552,0,9,177938,2.0510669497231833,0,2275,Healthy
11508,23,28.427859772668594,0,5,118200,1.7785919800160204,0,2834,Healthy
13899,29,39.568089947198274,8,0,160649,1.7338934111066633,0,2597,Healthy
26548,49,34.973820373501155,29,0,239820,2.464567429628622,10,1818,Healthy
33787,63,35.91394894188173,0,10,324771,2.5435813970516357,12,1267,Degrading
14626,28,31.130452312661795,9,7,163234,2.1498018948180064,9,2614,Healthy
1212,2,31.45596104867864,0,0,12891,1.3650745111801836,0,3651,Healthy
37011,74,35.05028531166014,0,6,377812,2.8654925162344833,11,927,Degrading
21473,41,27.589997519517265,4,9,218797,2.453100459359354,2,2029,Healthy
44023,89,39.85409925512038,53,8,459011,3.4463888163166096,26,268,Critical
2477,6,25.676015292272773,0,0,21256,1.393193545023789,0,3493,Healthy
22395,41,30.766588492512042,12,0,239104,2.436709925624405,6,1997,Healthy
14291,32,36.84231598456086,27,0,129007,1.578688769010539,0,2549,Healthy
42627,85,49.33137143960143,36,2,434444,3.3161200838624607,23,470,Critical
44086,81,37.41368320638754,41,18,423180,3.221681058936543,17,579,Degrading
21569,43,36.04740553917545,9,6,214046,2.0476189737436603,0,2176,Healthy
47319,93,39.42316581193889,68,22,448266,3.346895154840085,25,321,Critical
0,0,20.83258096850269,0,2,0,1.4861366381317989,0,3629,Healthy
30480,57,37.55794212995866,0,4,277752,2.811826684169166,0,1562,Healthy
10647,18,36.07488542052904,0,5,105819,1.4058500893223456,0,2946,Healthy
15732,31,24.3725349739493,6,6,153752,1.7702541926411575,0,2565,Healthy
29209,59,39.08936432204175,26,1,294122,2.467473232267743,0,1515,Healthy
12310,28,37.84611144534214,7,1,131992,1.5375863778170067,3,2700,Healthy
3980,10,35.31784760739251,4,3,49807,1.5400279737029425,9,3231,Healthy
45927,93,33.42929216422588,51,6,453433,3.557511487701998,35,298,Critical
20158,40,26.044451550051278,0,0,211324,2.0149367319354075,0,2187,Healthy
27070,54,32.2469452182652,0,0,265861,2.3823743534480473,0,1641,Healthy
18221,39,37.19135825054725,0,6,163357,2.0469846872256205,0,2378,Healthy
27581,53,38.09936738253676,2,2,272346,2.7178971774438856,4,1602,Healthy
18925,35,37.06028156189127,4,2,215552,2.2238106691410726,2,2157,Healthy
16478,33,36.19077151287153,15,0,156059,2.3820110510472494,2,2470,Healthy
30717,62,39.30045944736766,21,0,314905,2.522606312284029,1,1377,Degrading
15660,29,36.47039050548598,0,5,169703,2.1459858113310766,0,2501,Healthy
16331,29,24.212578999794594,24,0,145698,2.0866486753873965,0,2667,Healthy
22509,43,45.19174717075272,12,5,199991,2.553713162292008,4,2025,Healthy
29416,57,34.54114030247752,5,1,287580,2.698583915431872,10,1532,Healthy
3403,5,36.20508674632266,1,10,42625,1.5397917576574434,1,3393,Healthy
11666,22,32.286238442469724,10,2,113402,1.6533372690801553,8,2852,Healthy
27528,55,37.7380092410348,0,1,252483,2.3780157327955496,1,1618,Healthy
40078,80,35.2621797690323,37,8,403969,3.217350211517446,24,718,Degrading
12781,20,24.00432457956034,13,0,107245,1.794620707445617,0,2779,Healthy
27229,61,43.83857267018162,0,0,286214,2.9009286357251303,4,1551,Healthy
8844,21,30.10670412190903,12,0,83912,1.7302799594763132,3,2995,Healthy
1337,4,24.19825052474596,12,0,21704,1.3070154624700596,0,3549,Healthy
41757,81,42.192129391624945,32,15,400993,3.3861684936893615,27,583,Degrading
2939,5,29.640884304262084,0,0,42990,1.183019311683699,0,3444,Healthy
19318,38,32.812373230512236,0,0,203372,2.444645294325171,0,2258,Healthy
36786,72,36.69895154887993,7,15,341728,3.2648021607058855,11,1021,Degrading
42364,82,34.317638646782314,33,15,413461,3.1426378656784193,13,669,Degrading
45514,96,41.669579784999236,65,12,458040,3.576209155793617,29,385,Critical
45593,91,39.41327221636612,67,18,460669,3.4464139261590097,28,297,Critical
38752,79,35.58214600576738,0,0,392949,3.2312573478777824,8,761,Degrading
18245,32,38.05263290513119,0,0,159345,2.1815394937722226,3,2393,Healthy
37289,74,44.0052666619711,28,7,395700,2.89569943062181,12,819,Degrading
41429,83,39.85134312148445,32,5,406684,3.378694963908027,15,674,Degrading
38703,76,29.483274307948562,11,2,388522,3.1083750805647394,5,726,Degrading
709,1,34.00415110229262,13,6,9099,1.2008924241230339,2,3611,Healthy
8861,14,26.2229729813294,12,2,72506,1.4016309240496443,0,3046,Healthy
23290,48,39.90063087528826,7,1,232174,2.376288830058139,0,1932,Healthy
20937,44,38.662522539362385,4,1,198444,2.291167597652203,0,2030,Healthy
35388,68,36.33985102700457,15,2,346666,2.6644246919175245,10,1066,Degrading
47127,91,23.842660564902403,55,11,473903,3.484904663614442,22,328,Critical
40350,81,42.52561020694401,34,8,418215,3.2184622962094545,18,656,Degrading
28464,55,33.54947211064256,20,4,272629,2.9326965853557794,0,1642,Healthy
42781,86,40.37676576019016,48,3,440061,3.4796270535958063,16,535,Critical
5732,11,36.784286780856874,0,0,82646,1.724256983647731,2,3140,Healthy
38370,82,42.807323654406666,10,4,388911,3.0806151554370547,20,818,Degrading
44286,89,36.259959431097826,54,13,422708,3.3679184260149415,20,458,Critical
36405,74,41.104160550742414,36,7,358995,3.16541140488139,0,1069,Degrading
45850,92,37.111609305813055,68,8,465357,3.255698479324381,32,234,Critical
5163,11,32.95754042383414,0,0,60491,1.8595395973837854,9,3226,Healthy
25394,47,37.47751823119511,21,3,251678,2.4875785845154095,2,1831,Healthy
11633,19,23.823990897764137,1,3,109219,1.9643604660309477,0,2841,Healthy
4733,8,35.02360467205105,2,0,45745,1.4405375282856976,5,3278,Healthy
39395,77,41.45427126278214,26,1,361261,2.9332542970796105,12,901,Degrading
5867,10,26.45998993547842,0,0,55837,1.1696299434787203,0,3307,Healthy
6798,15,29.033152516266796,0,1,70029,1.7196300156865862,0,3138,Healthy
13440,27,32.424503404291734,0,0,132258,2.119553284447133,15,2721,Healthy
29875,64,27.33444926033276,8,0,302599,2.794446027828149,6,1413,Degrading
44925,92,28.8873541850699,51,14,463382,3.36637262963722,22,367,Critical
5665,12,37.7741506350695,20,0,57812,1.584288019047424,0,3157,Healthy
3550,10,20.317244747333636,28,0,40466,1.2109837520750735,1,3302,Healthy
17309,31,32.73353485172234,15,4,151215,1.6697992607981824,0,2433,Healthy
32783,64,38.497270374557964,20,0,317178,3.1240465170658047,1,1289,Degrading
24632,52,33.63509391539198,0,3,247596,2.3580157747178565,2,1776,Healthy
31780,60,39.263621439789056,0,6,298213,2.776627833647255,2,1438,Degrading
15600,27,34.607370077729456,0,0,150769,2.0658529188391475,11,2608,Healthy
37408,72,27.82299086414506,6,0,377992,3.080799582853963,4,923,Degrading
14210,27,25.24627046215773,10,6,131997,1.267689576849817,10,2601,Healthy
46971,97,30.910690470819212,101,8,468144,3.5073375117299226,30,162,Critical
33362,67,39.000071713846026,6,6,334114,2.7646377315136204,13,1178,Degrading
19761,41,42.246522370177374,16,3,197420,2.0764677244700316,4,2198,Healthy
19849,37,39.209148795047064,8,2,194231,2.123402858608475,11,2195,Healthy
3058,7,32.34135854776322,8,4,36131,1.6098585576362794,4,3414,Healthy
40774,80,41.40531505005376,40,0,420191,3.258657863516158,16,606,Degrading
16946,33,35.70182996027592,1,5,156586,1.9301228151043777,4,2507,Healthy
6877,17,19.44044168212769,0,7,78327,1.600059131567762,4,3089,Healthy
48030,96,32.77744910709525,88,18,478409,3.9990292488923944,41,123,Critical
13029,18,30.17699636996717,11,0,116694,1.8554208618368797,2,2792,Healthy
33647,69,33.12935753481451,11,0,338467,2.6780489801135974,1,1259,Degrading
14048,27,34.73803037395897,6,9,135151,2.0477768303224932,0,2676,Healthy
1117,4,32.60121964900486,0,6,24221,0.8469911418488305,0,3605,Healthy
10885,23,41.11448375009863,0,0,150178,1.9050520413895409,1,2688,Healthy
20535,39,34.939531463970496,0,2,189538,2.1669173862313746,2,2171,Healthy
37788,74,30.785966425595362,22,3,388427,3.248845180221064,1,849,Degrading
46298,96,42.34927501469803,54,9,483996,3.3066862915211814,17,258,Critical
6228,11,34.08246551393067,0,0,50669,1.6604966288621599,0,3322,Healthy
10733,20,36.16374969979738,0,0,112441,1.604292145856084,2,2861,Healthy
956,5,27.74764350995693,3,2,29160,0.9360146206148409,0,3367,Healthy
22237,44,34.44969776824013,0,0,225949,2.0292260167320886,6,2018,Healthy
16898,33,30.592849324237886,0,3,178880,2.184279934622396,2,2356,Healthy
29215,53,28.576169293158515,19,2,257606,2.470867919804918,8,1732,Healthy
48696,96,38.622057062349135,89,20,493796,3.4782370439926855,38,103,Critical
25375,49,31.599438563331006,11,0,254368,2.4681405865569164,3,1872,Healthy
42991,80,36.918524995613126,44,6,399999,2.9422151211947822,9,715,Degrading
2270,4,26.003421033066708,0,0,5153,1.3836951273879299,0,3407,Healthy
39364,78,32.30849110855069,30,14,389224,3.3546577734676055,10,740,Degrading
7425,12,35.67508793807785,12,0,64970,1.4790179873718476,3,3188,Healthy
45451,88,26.164491742448966,55,11,435129,3.632251520538567,25,396,Critical
50789,99,36.93447949515882,110,11,490345,3.9062744987540388,40,40,Critical
44385,84,31.817111230430022,34,9,414993,3.478067306837696,22,406,Critical
42308,85,43.91256654096754,29,15,422716,3.16145454823102,22,553,Critical
42572,84,43.15321107055158,27,10,410320,3.5220750115885955,20,528,Critical
10702,20,32.710557300042375,0,0,109615,1.719259993044248,2,2791,Healthy
24354,54,32.10592640390898,2,0,269132,2.014774141487179,0,1661,Healthy
11541,23,32.0857299000965,8,0,126080,1.9616157393655642,6,2779,Healthy
5368,12,31.84247583554793,15,2,69472,1.4591412120505904,0,3184,Healthy
33396,69,44.29359833041572,5,7,335404,3.3016497450012747,12,1199,Degrading
48397,96,37.51686210363786,106,13,491522,3.8377022679874386,43,133,Critical
44476,87,39.303432831512986,44,17,447995,3.3307989412900407,20,525,Critical
40354,78,38.88631086356701,21,3,386481,3.05144109837851,7,811,Degrading
12757,22,30.89781028997397,0,0,117097,1.7277377914873437,4,2784,Healthy
43670,85,45.365084137766985,31,6,425116,3.3752631657809355,15,477,Critical
28293,56,37.1236019628204,5,0,263427,2.3577172100185955,3,1616,Healthy
20750,45,35.0215783678516,6,11,240749,2.384158451820705,4,2005,Healthy
49554,100,42.64822981226319,94,13,484527,3.941775862609691,25,89,Critical
47379,96,39.378600554794694,88,20,482407,3.573548633094493,34,120,Critical
31385,63,41.2265323535268,5,2,323298,2.8475456914702684,2,1399,Degrading
11642,23,22.892373696812072,0,0,110305,1.6528745482471798,0,2835,Healthy
12537,24,28.824796496434658,4,0,124430,1.8372136289086933,6,2683,Healthy
4891,10,31.573929920254464,0,5,44406,1.4052269378744542,8,3344,Healthy
14682,26,27.77890560627025,0,0,152600,2.329124179293398,0,2617,Healthy
11596,21,28.23921526711306,0,2,129956,1.5945864179641136,0,2760,Healthy
7806,12,29.2847546362145,9,3,88152,1.3594901529685668,0,3099,Healthy
38641,77,36.269028146124484,27,0,400499,3.42158433418379,6,825,Degrading
28898,64,35.406418486828706,2,9,314807,2.729718360169498,9,1485,Degrading
36063,72,39.08224515346391,23,9,340746,3.2229499364054672,1,978,Degrading
10544,24,36.53487995254167,5,4,96711,1.8860625263527764,0,2875,Healthy
7762,21,31.483490891161022,7,13,113515,1.8780187540559474,0,3007,Healthy
13658,29,28.27711037706845,0,7,133022,1.956616662523991,0,2601,Healthy
14987,29,30.562489245024423,19,0,137907,2.0123897756531917,3,2481,Healthy
5495,9,26.717792739447578,9,3,51921,1.4854098686844694,0,3319,Healthy
31879,68,35.66698395914549,0,1,339843,2.965758084169578,11,1135,Degrading
41177,84,31.027760933300584,35,12,424543,3.7437836542255654,25,493,Critical
49329,99,37.63600484249358,90,19,514699,3.5166562574412694,38,17,Critical
2414,0,36.396251253899145,0,0,21093,1.470518049115765,8,3537,Healthy
35459,69,37.0484321492415,6,10,352782,2.9255193035913263,6,1066,Degrading
2793,4,24.96583645586483,0,0,20108,0.9212795426099711,8,3486,Healthy
19149,45,35.91982195154132,17,0,216621,2.0359002454261512,0,2064,Healthy
3461,5,33.10270169394848,0,1,47443,1.3547705673937493,0,3363,Healthy
26416,49,30.129188610963656,17,9,221260,2.2590488401783917,0,1841,Healthy
24140,44,36.408882003675174,19,1,218940,2.9288228783833308,9,1928,Healthy
36837,76,44.05646193677874,25,11,379909,3.0309199698993767,10,925,Degrading
12871,28,26.189885805736687,10,0,136260,1.8249463631247023,0,2606,Healthy
36224,73,43.01322124674442,11,14,372130,3.142905908860821,5,991,Degrading
11076,23,29.940238236410767,0,1,104050,1.7675455680044592,3,2869,Healthy
46334,93,39.12734140170218,62,13,465370,3.538556506659902,35,206,Critical
47173,100,36.27425605504361,78,19,470869,3.974727677234582,33,178,Critical
46366,88,42.52181250064502,47,11,436709,3.4999890017144564,11,401,Critical
21155,41,36.61714614736804,0,0,222192,2.475262681608301,4,2053,Healthy
36944,74,39.39289871067467,8,1,356703,2.793881668032871,8,967,Degrading
15164,30,36.045577893398004,0,4,154897,2.0456125896052795,0,2582,Healthy
20914,45,29.09295810886569,12,0,228161,2.129224569222955,4,1987,Healthy
10664,21,31.453437656473117,3,9,101685,1.781115139417874,4,2817,Healthy
25287,42,41.32148240168324,0,0,243027,2.3755292121753993,8,1986,Healthy
24131,48,41.43516214147826,16,0,239866,2.208144049756696,0,1937,Healthy
12996,27,39.105540012831796,25,1,126725,1.380145827114548,1,2686,Healthy
43847,87,35.905654209094095,51,9,448872,3.4817300675694587,6,370,Critical
42669,80,39.73818236317268,29,9,392903,3.507677555366435,14,637,Degrading
26658,53,41.730458068962726,0,1,271579,2.3963292528947147,0,1645,Healthy
41377,83,41.79372943454291,23,3,411563,3.1529856094283177,5,620,Degrading
14749,29,29.194115162742946,8,0,151889,2.0627411853574915,0,2580,Healthy
27153,51,37.811496954204216,0,3,263231,2.1899798863432824,4,1773,Healthy
19104,38,36.55496101455778,19,3,211238,2.064384594802626,0,2173,Healthy
8977,18,35.040851789916225,1,0,104287,1.797012533925915,0,2984,Healthy
16667,35,38.24560372624438,3,4,180909,2.158153827744138,6,2323,Healthy
28382,59,34.03089015399731,0,0,279655,2.663682357229722,0,1517,Healthy
8527,17,32.41682699663215,0,2,102242,1.7689278530818426,9,3039,Healthy
6856,15,31.431223663694386,0,0,82267,1.3965036994933053,2,3120,Healthy
16974,38,31.802531050232005,11,0,180793,2.1474878051559925,7,2323,Healthy
12637,23,26.525903461398507,0,10,100761,2.0522746385135857,0,2866,Healthy
20328,40,39.313285868779985,1,6,224043,2.1106811461571393,8,2082,Healthy
36407,72,39.3213103611252,24,6,351775,2.702175680190533,0,1018,Degrading
4576,11,24.321157257127577,10,4,59863,1.424089419344345,0,3252,Healthy
47729,94,46.52259533704207,68,15,463592,3.6331491234019895,33,202,Critical
43328,84,35.10144752427704,34,10,439187,3.2237127007455832,25,531,Critical
46763,98,34.89416337515254,65,18,470204,3.729503436329987,39,172,Critical
29340,55,34.73075768099351,11,0,275234,2.505858563971773,0,1489,Healthy
26103,59,26.72205340303979,0,0,251116,2.369613934045497,3,1672,Healthy
16041,31,32.68983666192585,24,1,144819,2.3299742399157215,2,2608,Healthy
23742,44,35.12345312406925,0,6,212655,2.3438630681350228,0,2012,Healthy
5386,8,28.802688178838135,0,0,41245,1.1222301806155404,0,3320,Healthy
25267,50,39.18509910984895,20,3,243435,2.301111195834295,2,1758,Healthy
20720,41,38.57334434083029,0,1,195074,2.054367064499381,8,2148,Healthy
10509,25,26.29536107192144,0,0,125844,1.9080234351026337,5,2736,Healthy
9723,22,30.808033655602255,9,0,95760,1.5415606723947701,0,3002,Healthy
39454,78,26.602226875080902,18,11,416904,3.3734273588445243,13,713,Degrading
31515,57,37.02144783074342,22,0,302800,2.8374733104171606,6,1396,Degrading
26142,54,34.348327257598584,7,5,262038,2.735653415538414,0,1711,Healthy
9599,21,34.91899506319773,0,4,111073,1.7719177268561999,4,2804,Healthy
44986,93,29.110880825902797,66,17,464444,3.6837582941983746,25,329,Critical
42082,77,41.553074623144724,23,11,412944,3.3803042189946195,16,730,Degrading
12100,22,34.265285968593965,11,0,112060,1.9786149755040634,3,2836,Healthy
3486,11,31.082373255421206,0,0,26966,1.4397420733025434,3,3323,Healthy
37642,74,43.15644513885492,18,6,367760,3.019210728873412,7,1017,Degrading
41387,81,43.300444496713254,31,10,414474,3.101727318774411,8,640,Degrading
9018,17,37.632776725855685,0,0,78405,1.3931242346976904,0,3034,Healthy
2863,3,36.53589323855399,5,0,7937,1.3409456723791982,0,3509,Healthy
18579,40,23.58001170964839,11,0,208251,2.1497979758105195,5,2129,Healthy
41064,81,40.17633913319501,14,11,408481,3.2461105870798788,14,700,Degrading
15707,31,35.897524760257326,9,10,150217,1.9346155646755456,3,2538,Healthy
42087,86,33.14372948717244,20,10,420418,3.282749780744222,4,603,Degrading
16634,33,35.60424235079909,0,0,145637,1.82273041408938,1,2594,Healthy
1059,3,28.984762159882603,11,0,18873,1.2896089930643486,0,3488,Healthy
35929,71,36.32263074199082,16,5,341355,3.014016735913605,9,1222,Degrading
6434,13,32.84925529678249,1,0,74917,1.454857388945267,0,3125,Healthy
32434,66,43.147130921635366,14,3,318027,3.2252755381446976,0,1200,Degrading
12220,24,30.34099330718475,0,0,127822,1.6550431987211036,4,2765,Healthy
29860,53,36.815387073275446,12,1,271595,2.0584576513680215,9,1673,Healthy
2599,6,29.9533252508426,0,0,14776,1.490452949170074,12,3541,Healthy
34717,72,38.197560577478114,17,0,355287,2.6671126821792916,13,1011,Degrading
14272,26,37.49361361643097,3,0,123420,2.0117223068272816,0,2700,Healthy
47844,90,40.636634733521774,72,8,466790,3.8898870577876115,32,245,Critical
29239,56,31.059406658281898,9,0,282612,2.4684802707833113,1,1495,Healthy
16354,37,39.87184106778731,0,0,177694,1.9531831149491425,0,2363,Healthy
5641,9,31.51270880690707,0,2,75494,1.4427756052683778,0,3127,Healthy
20173,47,44.57735377218709,1,9,214709,2.5098904887931317,5,2019,Healthy
37666,75,40.984327174496116,45,10,376100,3.185863456734773,15,918,Degrading
36693,78,45.50924529743622,23,0,355687,2.8486114447019926,16,933,Degrading
17614,30,33.72252124161134,15,0,173265,2.1733250211802817,0,2431,Healthy
42117,81,36.63464283028835,39,7,401552,3.3618777332860885,13,591,Degrading
43326,89,37.805099804877734,39,6,421520,3.341899776159333,18,374,Critical
36054,72,31.04779876826747,12,4,353819,3.0964493361509215,9,1053,Degrading
50824,100,39.763258134098,98,21,493282,3.82603161722814,45,8,Critical
41027,82,39.4939160832989,51,5,414977,3.1345599720377373,18,584,Degrading
14555,28,31.946011416357056,8,3,120510,1.8937201710322993,7,2675,Healthy
126,0,31.68830980843761,0,0,0,1.2949085112153145,6,3684,Healthy
2412,3,27.310632437280535,0,3,13964,1.219510219072234,0,3491,Healthy
18844,33,32.73609435779151,0,0,189153,2.012982725525738,12,2388,Healthy
47711,95,44.21504029878527,93,20,505078,3.3550932133549565,30,93,Critical
24557,45,36.4085244149504,0,0,224908,2.647046761242045,3,1955,Healthy
8906,20,34.031899507691634,8,1,100485,1.7162298948185755,0,2979,Healthy
21968,46,27.769961741710638,18,0,227660,2.6138159657192914,10,2077,Healthy
665,1,35.21162211384366,0,4,9952,1.029095966177518,3,3574,Healthy
19915,41,29.305269159802577,0,0,194729,2.186297564503974,0,2183,Healthy
25168,46,32.239188547320545,6,0,226463,2.4921704444042385,8,1836,Healthy
36868,74,38.13049509473788,38,2,384769,2.982934571402991,11,825,Degrading
5693,10,43.0435602741364,25,0,65341,1.2308968760932684,2,3260,Healthy
27906,57,30.978143374658035,0,2,298308,3.1467536319401126,1,1531,Healthy
2336,4,38.165599419863874,19,0,16079,1.3084689997056227,5,3477,Healthy
5769,11,31.373860864384433,1,0,58068,1.7205717399232854,9,3170,Healthy
25947,54,33.433752016529404,4,0,264055,2.5156698761770047,0,1741,Healthy
49070,100,47.384901950285254,105,19,483238,3.596187858959479,35,157,Critical
50180,97,38.717072588566154,85,16,486372,3.612469402781211,29,80,Critical
23586,45,38.43732101605672,0,0,231438,2.360821486443985,3,1946,Healthy
0,1,25.154560640080625,0,5,23324,1.3804554688754276,0,3637,Healthy
45194,90,38.06578489966217,63,5,456597,3.5459214895548445,30,427,Critical
27425,56,37.53555218419698,0,6,276425,2.5969584395167704,1,1630,Healthy
48017,99,27.352509075456396,98,18,500441,3.9604031230094057,40,6,Critical
37971,76,43.20670289828908,15,0,393004,3.3442104978517726,6,859,Degrading
59,3,31.490108538076363,15,0,4271,1.3522688399820497,0,3490,Healthy
7039,16,28.18748399582337,7,4,65621,1.4367823565788622,0,3095,Healthy
13458,24,33.520742623166726,0,1,119428,1.7926306874331015,8,2783,Healthy
4590,11,32.503236895600885,0,3,50075,1.2830574507847845,1,3287,Healthy
5045,8,35.67419594242553,0,0,56723,1.631580593869765,2,3277,Healthy
13689,26,23.86112313315412,0,0,143529,1.586612110737948,0,2705,Healthy
2058,6,32.2925224380075,0,0,16259,1.49102809496606,2,3569,Healthy
25720,50,34.69605165571557,2,0,268025,2.4180791164110014,3,1756,Healthy
28688,60,43.8230202780464,7,0,315706,2.8845623648671914,3,1434,Healthy
15014,34,26.5119201046095,0,4,148399,1.8570704370803979,0,2463,Healthy
27488,54,26.600136391927414,0,6,274842,2.6734246932547068,4,1633,Healthy
29048,61,40.74040997546644,8,5,293315,2.6429099531232474,11,1462,Healthy
12698,27,33.619031724992574,0,2,152697,2.028488430026671,0,2607,Healthy
0,0,23.785112061759087,0,2,17246,1.3850785497918308,6,3611,Healthy
288,1,36.29820321881605,0,0,9048,1.1922022292468357,7,3628,Healthy
10272,17,32.63932999831474,1,0,87748,2.017658997783974,2,2947,Healthy
46267,93,46.75644868800431,64,2,461476,3.554545951203444,17,338,Critical
10387,29,37.4627847436725,4,6,123664,1.955279473843942,0,2694,Healthy
40578,88,36.04231886354647,40,3,412402,3.3275691011025703,18,613,Degrading
20892,38,37.30028095928032,0,11,193161,1.9843516722170806,0,2277,Healthy
5908,16,24.645461874546406,0,2,85108,1.7081574788226235,2,3172,Healthy
43720,88,41.02249756900623,56,13,448531,3.504137725287066,23,422,Critical
16586,33,27.68076981315415,2,10,180544,1.8124123228859388,0,2440,Healthy
22723,48,27.275119883215506,0,1,228684,2.0251182342263987,0,1946,Healthy
21332,41,34.74706984403918,17,0,225471,2.806805919370766,0,2028,Healthy
13780,24,32.8337625710457,2,6,115084,1.9461651564405902,6,2803,Healthy
31427,63,40.98658117493326,8,1,287393,2.5920612569703025,13,1363,Degrading
31498,62,34.883765550630244,14,0,312112,3.0711581323358295,1,1350,Degrading
2830,9,36.56513524813937,2,0,47419,1.3207097104241687,4,3460,Healthy
3549,10,39.938702775661824,0,4,34018,1.0542603305651639,3,3445,Healthy
6379,13,34.08842449574165,3,0,62973,1.1893632700171999,9,3201,Healthy
24210,48,38.94650370437769,6,0,258775,2.447095284717846,0,1885,Healthy
20235,40,34.13397198440395,4,1,189576,2.063000508141401,12,2269,Healthy
20492,38,34.04206021255718,0,3,190331,1.8442663415129836,0,2200,Healthy
15985,35,35.63269535835907,0,0,175671,2.139342016783073,0,2448,Healthy
34224,62,35.82575186981963,14,0,323028,2.9674695829160767,5,1266,Degrading
11262,23,32.62437667901881,0,0,125618,2.03841889177745,4,2698,Healthy
17371,36,29.308885275715426,0,2,174341,2.0961506849611964,0,2343,Healthy
49770,100,45.37351326215027,132,15,511550,3.6689047493655664,40,70,Critical
41391,81,29.184362142051306,23,0,408274,2.9849523192054828,6,698,Degrading
28876,58,34.31860963772865,0,9,282724,3.0362834496927933,0,1571,Healthy
41820,81,39.19252601885707,14,4,397925,3.006845130120554,16,620,Degrading
38067,76,31.01632892594868,19,5,378754,3.00043151618054,14,828,Degrading
6982,13,34.404025380435314,1,6,60232,1.3100958163967542,0,3159,Healthy
13471,25,29.53967705602409,0,9,128354,2.020304228918326,7,2792,Healthy
12648,21,44.72397078326213,0,0,134734,1.7251439197424967,0,2698,Healthy
48571,95,37.281209704812326,73,20,501467,3.8911149170386583,36,147,Critical
47140,91,47.081189301768944,61,9,480759,3.4024429433596333,28,297,Critical
19644,38,25.757896581880857,2,0,196063,2.360881434608007,4,2135,Healthy
20403,39,28.580783688702745,0,7,195702,2.4034378574932296,2,2233,Healthy
1631,4,33.60527158361805,8,0,44734,1.6990554360999321,0,3435,Healthy
31765,62,38.47129221076469,17,0,318011,2.392192310991779,9,1358,Degrading
44475,95,35.28297945536585,55,14,453957,3.2450334955466786,31,287,Critical
4410,7,29.58527827079742,0,3,41644,1.1101608353435442,0,3421,Healthy
26532,53,33.65487482305008,9,0,266175,2.2087156880692596,6,1708,Healthy
33713,68,38.85224749217007,12,12,325764,3.049164821904384,10,1248,Degrading
19378,38,32.49728366386353,0,0,185780,2.0677124194287577,1,2264,Healthy
29600,56,32.14727026748724,2,9,299443,2.398865177369536,8,1489,Healthy
36152,71,39.18422491797916,11,0,342720,2.8802646911943617,6,1072,Degrading
9757,22,31.13521439334901,0,2,108846,1.7055005735501791,0,2834,Healthy
47477,92,43.13887552182423,68,10,480198,3.5800699650682204,30,230,Critical
20274,40,30.148873220022665,13,0,197428,2.1982569313411564,5,2138,Healthy
11543,19,30.322545644278698,0,0,76399,1.802526459972276,0,2903,Healthy
37656,74,31.385473383490183,27,9,390049,3.0139199382606705,4,950,Degrading
44399,87,42.58868387094404,56,14,429043,3.6249408715772797,20,318,Critical
6778,14,31.755940687625092,10,0,76519,1.818639474491747,3,3084,Healthy
22930,47,30.257874902397393,0,2,254801,2.8270257091982325,1,1902,Healthy
41749,84,37.464528915657446,19,5,395521,3.0479778868942806,22,608,Degrading
32131,63,32.68728085671092,11,0,333956,2.7814696208821132,10,1272,Degrading
26579,56,33.58567853021224,0,0,273230,2.6462328286218404,2,1642,Healthy
35072,72,33.2535761907419,26,0,372601,2.9684562722335093,0,1004,Degrading
4419,7,38.59259555585251,0,6,11660,1.5429293940189017,5,3450,Healthy
8519,20,26.421965280627045,12,1,92998,1.7449201110635149,0,2943,Healthy
8401,18,36.94910254626307,11,0,74402,1.375134833428793,5,2959,Healthy
30556,60,34.812231221333874,11,0,287291,2.710862060485235,4,1492,Healthy
16084,30,37.35491145719708,8,11,160792,1.975792743588753,2,2480,Healthy
27578,55,42.3262138057538,13,2,281022,2.4971710582475835,0,1715,Healthy
40031,81,40.829741959413155,29,5,420288,3.242588870161963,0,638,Degrading
6067,14,24.475622702893006,4,4,59795,1.3910663188419023,0,3204,Healthy
24448,53,30.636765733671893,12,9,270977,2.1929781247761113,4,1735,Healthy
0,3,30.21347233501754,10,4,7655,1.1460553455577245,1,3553,Healthy
41285,90,37.59744010832636,56,14,448120,3.2640902552731084,15,405,Critical
39662,74,34.28492547393781,20,0,389398,2.9702115669064715,11,817,Degrading
5829,13,34.916581344297754,2,0,69069,1.5666240185803906,0,3166,Healthy
28919,53,43.382715046430945,11,0,262308,2.6431440743984904,2,1677,Healthy
32883,70,39.77391873316425,17,0,353220,3.1464942366167032,0,1187,Degrading
47284,86,37.7192013735382,52,12,461319,3.6031726063195437,25,317,Critical
14418,26,36.86136840078998,2,0,124120,1.7920958032144325,0,2674,Healthy
36793,70,33.606146261722415,18,0,352117,3.052497508821842,15,1016,Degrading
4531,12,26.492974846190553,0,6,56660,1.7376863906913949,3,3251,Healthy
42847,86,42.508013417123614,45,5,415310,3.46886448792743,18,581,Degrading
16476,34,34.252088707780565,0,0,171341,2.251849000997294,0,2444,Healthy
1595,2,31.899111149344602,0,7,0,1.145636547947357,3,3591,Healthy
45323,93,31.852465327708785,63,14,450194,3.519374501681066,22,272,Critical
1358,2,29.756263784933303,0,2,21380,1.3315067571565105,2,3552,Healthy
36665,78,38.49951716358734,21,1,390901,3.0661219426995423,7,886,Degrading
27135,57,34.42723420700886,0,7,282433,2.5684635179888087,13,1580,Healthy
37495,77,33.04587916106295,22,11,402244,3.177489415109993,3,828,Degrading
22270,44,31.014076021317976,5,5,210572,2.542930774995972,8,2012,Healthy
21066,42,23.01339070656716,0,2,223192,2.0118149897382938,3,2130,Healthy
34623,64,41.27488993540611,3,2,325707,3.0191850924984323,2,1238,Degrading
33056,64,43.47756780968182,13,6,329417,2.927194813957359,0,1243,Degrading
38310,79,34.56788608840974,28,6,417634,3.0515720801680066,15,690,Degrading
5902,15,29.584564822665378,0,0,64069,1.5899344896936856,0,3179,Healthy
33220,68,31.388312137457874,14,6,357080,2.521819874206104,9,1103,Degrading
14941,29,38.63751191457481,0,1,139937,1.9293699479837434,0,2620,Healthy
7636,15,26.956062795849736,0,5,77837,1.7967852628477454,2,3180,Healthy
896,2,21.306203521627495,0,7,24369,1.2060152475646784,2,3393,Healthy
32098,67,42.644873703277085,1,1,319193,2.525127266404065,2,1397,Degrading
51311,95,43.16704432821473,103,18,487518,3.7479289779635905,34,13,Critical
44057,86,37.77158154898092,34,4,444534,2.934930917391272,17,525,Critical
25302,56,38.72316549731684,12,5,283380,2.8034861054127593,3,1670,Healthy
25188,53,39.4016059817083,0,10,266926,2.5644741140555967,0,1774,Healthy
28540,58,36.65921457349725,14,5,271692,2.5453650780777086,6,1478,Healthy
38206,75,43.80264695945971,5,0,363598,2.8290830694336546,9,890,Degrading
39829,78,43.25789661201213,20,4,398315,3.092890750709669,18,739,Degrading
25977,53,40.119926788420415,0,3,263595,2.786466838415487,0,1742,Healthy
3488,5,28.902229003196357,4,2,31637,1.2689427601580952,0,3436,Healthy
23289,44,35.54888663869208,2,0,247963,2.2322736953735998,6,1939,Healthy
16183,36,34.52870418996121,1,0,158424,2.1129758758986372,0,2488,Healthy
25692,54,35.42306860363395,0,0,248121,2.7034355773547096,12,1727,Healthy
17608,40,35.9779740155611,0,0,189788,2.2857917262051393,0,2196,Healthy
16672,30,33.7208797669821,3,7,153716,2.0638710442148738,0,2394,Healthy
36501,74,32.24953628350921,14,6,378234,2.80124093900849,4,978,Degrading
17110,37,28.87874253599658,5,8,171991,2.024356307023317,0,2288,Healthy
4354,8,31.696840199440363,0,0,45188,1.4897726888824858,0,3273,Healthy
16029,35,42.65560412483324,17,0,165090,1.6946879304896167,0,2311,Healthy
43254,88,33.993999268809134,23,6,416437,3.423439313177847,20,549,Critical
41501,75,39.492081919920544,19,16,367471,3.276535496799406,14,681,Degrading
22841,42,32.39186515125346,15,5,222779,2.4094046627173817,0,2083,Healthy
27281,51,34.378169246933425,6,2,257599,2.7375932068614937,0,1740,Healthy
40764,80,24.84676322740667,17,15,408481,2.8268027222594734,8,648,Degrading
5131,13,31.363978096951183,0,0,60242,1.2508113704230497,0,3236,Healthy
15651,26,34.00672839742478,0,0,134846,1.7225901407582052,4,2715,Healthy
40558,81,44.405761879187644,26,3,404741,3.280863911902511,15,654,Degrading
28469,59,37.90387764481201,11,0,293067,2.846071908899261,0,1569,Healthy
30826,66,42.230354747497216,0,8,323183,2.9596628527580475,6,1272,Degrading
2212,0,28.277115001874808,3,3,13588,1.1220423373478692,0,3523,Healthy
21021,38,40.41375524488297,0,11,209554,2.1209669821421597,0,2075,Healthy
21596,43,32.815077967641514,0,0,227168,2.2530647958383416,2,2071,Healthy
2797,7,31.886103984079885,30,0,20859,1.6885821889898394,0,3452,Healthy
43669,90,42.08723450351493,48,15,460368,3.385675695563954,20,379,Critical
16565,34,36.19585511353962,0,0,187859,1.9274028326915817,3,2355,Healthy
37768,69,40.57695254448063,18,9,359742,3.0279958800549207,0,1037,Degrading
42516,86,35.515761719350856,33,4,440736,3.6386108070143086,27,535,Critical
3595,11,32.90278678056921,0,5,44803,1.6296657586864034,0,3172,Healthy
11797,22,28.016367832095234,0,0,137558,1.8692549928075701,0,2685,Healthy
32094,59,36.543300141791654,0,1,325996,2.6187516020352466,0,1357,Degrading
22421,51,31.981068655059023,3,2,257042,2.3297161487380915,6,1737,Healthy
10792,17,35.17286453405907,0,5,87653,1.8519370569013573,0,2969,Healthy
1429,2,33.39477324528284,5,0,0,0.9860895627843445,0,3562,Healthy
16251,31,28.969077997712443,12,5,157859,2.162077587688054,0,2590,Healthy
22543,48,24.603663887252416,0,8,237630,2.3853451042121807,0,2031,Healthy
27078,56,22.76304023140684,11,1,272018,2.558138318416933,7,1709,Healthy
45559,88,38.354388914411246,46,13,458382,3.5102155035364007,30,352,Critical
30146,55,37.11626448415302,25,0,288229,2.757324443443593,1,1590,Healthy
46501,88,43.37910138656937,72,6,436186,3.5718297976315547,29,296,Critical
27445,59,33.51228870399679,8,0,270713,2.5063602599014527,0,1567,Healthy
33526,69,33.86693582309095,26,3,358811,3.058453983603166,1,1140,Degrading
32426,68,46.45460019361082,20,0,337985,3.187640886468772,0,1221,Degrading
27929,56,38.40369694300875,6,0,255832,2.368093380997853,0,1707,Healthy
10955,22,17.995887845291758,5,0,110059,1.6194583681931105,0,2801,Healthy
41649,81,36.24877516892552,34,4,402377,3.4596147692771666,4,669,Degrading
27981,59,45.76521235878699,10,7,292525,2.7423375446822336,0,1520,Healthy
1229,0,22.27692260492081,0,0,0,1.4130098704270933,1,3604,Healthy
3265,5,28.529493704008537,0,1,37306,1.1733540265986484,2,3429,Healthy
16991,33,28.75862136931362,0,2,163672,2.2051200377718736,0,2424,Healthy
39968,80,32.636901814412354,35,7,389111,3.267259297771406,15,700,Degrading
45306,92,39.33864406085005,72,1,450913,3.664554817005823,33,361,Critical
18334,34,40.819235409302934,12,3,169630,2.0758823826256223,5,2214,Healthy
23803,45,39.27394494900629,0,0,235189,2.59164507828892,0,1981,Healthy
18568,33,42.772940712469854,16,11,178358,2.02105000460085,0,2380,Healthy
23190,38,25.48483825266968,5,0,193642,2.677278192174398,1,2112,Healthy
2590,6,23.221804803650187,0,0,4702,1.327847309990589,3,3495,Healthy
1419,7,30.543761144199888,5,0,25833,1.39416410088268,5,3383,Healthy
6404,12,24.76131934174289,0,5,60916,1.2485733885687913,1,3202,Healthy
5633,11,28.286738787630433,0,0,46906,1.2660023162666434,0,3290,Healthy
33981,67,35.34459190850493,17,0,353235,2.671652006437274,7,1138,Degrading
47333,99,37.50630356733351,99,17,491768,3.6893007148968358,35,118,Critical
32096,68,39.239806358331336,14,2,327702,2.4584636623713783,0,1209,Degrading
29888,61,48.271145114102325,8,0,280974,2.5585259965060496,0,1490,Healthy
40178,78,42.78158191045376,24,7,388257,3.0439782246723386,12,845,Degrading
41646,82,34.52752204498191,31,4,394884,3.0388627404579025,15,563,Degrading
44209,82,29.19156733777771,50,0,423198,3.4780121180919794,26,579,Degrading
15682,30,23.389733551661777,0,1,161883,1.8535076773478463,0,2469,Healthy
32996,67,30.614528879849658,14,4,329942,2.9200539481355796,6,1204,Degrading
7647,18,28.775371172096413,0,1,94446,1.7672519276720087,0,2900,Healthy
13063,24,28.992958223853286,0,3,113965,2.182065789281254,1,2700,Healthy
1357,5,25.679193179848617,10,0,0,1.0719636334309657,0,3575,Healthy
16537,30,45.19911247102462,0,11,160636,1.5740132766412431,0,2541,Healthy
3668,6,34.470337256198334,0,0,26905,1.4614596020610882,5,3340,Healthy
40380,77,32.285481871799625,21,1,377680,3.3684302637767454,13,788,Degrading
1341,0,31.91093165268538,5,8,0,1.487759339057912,0,3614,Healthy
8876,22,37.73345099522836,0,0,112786,1.8942705615200666,0,2913,Healthy
21446,45,33.059801767518394,5,0,226373,1.8960524522512865,5,2063,Healthy
11198,26,31.704895318833316,0,7,132868,1.5938649711947013,2,2739,Healthy
30019,56,37.178692357417475,2,2,275088,2.273537588073122,6,1611,Healthy
3366,3,34.79167440428852,3,0,35793,1.560536954245031,2,3420,Healthy
41186,79,41.963968492233604,23,8,385995,3.0737050771736225,21,757,Degrading
18714,35,35.902654692529254,13,0,156898,2.301534576807705,0,2410,Healthy
30845,61,34.973159953564696,20,5,311377,2.445447912594904,0,1410,Degrading
17681,37,40.42997878715538,8,0,172474,2.170963733231,7,2371,Healthy
40379,82,36.24199575133614,48,2,419276,2.916014364780049,18,532,Degrading
39580,73,34.77557902555398,10,12,380784,3.089711407095621,2,917,Degrading
22914,42,31.491379707886267,0,1,211220,2.2088060505758422,9,2141,Healthy
13665,27,33.18034569658074,0,1,135839,1.5003552453090763,1,2655,Healthy
32710,67,31.877767614758596,15,1,320286,3.266728982108515,2,1251,Degrading
39456,78,38.33294327195606,30,11,393287,3.0472891734330063,22,789,Degrading
40982,76,45.37364320944573,48,5,395360,2.723181922984044,6,736,Degrading
30540,62,35.085279376593576,5,3,309815,2.709944771631253,0,1460,Degrading
11308,16,33.70810807656406,0,2,87225,1.735261340008534,0,2876,Healthy
41417,86,32.72477350770424,45,12,430944,3.5218615956110217,17,520,Critical
38923,74,39.24651998459679,17,2,384427,2.834986203595728,11,869,Degrading
13845,24,40.03221247361904,10,1,148989,1.942488577639904,1,2621,Healthy
47431,90,41.367652642592645,58,17,461241,3.698064841762462,30,269,Critical
43884,85,34.636306133369544,42,5,436393,3.209273534807847,18,457,Critical
27788,56,30.904478147068662,9,0,237291,2.3777990936587283,0,1812,Healthy
5611,9,27.479624459784592,8,6,61206,1.546986562416461,0,3266,Healthy
28089,53,32.075629990304435,7,1,271962,2.8135662270178505,0,1634,Healthy
30903,66,32.680725497101974,11,3,313632,2.712241230547114,4,1345,Degrading
43744,87,36.59966412004634,41,11,422785,3.21780407037185,17,494,Critical
977,3,29.72675061545886,13,0,0,1.3288295351144037,8,3591,Healthy
13384,23,38.84123657056023,10,0,124915,2.4796381305303825,0,2689,Healthy
20170,35,28.185037330442377,0,10,206713,2.0217063878380874,9,2221,Healthy
42732,84,38.9779117928191,37,7,419353,3.1840371573573636,18,612,Degrading
21807,43,42.779345051216936,4,11,227946,2.261010776236872,1,2050,Healthy
6251,11,30.583492948385523,0,0,69290,1.283654868018382,0,3252,Healthy
40374,84,40.499119822932194,45,9,400531,3.2534062493035334,14,527,Degrading
29214,60,35.21587378272637,0,0,307519,2.862946281719702,8,1413,Degrading
48873,97,33.387787218739426,102,14,486460,3.6608934990655766,38,0,Critical
41601,82,32.035647409379536,20,5,410938,3.131187121326576,10,646,Degrading
44572,90,38.52356645926943,54,12,454372,3.7165067715467672,26,380,Critical
21262,41,37.06975630983643,6,1,196895,1.947243151591137,0,2193,Healthy
46061,96,35.625766716204254,87,13,480234,3.5061635021136244,30,134,Critical
18501,38,38.57231810360665,0,0,166243,2.2603734535418014,0,2285,Healthy
26659,55,35.80298729962075,11,5,260624,2.703375388552877,3,1695,Healthy
6725,9,44.219336385598325,0,10,65620,1.498961740684429,4,3132,Healthy
6470,10,27.94530612995489,0,0,73952,1.7083828570329422,0,3198,Healthy
22519,43,36.62856119651977,2,0,221437,2.548642225901984,0,2024,Healthy
4630,10,23.357088964058647,1,6,55651,1.697552493764548,0,3303,Healthy
43216,86,36.746305084226904,45,0,441423,2.8623327978729782,27,369,Critical
40941,78,39.00134575367659,38,12,418826,3.06615763724712,14,621,Degrading
47076,98,49.53590498674745,85,21,485020,3.4114413583254635,33,97,Critical
19820,37,31.31689677630947,19,0,188501,2.1796579013312276,0,2209,Healthy
12487,20,28.749333489857424,11,0,94927,1.6618915332740836,9,2854,Healthy
1590,4,23.15762188404308,0,0,10324,1.0912945101510394,0,3545,Healthy
31180,58,32.69001659687216,0,0,293412,2.2128607044251694,0,1483,Healthy
3561,9,30.14489739951707,0,2,39146,1.3166747184132823,6,3387,Healthy
19148,42,32.473345013868595,8,11,222176,1.9215252731437817,6,2176,Healthy
45055,89,38.03903010106672,41,17,448269,3.4232015087488894,25,362,Critical
9429,19,25.95442279237267,2,0,85686,1.6336095263203965,0,2995,Healthy
41832,84,31.11842191520075,28,4,442858,3.6234670900471095,18,519,Critical
9737,15,32.16090253235456,8,0,94347,1.6362309203203436,5,2969,Healthy
11043,21,17.118796900351974,22,0,107994,2.1116216364285094,0,2749,Healthy
2478,5,35.82571733489651,0,2,42709,1.8551785554919944,0,3360,Healthy
34934,74,36.721111518434334,0,10,366898,2.9285333586884517,0,989,Degrading
45828,94,39.36368384358334,90,20,468932,3.5440367643993107,24,239,Critical
1417,1,31.9395990438963,0,0,14242,1.0376407985668568,1,3599,Healthy
50727,96,36.792144656294624,103,22,499518,3.0743504300014464,46,8,Critical
35112,64,29.753978600853717,11,3,341720,2.7687104232646087,16,1209,Degrading
21025,48,43.48814574024266,0,6,228939,2.220287964240281,0,1939,Healthy
33222,65,25.532303403816726,11,0,352692,2.865701568662247,9,1254,Degrading
7931,14,36.28130148339466,31,0,78680,1.6509315363547186,0,3085,Healthy
24778,46,30.256234080223948,4,1,259537,2.547561025515417,0,1757,Healthy
34406,69,40.82818521653647,21,6,353754,2.8279458636814807,12,1158,Degrading
32467,64,44.90015273040653,3,4,338298,2.9423527575381883,4,1335,Degrading
19158,36,28.308972117723062,0,4,185120,1.9634952511945967,0,2228,Healthy
37495,76,37.79992826942763,2,4,388073,3.523908976969754,10,848,Degrading
29668,63,29.02826705687137,19,0,324110,3.0115004137477013,0,1385,Degrading
36138,71,35.404706005182064,15,0,341644,2.822694768573912,18,1082,Degrading
31154,61,34.18715051673919,13,4,324886,2.790155686653505,10,1333,Degrading
47327,93,40.249704157402185,69,8,456232,3.591631592680897,22,235,Critical
47306,99,45.99422152673186,111,16,504738,3.9152667976132958,44,58,Critical
41256,81,41.85885584823484,30,5,401706,3.423362864530107,12,633,Degrading
15176,33,38.272468080646746,0,4,139547,2.0949125424918114,0,2443,Healthy
17812,30,41.24432289239143,0,0,161422,1.8425527835420727,0,2468,Healthy
34225,65,41.9777018246282,13,4,342403,2.633997569080061,7,1199,Degrading
5436,8,38.0169531194931,0,4,55753,1.7706088932442818,7,3144,Healthy
9777,18,39.68299546639038,1,0,67897,1.454758328424083,0,2989,Healthy
14886,30,32.20825001969528,8,0,182447,2.1336077890733427,0,2502,Healthy
34470,65,42.52128398141216,2,5,344577,3.177456387645403,5,1205,Degrading
44767,90,24.13471812529973,43,16,465194,3.4779360646741084,38,279,Critical
28281,51,32.07443993547643,16,0,267993,2.856430645176287,3,1735,Healthy
14531,26,32.77435429043708,0,9,132298,1.933130286846138,7,2547,Healthy
31605,58,30.889940003677545,16,0,307012,2.6845221413936566,5,1411,Degrading
0,1,35.59844554573677,0,0,17576,1.4341365562473425,3,3513,Healthy
49008,100,39.1969958046979,110,18,510604,3.7377368723697106,43,49,Critical
13044,24,35.436451344442794,11,2,127716,1.9041766968314033,0,2669,Healthy
9201,15,35.40355511730064,17,0,67968,1.7782824429584,6,3091,Healthy
40244,79,35.63628681027107,15,6,382930,3.318313923850753,2,780,Degrading
4837,7,25.11150821085766,0,4,48091,1.4763843021794842,4,3348,Healthy
10412,19,27.584636192104654,0,5,119328,1.6123708239085826,4,2835,Healthy
45762,91,39.72019546825267,69,16,481319,3.3094369892008038,28,241,Critical
14137,29,28.761987419998565,5,0,140150,2.062020932914012,0,2644,Healthy
32699,67,37.11356162517726,0,7,330290,2.8262902603177626,1,1377,Degrading
43565,86,39.064960611818314,28,6,420447,3.3768944847995748,7,572,Degrading
48457,99,45.697325785102386,72,20,491553,3.7305035982446473,30,168,Critical
31498,61,31.987369265176564,16,6,306029,2.5195554369157716,4,1370,Degrading
44667,94,37.16164043326542,58,8,431959,3.4053274447780577,20,448,Critical
27274,53,31.958422795124385,7,0,266864,2.4059972036501307,0,1664,Healthy
10866,23,30.436923462823383,0,4,108837,1.624332154765792,0,2869,Healthy
36086,67,37.94821154952381,6,11,355174,2.891634905352723,4,1092,Degrading
4040,5,34.738175695850984,0,4,30760,1.5458484730871458,0,3349,Healthy
0,1,30.87879635781772,12,0,8447,1.2110926841734475,0,3591,Healthy
32583,60,28.12015935847719,27,6,317441,2.9302469073670867,0,1347,Degrading
31909,61,33.628193709313074,22,0,305893,2.8708488829890553,14,1288,Degrading
50198,98,37.3545596835874,97,22,462579,3.7186969777536425,40,134,Critical
24404,47,36.67985397205925,23,2,231804,2.1590078627341818,4,1801,Healthy
20928,42,36.64990550869706,8,0,217934,2.067392337117338,7,2099,Healthy
11239,21,35.02997794892896,0,0,104311,1.9518762652669177,0,2844,Healthy
26026,52,36.636683448179,18,7,262502,2.6473574210157222,4,1795,Healthy
30140,56,37.067803032245905,16,0,303630,2.818347856715307,11,1454,Healthy
2898,7,27.074000379332983,0,0,31678,1.2525577253711506,0,3361,Healthy
26114,55,33.71741178133434,8,3,245504,2.4660416386182216,10,1700,Healthy
27971,54,46.8135663375479,0,0,262638,2.031220533949977,9,1717,Healthy
4781,7,28.415097938469025,0,1,44080,1.3574911103742964,11,3282,Healthy
37300,78,39.43208693392055,22,4,397850,2.9091695684925982,9,781,Degrading
5939,9,30.90866105462691,0,0,38577,1.5186281136952653,11,3263,Healthy
209,1,26.58227327983054,22,0,0,1.0240010737839291,0,3661,Healthy
41480,80,39.666779270849176,27,0,408789,3.097727952445722,5,711,Degrading
42819,86,39.42986848414777,41,9,431778,3.069726427175325,19,470,Critical
40582,81,38.594672894764855,25,6,429253,2.834898908067758,12,726,Degrading
29095,57,45.15591455702247,10,0,278823,2.855575613323447,0,1483,Healthy
0,0,30.44712173641684,0,3,10227,1.296815987511874,1,3590,Healthy
40876,87,31.849314527638732,26,6,432975,3.6503678595358813,8,503,Critical
47786,96,35.5419026917488,68,19,477924,3.4618353533709407,17,257,Critical
2122,6,26.14786525005461,4,2,27560,1.7275470030099813,0,3560,Healthy
45561,88,40.54684524130847,38,5,451970,3.605915903711276,14,431,Critical
5564,8,38.050568738787874,0,4,47928,1.181954727589888,0,3312,Healthy
34773,71,35.9007983870149,9,1,322757,3.1419648221440504,5,1220,Degrading
24173,48,31.842236209030645,0,6,236796,2.4636967435935575,0,1926,Healthy
16674,33,25.509611655502543,9,0,175694,2.2341779321639446,0,2423,Healthy
49026,96,45.60499263855615,94,15,507797,3.897069163042313,39,63,Critical
35789,73,28.75041795055217,24,11,370158,3.304966636386422,3,1007,Degrading
42542,85,34.00459377709174,22,5,430415,3.3641406381483216,21,536,Critical
33202,69,23.48764925407199,13,3,332357,3.04058943122605,1,1202,Degrading
19089,34,31.157196400845706,10,2,187909,2.4644645872553252,0,2339,Healthy
23658,44,35.29564785170188,6,1,219836,2.33679024597097,4,2058,Healthy
17388,34,36.831525999655696,0,0,156483,2.1781150658216593,0,2432,Healthy
5346,12,32.50558761472024,9,5,65742,1.2965334156455641,13,3182,Healthy
48158,95,40.289175565339015,101,19,457476,3.4763101817652498,20,185,Critical
21907,37,33.99996598941929,0,0,174409,2.1628232529288614,3,2233,Healthy
5524,8,30.542548105797287,0,0,50474,1.5473830395778423,0,3289,Healthy
11297,23,24.43496192546983,18,0,133966,1.778030498679752,0,2821,Healthy
9982,17,28.369937761825263,19,2,99743,1.597559879655573,6,2963,Healthy
37944,69,30.526678715980577,13,5,367699,3.1950394480176363,1,1018,Degrading
32999,65,34.52525608702816,18,8,328329,2.893879270242834,5,1308,Degrading
38245,75,39.5109655069916,30,1,378096,2.9615387456927755,7,836,Degrading
15775,31,31.92654336005136,0,0,149865,2.091017039423581,5,2501,Healthy
2608,2,33.25881506460477,0,0,21714,1.4046947055765915,8,3494,Healthy
40997,80,38.82577337129218,36,11,409842,3.386900246608979,10,632,Degrading
45468,88,39.63985418869738,49,7,444898,3.3058391437587806,17,423,Critical
42931,83,34.799525053516206,51,13,408045,3.3582357327729935,16,640,Degrading
28033,52,35.58774156120374,12,6,270247,2.5779187274208293,0,1602,Healthy
44515,89,37.51979707635822,50,8,423201,3.7279196216265835,28,521,Critical
36065,73,29.72217541745056,14,0,369932,3.12107668525303,7,942,Degrading
16179,25,27.276749772760244,0,0,148892,1.5813167279996505,4,2574,Healthy
42321,87,42.48545674480265,62,13,426877,3.0086123350546425,10,485,Critical
39214,75,35.6022543145752,16,0,393244,3.2457390726010478,13,836,Degrading
8185,17,33.96365414516202,0,0,90070,2.0726465245712054,9,3028,Healthy
33436,68,35.51322136719844,16,12,352544,3.2067368453789564,13,1125,Degrading
18624,39,38.37937645910033,9,1,173637,2.484546448837649,0,2352,Healthy
24749,54,32.75502779675138,6,3,270528,2.281793466161523,0,1751,Healthy
1125,0,29.23247859885258,0,5,5894,1.5544171430626088,0,3499,Healthy
32591,69,46.00351816362347,33,2,308746,2.866464190718068,11,1144,Degrading
40222,84,41.29421674832117,20,0,416149,3.405221894961341,17,726,Degrading
28675,60,36.04196524868209,10,2,299764,2.697252715968272,0,1487,Healthy
3208,3,30.016031903750868,0,5,24401,1.4534236187481127,2,3460,Healthy
49677,100,42.92126922245056,116,21,508915,3.385620833052181,44,0,Critical
30176,56,33.01470949108723,5,3,294010,2.7317045225832906,6,1533,Healthy
19453,37,33.903667183184254,9,8,176977,2.5080793441715215,0,2329,Healthy
13114,24,32.84133683760069,0,1,124648,2.0359220619537206,2,2706,Healthy
11274,16,26.532094955884848,0,0,97316,1.5390682851551944,2,3001,Healthy
46446,95,37.312300769367944,77,7,495278,3.645617990452588,39,192,Critical
16666,31,38.885503743403234,6,0,158076,2.341672889530366,6,2324,Healthy
10277,21,33.13621763563651,3,0,122025,1.7913799200041,0,2936,Healthy
35438,66,34.41493879774088,10,1,337833,2.8786481449382784,5,1164,Degrading
50046,98,32.27416474636709,100,23,514948,3.8463363290507155,45,0,Critical
207,4,24.267835837950926,0,0,26466,1.2788477527056952,4,3451,Healthy
33356,64,32.12305098518915,19,0,333523,2.8579891466295892,1,1166,Degrading
36393,71,39.21832339147486,16,0,336739,3.157392695916104,7,1033,Degrading
27126,53,34.46633146868024,6,11,279985,2.6998100616695857,3,1627,Healthy
6746,11,35.013945939849606,5,0,73051,1.4468421546602865,4,3162,Healthy
20653,38,32.30595387184246,0,0,193751,1.9463415397487536,3,2215,Healthy
46801,96,34.75466034824126,68,18,478753,3.6762795444344967,42,199,Critical
16353,36,33.05148508702979,14,2,150943,1.911474565379819,0,2416,Healthy
1058,0,37.65807587178425,5,3,11156,1.4513331726422238,0,3501,Healthy
22145,41,25.273834733825147,1,0,199488,2.548085566398691,2,2065,Healthy
1813,0,24.172344861700832,0,5,4356,1.3284274872644128,2,3528,Healthy
31176,68,38.04815262721254,0,0,324511,3.0755535770881175,0,1211,Degrading
30558,60,34.20547933689271,2,7,300951,2.7880351622063118,17,1409,Degrading
19816,38,22.525505515856764,9,2,205726,2.089947007728784,0,2146,Healthy
40330,79,35.95924240893305,31,4,416764,3.2289110410750874,13,664,Degrading
25520,54,32.0573911042789,2,0,273599,2.14540387589332,2,1702,Healthy
21871,41,35.0191095671031,4,6,229493,2.0361856923206525,0,2091,Healthy
32801,60,33.70733885067235,2,7,311695,2.7841321510189094,4,1401,Degrading
11806,23,28.460804213686547,6,0,115950,1.6821920956140493,0,2751,Healthy
39517,79,41.01328434286991,29,16,408460,3.042740951336195,9,694,Degrading
36398,70,35.560798790993935,18,0,337686,2.9861300869936187,0,1091,Degrading
50493,96,45.96388975420864,96,20,486379,3.8612928804760336,33,24,Critical
35042,70,43.16894039763394,11,4,347253,3.2940171859392953,1,1024,Degrading
22860,49,36.81792015134092,12,3,247049,2.330952754213858,0,1876,Healthy
10810,20,28.630374131278778,17,0,98877,1.496812453345846,0,2836,Healthy
1938,5,34.97305499932866,10,1,12827,1.115368202806321,0,3506,Healthy
42134,88,28.704380376763545,45,7,424162,2.8657402052977523,17,469,Critical
3111,4,33.86466311079509,6,0,40701,1.5553900693222626,0,3441,Healthy
31404,62,35.36072513377083,0,0,307646,2.595859502774667,11,1479,Degrading
8796,17,21.71735703266394,0,7,97440,1.8278492884721766,11,2961,Healthy
48333,100,40.155857557561475,110,19,493562,3.695046832450836,38,26,Critical
19963,37,22.83818297607663,0,0,183848,2.0328468323962197,0,2294,Healthy
33629,68,38.78400540699046,27,0,353951,2.835288640475926,12,1142,Degrading
23819,54,30.020957692200817,5,0,267975,2.1887504504082025,7,1795,Healthy
47163,94,37.70734960617906,108,29,501746,3.6883590386807352,35,36,Critical
11856,26,33.35699317866583,0,5,130212,1.4228907503919863,0,2747,Healthy
24194,46,42.163567597973014,4,0,228086,2.6871555835123555,6,1946,Healthy
15420,32,34.56491051206318,6,0,138603,1.7203672770543876,2,2577,Healthy
45618,88,39.37092833841475,76,13,455210,3.623148391056402,26,301,Critical
45735,91,43.61505749928429,42,15,447007,3.3915474941601285,22,415,Critical
30170,63,36.03958658392424,13,9,311858,2.805963931500431,0,1377,Degrading
11936,26,27.671549522759754,11,0,125113,1.7383478898558586,4,2709,Healthy
11463,20,25.557527059534024,0,0,114513,1.6187131034576978,1,2907,Healthy
16847,34,35.02464898947131,0,0,166185,1.8968967049294576,2,2381,Healthy
39667,79,34.987765955171255,19,6,371863,3.2253103889401973,7,831,Degrading
34750,73,37.4352404196332,40,13,365072,2.995810930786868,9,934,Degrading
19803,40,26.720906216771915,0,0,223078,1.916606933740159,0,2122,Healthy
1400,3,25.165369237943302,4,0,29194,1.0104316095092192,0,3555,Healthy
20885,45,31.882666083430657,26,0,235234,2.5398705087625033,0,1985,Healthy
25430,49,30.288788152534494,0,2,233249,2.1797745983150567,2,1852,Healthy
37014,76,35.229957828835204,8,1,362139,3.4004019796242684,12,921,Degrading
1144,7,26.016633401025505,10,0,12941,1.2862093415164608,0,3514,Healthy
30377,60,32.974468472084105,0,5,302007,2.7580836869576717,6,1407,Degrading
24188,48,34.26744532124985,1,1,247800,2.6593348157610412,6,1926,Healthy
34914,67,41.13464034643974,0,6,341000,3.383831393220253,3,1227,Degrading
15011,23,31.651147523223994,1,0,156443,1.9238024530356488,0,2646,Healthy
2294,8,37.13911743968421,26,2,42360,1.449215516388936,3,3453,Healthy
45449,95,37.553095391321975,67,18,485177,3.449876898531205,31,171,Critical
5595,7,24.207633474018785,8,0,42345,1.3797713032443046,2,3238,Healthy
48698,94,37.44332241575806,71,14,465692,4.011380942222203,25,222,Critical
44256,93,45.43120885406613,50,6,442280,3.8389122790421126,22,422,Critical
44851,88,39.473007638867564,41,4,446032,3.4511166904990103,25,410,Critical
33234,66,28.38006580254473,12,8,349197,3.0665272971233195,5,1283,Degrading
22595,40,30.945478244430994,0,0,201203,2.6221561030990537,4,2034,Healthy
640,0,27.30995087162647,14,3,0,1.5651491352828362,0,3672,Healthy
17524,35,26.182445408886213,6,0,169054,2.1752559704019223,0,2240,Healthy
37863,74,44.678284353207694,10,8,363778,2.899166954267299,16,951,Degrading
17742,36,32.31800937233681,0,3,171644,2.182733506688626,0,2295,Healthy
4308,9,24.55843819419748,0,11,42616,1.3784258570218066,0,3338,Healthy
37772,78,34.30441205092848,17,4,373641,3.3705806538403307,12,724,Degrading
35027,71,44.50574674110454,13,5,344682,2.5276018363986563,7,1118,Degrading
11248,27,26.935009915206216,0,2,154652,1.770286815254223,2,2667,Healthy
10300,20,33.084182073874985,17,0,105749,1.5233176163130286,0,2850,Healthy
45368,95,44.83206357693452,53,9,468433,3.343681140684629,27,182,Critical
7466,15,37.09699552769425,18,8,79274,1.6255274946718776,0,3102,Healthy
48868,98,38.377289586684185,115,17,495928,3.643457597174694,44,59,Critical
19287,42,29.63062348707061,3,2,194176,1.9392819418066727,1,2170,Healthy
24529,51,26.114837467404612,0,0,257071,2.641868113963568,8,1802,Healthy
7301,19,29.521521835349034,14,8,102846,1.5566241350848307,0,2949,Healthy
23790,43,32.66391604767609,10,2,242815,2.4911852569927544,0,1981,Healthy
21895,36,34.581025708932586,0,7,201322,2.029207651308412,0,2208,Healthy
29559,56,39.406631764739906,11,0,273644,2.9549969575631323,8,1561,Healthy
8320,17,28.913168836409795,12,7,86861,1.5040426443515307,0,3033,Healthy
43286,85,42.047175144813735,45,11,409970,3.310218118437902,22,428,Critical
19278,40,38.17915263575653,17,0,196125,2.2992290526648054,0,2141,Healthy
29158,57,33.84863625601104,12,3,314040,2.6095197184820456,2,1345,Degrading
10782,23,32.90481805922708,0,2,118590,1.550944416405347,0,2800,Healthy
25038,48,44.3510564496081,0,4,249549,2.2893605013131446,3,1819,Healthy
18331,35,36.15652101611488,0,1,173107,1.9319203815036825,5,2384,Healthy
41172,83,40.30972392996552,22,6,418798,3.2789419128609927,13,577,Degrading
42261,76,31.683992316314672,20,7,392502,3.056414596390487,5,773,Degrading
36025,66,29.687126736120845,4,9,333597,2.947703170824873,2,1278,Degrading
43571,85,42.438318198676384,36,14,434372,3.2530022108847327,21,509,Critical
7021,17,26.539975947619837,0,0,79867,1.8071841355677516,0,3010,Healthy
6486,16,23.593080189593657,9,0,68433,1.3918353853659626,1,3232,Healthy
41283,85,45.358484799582605,39,13,445664,3.366323617307242,18,556,Critical
47353,91,42.3686493554507,79,16,475893,3.7125576478482016,33,206,Critical
46323,92,42.70969281054787,48,19,464423,3.3303897912509464,27,332,Critical
3330,8,42.27855857531208,0,4,19175,1.5579132109370049,0,3443,Healthy
12673,25,29.606546182561043,0,3,111258,1.692582085651339,7,2709,Healthy
12491,19,27.454178938322983,0,0,111967,1.688809799573514,0,2785,Healthy
24802,50,37.28508035155311,0,2,254497,2.503542843245417,0,1806,Healthy
18592,41,31.699416173609677,0,2,231131,1.9901675830610122,0,2090,Healthy
44189,87,30.229284127530622,50,5,467002,3.3307358986732334,21,495,Critical
47362,91,35.23759051917572,108,7,473995,3.641214097020737,41,84,Critical
13052,24,22.1953624963696,3,3,116214,1.5191257546195391,0,2760,Healthy
30261,62,39.675145500791174,8,7,297093,2.7398747626087845,3,1440,Degrading
32431,65,30.593081845234256,4,0,328220,3.0302052998717453,0,1315,Degrading
23287,46,40.86474289155167,0,0,241570,2.4693962269862086,4,1801,Healthy
40760,82,33.19601055857076,31,10,419651,3.1192152540442053,18,665,Degrading
33494,69,43.455364189439685,7,7,337630,2.8897575506641218,0,1111,Degrading
29788,57,42.964470406494186,0,0,313638,2.8694925610076623,0,1403,Degrading
33798,65,41.37848915768298,1,0,301233,2.543740431011981,7,1337,Degrading
22893,44,32.04443045305783,7,3,207555,2.402705490729037,0,2016,Healthy
22124,43,34.41858399150722,0,4,208200,2.0041926328265847,0,2017,Healthy
31244,60,39.19655816803572,18,3,318212,2.680442937211433,2,1335,Degrading
47653,91,41.895718879696,51,14,478293,3.314052886205955,24,268,Critical
30200,57,36.39728935572184,27,0,303467,2.6041582065049056,7,1382,Degrading
29919,59,29.928085958876586,9,13,299447,2.648993225671355,5,1423,Degrading
17587,38,39.420008051605905,0,0,168985,2.0689497027899666,3,2369,Healthy
17811,30,41.276215154634876,0,0,165437,1.5656104969198,0,2494,Healthy
43194,86,36.17534773820135,30,3,433234,3.4902913927846804,15,513,Critical
13564,29,35.55094440185071,3,9,116389,1.8447601998227572,4,2707,Healthy
36091,77,41.79131372717631,22,5,382905,3.1697005280154307,18,924,Degrading
48720,97,34.38277738450263,101,13,484576,3.4315724508819123,34,133,Critical
9016,18,29.635238844942602,17,8,72574,1.6997817863759357,0,3022,Healthy
9715,23,28.354245053335625,0,2,99522,1.7066485108393201,3,2837,Healthy
24061,46,39.6258708742193,10,0,209323,2.2541277789879524,3,1949,Healthy
48187,99,38.6070275280793,94,10,486701,3.35934247866612,39,118,Critical
21350,38,41.77728114579466,9,2,198554,1.970761319462535,0,2179,Healthy
10532,22,33.28693195869479,0,0,103184,1.8354052627792938,0,2861,Healthy
29642,62,34.362617407870964,13,5,278117,2.5170761168118623,4,1497,Healthy
20432,38,34.79021218192461,1,0,196783,2.4262673205236855,0,2280,Healthy
796,3,32.59415346039891,0,0,17978,1.2972111116558296,5,3513,Healthy
8885,20,30.808331906378786,0,0,101656,1.9630479322572878,0,2962,Healthy
22287,44,37.88432768757549,0,1,237434,2.5890465997548584,5,2081,Healthy
27906,53,30.781170822391534,0,2,264715,2.430184660300251,1,1747,Healthy
31080,63,38.57447043678358,5,0,308266,2.854562298592309,0,1394,Degrading
6409,9,30.830881943813402,18,0,61877,1.367118267246043,1,3303,Healthy
14449,28,32.125672797604665,9,0,137631,1.8162280623080287,0,2595,Healthy
21295,39,30.55363432504939,0,0,177480,2.060427764528429,4,2198,Healthy
36125,71,38.88595305842739,0,4,347887,3.193970083610421,7,1050,Degrading
21360,41,34.96864080484285,0,6,207406,2.0184935742021612,0,2110,Healthy
23606,44,33.2742624905133,0,6,227805,2.297690218167263,8,1926,Healthy
42433,80,44.56534080119334,46,4,387185,3.5515987683275796,1,616,Degrading
32602,65,31.996820377635604,0,2,351810,2.7351483872188007,4,1241,Degrading
40601,75,33.42351062432702,33,4,389914,3.042749152755012,8,827,Degrading
48854,92,45.72059106934694,73,19,467359,3.4029667713546248,27,133,Critical
29424,55,44.72300784384534,9,0,282920,2.624917320379822,6,1555,Healthy
16789,33,28.984781229271334,16,1,167182,2.080485820385851,0,2473,Healthy
39191,75,38.40568336920403,16,12,417328,3.1591117852583226,13,779,Degrading
35536,71,35.65302407943079,10,7,353685,3.1816478922138063,0,1110,Degrading
24585,41,33.056973112678456,0,0,238911,2.744794574791125,5,1887,Healthy
40456,76,27.811782876503784,28,0,370168,3.0625502485679768,4,813,Degrading
47692,91,39.435928099589795,65,10,457836,3.3097685595401005,21,297,Critical
40016,77,33.648978955783384,35,1,393469,3.0875736238668066,16,803,Degrading
16147,36,21.74214736353087,6,0,179062,2.228551468728509,5,2386,Healthy
34952,66,39.408754370487685,0,8,332648,2.8298930664279554,6,1181,Degrading
43101,87,40.257952002247094,34,5,434557,3.357509340377571,11,477,Critical
4565,9,19.7074538837853,3,0,15996,1.6445240919778636,0,3347,Healthy
17054,31,26.495780704230313,0,0,162260,1.7248069100000771,0,2408,Healthy
32528,61,29.455189196148556,0,6,322516,2.6464469506262733,4,1410,Degrading
46621,90,45.257060902125254,54,8,446437,3.7154692816755563,26,400,Critical
29363,60,35.94397449113127,4,0,299038,2.603928157842459,0,1550,Healthy
31489,64,32.930500952249865,12,3,346222,2.77500724286367,0,1238,Degrading
32499,63,31.637419557774475,13,8,326431,2.946956770041053,2,1259,Degrading
17842,34,34.28549168938112,0,7,178760,2.2645190390160006,4,2274,Healthy
34282,74,37.903913029225755,10,9,348165,2.7041664521943223,5,1013,Degrading
1988,0,25.391685343986545,0,0,0,1.2781532234639101,4,3652,Healthy
21960,44,34.25146636503096,7,3,206561,2.7591625747297015,1,2064,Healthy
25143,50,26.16667263421774,8,0,255404,2.6283805715454998,0,1778,Healthy
44192,87,37.99474025880969,38,8,442959,3.511636415736563,21,449,Critical
8232,14,29.43577704249531,0,0,84528,1.6414180462581165,0,3100,Healthy
34032,65,39.563802107271506,24,0,321882,3.03148680109906,3,1183,Degrading
36393,74,41.8383245995215,0,0,403735,3.0135332564293713,9,897,Degrading
16026,24,31.167087648705465,9,7,127362,1.726445228822324,2,2628,Healthy
35106,71,36.623480317143134,8,3,365572,2.8025545196878614,11,981,Degrading
35836,69,25.4906347625367,6,0,358339,2.721926209652722,4,1029,Degrading
27146,49,35.450915926521745,21,0,262240,2.368395554007497,0,1723,Healthy
44118,88,38.201472953642885,47,0,437870,3.4631035525693865,13,573,Critical
19917,36,30.316067536443573,0,0,203393,2.3538970197005487,0,2215,Healthy
34136,70,42.92403041808693,12,6,350618,3.0980650335672757,10,993,Degrading
43336,84,47.30591985283154,32,19,431230,3.5629573087922584,24,558,Critical
37570,72,40.42859925944794,10,7,369525,2.8646559418855086,2,1027,Degrading
21716,46,29.252621472397593,0,3,210044,2.429420277470834,0,2034,Healthy
21107,45,36.079360371286,23,0,208830,1.8993353229403966,2,2104,Healthy
29689,60,30.838274857716733,0,9,299660,2.814204618678012,5,1424,Degrading
6206,15,36.12406950437554,0,0,74707,1.1663193172742201,0,3042,Healthy
48922,97,34.52788061257871,104,16,513421,4.0575653369018605,48,7,Critical
26320,49,31.5398252299209,24,0,270802,2.343970360569772,0,1680,Healthy
20403,44,36.35421713616301,0,0,235258,1.9276624394961537,1,2036,Healthy
35163,76,39.30429591600474,27,15,353729,2.6918488490598302,8,1027,Degrading
26372,51,40.92449478818979,15,0,256700,2.7324992015597034,0,1734,Healthy
28018,55,33.69133531655439,10,0,288556,2.541257077473145,9,1633,Healthy
32647,63,32.12818980157715,0,0,319208,2.8315982615695727,8,1195,Degrading
43947,89,40.234302224214254,56,11,412924,3.4199755877087767,19,393,Critical
13688,30,31.132668492287372,0,0,140991,1.6204965417336195,0,2514,Healthy
29775,64,46.92680006418655,0,0,315848,2.9488555254939954,1,1400,Degrading
6074,12,31.762797271328676,0,0,81854,1.5919103995775685,0,3148,Healthy
18127,37,32.87895991230402,5,1,206477,2.088630337222594,0,2389,Healthy
28383,55,43.84891833864366,1,2,277035,2.6698693432977025,0,1575,Healthy
12602,23,38.67495710199432,2,3,116192,1.8589054795348336,1,2844,Healthy
15848,34,25.359683904653238,6,0,160245,1.8607253475343306,3,2459,Healthy
10134,24,31.102969635642467,12,0,123973,1.6664842648035625,5,2819,Healthy
21679,45,42.76309199468271,14,0,208675,2.1073812648006625,0,2025,Healthy
39897,81,42.75565164415501,27,6,409968,3.1476220745349175,10,695,Degrading
100,0,28.74110196312934,6,4,9356,1.0309528524643206,0,3569,Healthy
33301,66,31.62626879601122,21,3,329666,2.8149217632534134,5,1271,Degrading
40666,83,37.365462962495286,36,11,417729,3.350716117540035,17,675,Degrading
41522,84,39.979969270187,23,9,452173,3.6192074501834823,11,533,Degrading
45487,87,50.74649348305235,43,17,432005,3.595041728759205,22,477,Critical
23710,47,41.4697331294278,17,0,226817,2.408519911360985,6,1899,Healthy
45009,87,30.18457986410331,36,13,441319,3.1140776891157245,19,294,Critical
37266,73,40.9647344709375,14,5,372399,3.0010880155946866,4,848,Degrading
27043,50,36.885575652550564,0,2,245361,2.66157708252805,0,1831,Healthy
18687,35,44.47236292774685,1,0,206025,2.2204838196156595,3,2283,Healthy
36333,72,42.301408335392196,4,3,369911,3.7275946172146464,7,947,Degrading
8622,17,29.981672163792474,4,2,92532,1.621903217877905,1,3047,Healthy
6018,12,25.019332382159764,0,0,59652,1.5536775664263247,0,3161,Healthy
44917,88,34.01351646446677,52,0,429998,3.292698494652433,19,439,Critical
45105,87,38.287469168741005,53,9,455111,3.2815854775559767,24,344,Critical
18199,42,30.50298166479307,0,5,176658,2.098184732867025,0,2176,Healthy
40686,83,38.993173101479364,35,21,412995,2.8883069928904,0,725,Degrading
20522,37,44.24591525501761,1,6,197565,2.394037961509904,2,2134,Healthy
5155,9,32.94176964128348,0,2,38932,1.4750366964299555,0,3183,Healthy
23964,46,29.770042931708407,3,0,243019,2.642379990073961,7,1839,Healthy
31290,57,42.30467971343437,5,9,305050,2.768743417200447,5,1400,Degrading
42189,86,35.12843355034619,52,10,437410,3.300568833875577,26,433,Critical
37462,77,44.039774001686865,18,11,401225,3.3045221168935144,12,872,Degrading
10065,19,44.024553355455694,1,8,108224,1.6815464698949145,6,2938,Healthy
1995,4,15.793899547428666,0,4,47420,0.9706942428504444,0,3445,Healthy
6654,16,25.669248987095862,0,1,73446,1.5021536193130873,4,3107,Healthy
20652,39,33.80701258828458,0,0,187287,2.4354870153686923,0,2189,Healthy
1248,0,28.67682388301938,0,0,18964,1.2535764022031801,0,3563,Healthy
30247,62,31.960494679237982,6,7,301449,2.7188153205418533,2,1415,Degrading
12412,23,29.832652739001503,7,0,122713,1.8291101026001775,4,2728,Healthy
7997,15,29.286128043831873,0,0,78294,1.470984159021298,0,3066,Healthy
25496,50,39.57081119367911,0,0,265134,2.437769397655714,8,1730,Healthy
43561,87,37.73837353687644,46,14,453807,3.514307211112695,20,376,Critical
11639,20,34.21722522220515,0,0,111038,1.8651576892137296,8,2828,Healthy
14262,22,34.44202486115965,10,0,138406,1.6001301925214035,0,2666,Healthy
39895,82,43.796801815619745,34,16,409387,3.2121556099921196,11,726,Degrading
18275,35,33.644162180287054,0,0,172747,1.8795230757731938,1,2394,Healthy
5308,10,29.343654579225838,9,0,58265,1.5518912051072509,4,3269,Healthy
0,5,16.94845834655465,9,0,0,1.2657915920525682,2,3569,Healthy
20063,37,36.81064804507439,14,0,166510,2.2293386857871234,0,2277,Healthy
33833,68,38.34869633728219,4,0,352427,3.1192427859298117,0,1142,Degrading
30398,60,34.160062347690506,11,4,305269,2.525955109214979,0,1482,Degrading
16323,30,29.86174159652935,13,0,131558,1.8340037695600258,0,2539,Healthy
11014,24,28.820552783746233,14,3,108616,1.7283104864133731,0,2804,Healthy
18243,36,28.129395843347652,4,10,183337,2.0912476051556306,5,2221,Healthy
23593,47,30.888109768942055,16,0,256992,2.3574049064507614,5,1775,Healthy
48462,98,40.7842024253381,90,6,481576,3.3016001532558463,30,133,Critical
29364,57,40.96314160462115,10,0,292536,2.9032489240542194,0,1522,Healthy
15277,30,18.324630031273323,0,2,135899,1.9747647960530348,2,2560,Healthy
46521,90,33.98604460251643,42,7,458490,3.5896794252413837,32,225,Critical
41665,80,31.571639998640137,16,10,414849,2.937403175092657,9,680,Degrading
8563,15,36.22980160289676,10,0,65980,1.370613469925085,0,3134,Healthy
12909,26,32.085022169735275,9,0,147699,1.8387435806326042,1,2701,Healthy
12404,24,35.379061873678516,14,0,106421,1.9070830346518197,4,2801,Healthy
35640,71,26.918637802296267,28,5,362248,3.0480264981457856,9,1059,Degrading
28090,49,41.76782268219138,10,0,262554,2.707316488344018,2,1705,Healthy
10411,21,30.823674326369044,6,6,99335,1.8889637693603976,0,2886,Healthy
20776,45,38.613764295414796,0,3,207909,2.10694696585394,0,2086,Healthy
20656,40,33.637699606846034,0,0,204417,2.1729593624062047,7,2220,Healthy
49361,100,40.91921234825432,103,24,491474,3.814441699500101,49,43,Critical
16259,31,41.60391167229943,0,3,160695,2.2138587488569335,0,2389,Healthy
16413,28,28.740707648588117,16,0,142258,2.1434862503136825,4,2591,Healthy
35810,72,33.95659795398474,13,5,375083,3.081675704553954,9,965,Degrading
47431,97,28.90724617318191,89,13,478038,3.49322282541813,34,93,Critical
4411,7,33.11154878359467,4,0,49259,1.2963048577711762,5,3358,Healthy
33890,68,34.29811800719811,19,5,358698,3.4646869227058184,10,1110,Degrading
636,0,30.127048523174206,5,0,9639,1.1381925945225015,0,3605,Healthy
19355,36,36.45421411785268,0,5,180612,2.1414407231653625,0,2402,Healthy
17494,36,37.84699667505373,12,5,184158,2.298543229503424,0,2345,Healthy
7586,13,36.6659699335518,0,6,68571,1.5802437954299455,11,3091,Healthy
6283,12,32.07520100063893,14,5,47466,1.4093353072898238,0,3156,Healthy
10238,19,39.6194213104599,3,2,81157,1.468815933811872,0,3127,Healthy
50142,97,31.704998611611312,91,16,478609,4.040224858119784,37,23,Critical
48163,96,43.60879338457099,87,21,508840,3.702426263908985,30,175,Critical
47900,93,35.73263179942677,87,10,471380,3.481155883717015,30,212,Critical
16647,34,28.61565718566075,0,2,172219,2.1342620222525084,0,2468,Healthy
20887,39,31.78046009413563,4,0,203860,2.5213991272210206,0,2165,Healthy
30158,61,42.01575419156863,2,10,307857,2.8002427310726445,1,1411,Degrading
20931,46,33.11202416383704,0,0,220974,2.6903263579263235,1,1998,Healthy
30149,63,47.96963904981087,21,1,284961,2.8053258714084,8,1405,Healthy
20461,41,32.414796000639605,0,8,200654,2.345176131712661,3,2076,Healthy
24173,47,29.169562011257103,0,5,247972,2.321992008290667,5,1895,Healthy
11435,25,27.60696189504717,0,5,120351,1.4920727826991076,0,2813,Healthy
16558,30,39.28069132734545,8,2,173042,2.0617779985218205,2,2431,Healthy
37211,73,35.676070527441915,13,0,349698,3.2726283551138424,10,1051,Degrading
20714,42,32.27505198106619,9,0,190044,2.112552795809917,7,2168,Healthy
7298,11,28.009645707453142,14,5,54896,1.1561686549506967,0,3263,Healthy
13573,22,26.45697609509934,5,0,115071,2.1323816170397953,8,2785,Healthy
19429,39,37.49764430472775,19,4,189014,2.1995701328401855,1,2332,Healthy
3784,5,29.815221562121074,0,6,15752,1.3559640504380384,0,3405,Healthy
34098,70,38.47635753983964,7,3,321451,2.5792890582116006,8,1133,Degrading
34284,64,36.3430371636611,15,9,345737,3.101543937864003,10,1168,Degrading
46757,94,41.174573350877345,52,5,459258,3.4275742061641945,29,310,Critical
16759,28,32.13106659130942,2,0,141526,1.9711755343342354,1,2567,Healthy
1233,5,41.82235047307974,6,3,27,1.1859548378222702,4,3560,Healthy
22477,42,19.897824545581308,0,2,218942,2.041275727058892,0,2006,Healthy
15885,30,16.346592397225997,8,0,175798,2.0388876391646917,0,2435,Healthy
4741,2,24.58856830637847,0,0,31080,1.0987262374140008,8,3363,Healthy
46772,91,47.6365437567501,94,8,479674,3.3182020290751875,33,138,Critical
45808,94,45.200862770671414,60,10,485874,3.4733170464488627,24,256,Critical
32631,67,37.80733593305618,15,3,334689,2.5266033505194674,5,1155,Degrading
34547,71,47.841496551826175,0,0,346460,2.9046069441762143,5,1048,Degrading
34232,65,44.186039777508846,0,2,305309,2.886106457239413,0,1207,Degrading
21535,43,42.46354513200663,0,3,224207,2.229817067477835,11,2004,Healthy
15533,32,37.59536610423078,23,5,158684,2.157286234559244,4,2520,Healthy
40739,77,33.409319653508824,34,4,381887,2.918491123619504,9,788,Degrading
45251,89,38.29049006805214,38,11,443700,3.4067349294433322,22,411,Critical
7615,12,33.53798143212541,0,3,79746,1.337509255935434,0,3163,Healthy
34279,65,35.86109360970242,17,1,295473,2.8742513450490255,9,1294,Degrading
29381,61,38.2537955029021,15,2,325579,2.5356859006455768,1,1383,Degrading
12020,25,36.908954786395924,0,2,119685,1.2277781418190945,0,2761,Healthy
43384,86,44.60071505559084,49,19,440679,3.641604045500051,19,416,Critical
12815,28,32.50467059636039,0,0,122221,2.212097863513179,0,2647,Healthy
3727,6,31.936723343434746,2,2,21113,1.1880164015946837,0,3478,Healthy
34349,65,41.50729748750514,18,4,332123,2.8070963895451038,5,1252,Degrading
9263,20,31.192940171457185,1,0,86459,1.4092250127078898,0,2988,Healthy
44774,92,41.77825059700891,68,12,471663,3.6378701942162115,26,263,Critical
46376,96,52.348269010859546,78,14,468439,3.6479894101857266,38,154,Critical
7251,10,29.712204444478747,0,0,73730,1.754761165795268,6,3152,Healthy
5688,11,29.576081709393577,0,0,63724,1.9282076358533002,0,3207,Healthy
4837,8,25.561431463626008,0,0,23096,1.1551135813206206,8,3351,Healthy
9937,17,23.663091702915843,4,1,87203,1.748118993329988,1,3026,Healthy
20635,38,33.231771232909516,14,8,198740,2.509613863941748,0,2152,Healthy
1086,3,33.217408693224186,10,4,25236,1.1577453726924325,0,3547,Healthy
42234,86,32.551047331767336,16,4,400090,3.0393052175387925,20,575,Degrading
38093,73,44.17825504965299,31,5,393002,3.0895987830926344,13,890,Degrading
2326,5,27.06766159046153,1,3,35849,1.1803581783752368,0,3539,Healthy
0,1,34.71347568861625,0,0,17149,1.0275437940587044,8,3625,Healthy
7322,18,34.71678901360239,0,0,128672,1.4695254996315479,1,2900,Healthy
37376,76,40.17654057863159,26,1,383636,3.006172206583843,5,811,Degrading
27817,55,31.968397153718225,4,0,290913,2.839454758521472,0,1615,Healthy
8332,21,32.65479723304056,0,0,90187,1.998630904073874,0,3021,Healthy
1901,3,36.227525592593636,0,7,16058,1.4005874879676383,5,3519,Healthy
15302,36,43.12410094200242,0,0,141457,1.8448093303210502,1,2552,Healthy
15521,29,33.70050402363294,0,0,147398,1.825580829858619,4,2604,Healthy
26256,53,36.92035754144928,10,1,255542,2.6642507467729786,0,1785,Healthy
32496,60,34.32158546923536,21,0,321309,3.0692022938796746,9,1352,Degrading
13374,28,36.40279062482294,1,0,132472,1.8072276706579886,0,2599,Healthy
12490,25,47.23571886640019,0,0,129804,1.961961548793663,0,2793,Healthy
18477,32,31.356522362331603,9,4,168180,2.183480251038315,0,2391,Healthy
31631,67,33.77774233909749,1,0,336091,2.9878095158671822,6,1238,Degrading
8682,19,22.908597241049197,1,5,103625,1.6649596515415332,0,3001,Healthy
24448,48,39.43188194119185,0,5,243099,2.3171032029145993,4,1908,Healthy
20880,46,30.52968477770135,4,0,218894,2.211084350347482,4,2022,Healthy
26632,48,40.98285096563233,0,0,260767,2.6237809374342658,0,1732,Healthy
38840,79,42.3873277235855,20,13,403314,3.059468399532951,9,710,Degrading
9203,19,27.890240131271923,0,0,96052,1.6026247032764136,0,2945,Healthy
38183,78,35.05822599117609,38,5,395338,3.108225415004882,14,807,Degrading
5863,13,26.736534732864914,20,5,84302,1.5253934891907117,0,3035,Healthy
45957,88,39.461820966509926,52,14,442772,3.558629709683713,28,341,Critical
29955,61,31.479083361595656,17,12,323727,2.436479030911788,5,1399,Degrading
21918,40,32.07968039508621,13,0,209464,2.213951835088724,2,2225,Healthy
7890,15,40.23002558667598,0,0,86629,0.9158387553221073,0,2979,Healthy
23239,52,36.835667418944496,8,0,245279,2.3293444038710835,0,1955,Healthy
24794,51,39.97235733297194,9,0,249670,2.6121446983322856,0,1892,Healthy
27737,55,38.666375173667404,9,0,257336,2.5691299844800968,0,1655,Healthy
42586,85,28.535186068520463,35,11,431827,3.4532444806309206,24,568,Critical
18529,38,27.64017406349046,8,0,200066,2.2721653375263933,1,2268,Healthy
50384,99,39.542271355128086,99,16,503319,4.0285822514044245,35,38,Critical
15769,31,37.37275815001837,7,1,155279,1.9282745992045442,0,2445,Healthy
6324,10,33.13235129722134,14,0,54735,0.8914779102302531,0,3291,Healthy
10878,20,46.349698792643444,0,0,108445,1.9261337435886579,0,2787,Healthy
27237,55,34.88190627327116,14,1,287639,2.8358343497762166,0,1642,Healthy
47118,92,42.92323600816223,57,23,481573,3.416520959781964,37,212,Critical
13260,27,29.69078372113319,2,0,135686,2.047149372370723,0,2673,Healthy
18754,33,35.72035058663171,0,7,188129,1.8383215052673496,2,2287,Healthy
7211,20,24.103380891902695,4,0,89261,1.492501511005389,0,2953,Healthy
19680,43,27.985551720858496,16,7,217901,2.0180631168212826,11,2053,Healthy
15816,31,30.589671232109513,14,0,149393,2.154746009705387,9,2414,Healthy
32297,64,41.205529855342704,1,6,297326,2.665703030815118,9,1366,Degrading
